Sale_ID,Sale_Date,Brand,Model,Category,Fuel_Type,Region,City,Salesperson,Units_Sold,Unit_Price,Discount_Pct,Revenue,Profit
SL-7235,2023-01-01,Mahindra,Thar,SUV,Diesel,Central,Nagpur,Kavita Joshi,3,1661000.0,0.02,4883340.0,466091.82
SL-9000,2023-01-01,Tata,Punch,SUV,Petrol,West,Pune,Amit Patel,1,1927000.0,0.0,1927000.0,419745.34
SL-7554,2023-01-01,Toyota,Corolla,Sedan,Diesel,West,Mumbai,Kavita Joshi,3,1709000.0,0.05,4870650.0,417257.77
SL-6293,2023-01-01,Tata,Altroz,Hatchback,CNG,Central,Bhopal,Priya Singh,3,826000.0,0.08,2279760.0,279864.4
SL-6709,2023-01-01,Toyota,Camry,Sedan,Petrol,East,Patna,Priya Singh,2,1758000.0,0.08,3234720.0,418797.49
SL-9030,2023-01-02,Honda,Civic,Sedan,Petrol,North,Lucknow,Priya Singh,2,937000.0,0.02,1836520.0,204298.99
SL-5514,2023-01-02,Mahindra,XUV700,SUV,Electric,Central,Nagpur,Vikram Iyer,1,2473000.0,0.02,2423540.0,267534.43
SL-8765,2023-01-02,Ford,EcoSport,SUV,CNG,West,Ahmedabad,Priya Singh,3,2604000.0,0.05,7421400.0,1225892.66
SL-7298,2023-01-02,Ford,Endeavour,SUV,CNG,North,Lucknow,Arjun Nair,2,2573000.0,0.0,5146000.0,764833.85
SL-9155,2023-01-02,Mahindra,Thar,SUV,Petrol,South,Bengaluru,Priya Singh,1,1499000.0,0.05,1424050.0,188995.67
SL-5118,2023-01-02,Mahindra,XUV700,SUV,Petrol,Central,Nagpur,Rohit Verma,2,1927000.0,0.0,3854000.0,546286.04
SL-6730,2023-01-02,Ford,Endeavour,SUV,Electric,North,Lucknow,Anjali Desai,3,1269000.0,0.02,3730860.0,744818.41
SL-8257,2023-01-02,Mahindra,XUV700,SUV,Diesel,Central,Bhopal,Amit Patel,1,1192000.0,0.1,1072800.0,106144.86
SL-9450,2023-01-02,Maruti Suzuki,Swift,Hatchback,Diesel,North,Delhi,Amit Patel,1,834000.0,0.08,767280.0,67405.11
SL-7387,2023-01-03,Mahindra,Bolero,SUV,Petrol,West,Mumbai,Anjali Desai,1,1207000.0,0.0,1207000.0,149510.44
SL-5129,2023-01-03,Ford,Endeavour,SUV,CNG,South,Chennai,Vikram Iyer,3,1948000.0,0.0,5844000.0,900386.78
SL-9149,2023-01-04,Tata,Punch,SUV,Petrol,Central,Nagpur,Rohit Verma,2,1121000.0,0.08,2062640.0,200927.97
SL-7483,2023-01-04,Honda,CR-V,SUV,Diesel,Central,Bhopal,Neha Gupta,1,1045000.0,0.02,1024100.0,138898.86
SL-8759,2023-01-05,Ford,Endeavour,SUV,Diesel,Central,Nagpur,Amit Patel,1,2774000.0,0.02,2718520.0,516134.73
SL-5329,2023-01-05,Honda,CR-V,SUV,Petrol,East,Bhubaneswar,Priya Singh,3,1403000.0,0.02,4124820.0,367791.43
SL-5052,2023-01-05,Honda,CR-V,SUV,Petrol,South,Bengaluru,Neha Gupta,2,1371000.0,0.0,2742000.0,497426.41
SL-5237,2023-01-05,Maruti Suzuki,Brezza,SUV,Petrol,North,Lucknow,Kavita Joshi,1,1435000.0,0.1,1291500.0,65279.54
SL-7106,2023-01-05,Mahindra,Thar,SUV,Diesel,North,Chandigarh,Sneha Reddy,3,2383000.0,0.05,6791550.0,430223.65
SL-6410,2023-01-05,Mahindra,Scorpio,SUV,Diesel,North,Delhi,Kavita Joshi,1,2666000.0,0.0,2666000.0,504998.75
SL-7354,2023-01-05,Ford,EcoSport,SUV,Diesel,North,Chandigarh,Rahul Sharma,2,2556000.0,0.05,4856400.0,396298.49
SL-8086,2023-01-06,Honda,CR-V,SUV,Diesel,South,Bengaluru,Rohit Verma,2,1321000.0,0.08,2430640.0,365016.83
SL-5620,2023-01-06,Tata,Nexon,SUV,Diesel,West,Ahmedabad,Vikram Iyer,3,2703000.0,0.02,7946820.0,679887.95
SL-8568,2023-01-06,Kia,Carens,MPV,Petrol,North,Delhi,Arjun Nair,1,1322000.0,0.02,1295560.0,235301.96
SL-7628,2023-01-06,Tata,Harrier,SUV,Petrol,South,Hyderabad,Neha Gupta,2,2015000.0,0.0,4030000.0,786357.79
SL-5634,2023-01-07,Toyota,Fortuner,SUV,Diesel,Central,Nagpur,Kavita Joshi,2,2114000.0,0.1,3805200.0,362123.62
SL-6720,2023-01-07,Ford,Figo,Hatchback,Diesel,West,Pune,Rahul Sharma,3,890000.0,0.02,2616600.0,350327.63
SL-7487,2023-01-07,Kia,Sonet,SUV,Petrol,West,Ahmedabad,Rahul Sharma,3,1884000.0,0.0,5652000.0,862791.81
SL-7258,2023-01-07,Kia,Seltos,SUV,Diesel,South,Bengaluru,Vikram Iyer,2,1388000.0,0.0,2776000.0,437401.42
SL-5280,2023-01-07,Honda,City,Sedan,Diesel,Central,Bhopal,Rahul Sharma,3,1506000.0,0.05,4292100.0,630745.84
SL-5534,2023-01-07,Mahindra,Bolero,SUV,Petrol,West,Ahmedabad,Arjun Nair,1,2775000.0,0.02,2719500.0,251523.18
SL-5862,2023-01-08,Maruti Suzuki,Brezza,SUV,Petrol,South,Hyderabad,Rohit Verma,3,1486000.0,0.08,4101360.0,145273.97
SL-5725,2023-01-08,Toyota,Innova,MPV,Petrol,West,Pune,Amit Patel,1,1660000.0,0.05,1577000.0,199289.57
SL-5733,2023-01-08,Toyota,Fortuner,SUV,Diesel,West,Mumbai,Vikram Iyer,1,2003000.0,0.0,2003000.0,398202.08
SL-9225,2023-01-08,Toyota,Corolla,Sedan,Diesel,West,Pune,Amit Patel,1,941000.0,0.0,941000.0,191577.48
SL-5043,2023-01-08,Honda,CR-V,SUV,Petrol,West,Pune,Kavita Joshi,2,2754000.0,0.0,5508000.0,1026847.51
SL-6232,2023-01-08,Honda,Amaze,Sedan,Diesel,West,Ahmedabad,Amit Patel,1,1428000.0,0.0,1428000.0,292038.05
SL-5887,2023-01-09,Toyota,Corolla,Sedan,CNG,North,Delhi,Kavita Joshi,1,1399000.0,0.02,1371020.0,237285.17
SL-6187,2023-01-09,Maruti Suzuki,Swift,Hatchback,Diesel,West,Mumbai,Kavita Joshi,3,643000.0,0.0,1929000.0,265214.02
SL-5375,2023-01-09,Maruti Suzuki,Baleno,Hatchback,CNG,Central,Bhopal,Rohit Verma,1,833000.0,0.0,833000.0,124362.11
SL-9179,2023-01-09,Hyundai,Verna,Sedan,Diesel,East,Bhubaneswar,Kavita Joshi,1,1484000.0,0.02,1454320.0,127031.24
SL-8796,2023-01-09,Toyota,Corolla,Sedan,Petrol,East,Bhubaneswar,Rahul Sharma,2,1592000.0,0.05,3024800.0,458285.58
SL-7909,2023-01-10,Tata,Altroz,Hatchback,Petrol,North,Delhi,Arjun Nair,2,884000.0,0.0,1768000.0,312875.09
SL-6954,2023-01-10,Maruti Suzuki,Baleno,Hatchback,Petrol,West,Ahmedabad,Neha Gupta,2,802000.0,0.05,1523800.0,132578.12
SL-7276,2023-01-10,Honda,Amaze,Sedan,Diesel,South,Hyderabad,Arjun Nair,1,1161000.0,0.05,1102950.0,95167.52
SL-5061,2023-01-10,Ford,Figo,Hatchback,CNG,South,Chennai,Kavita Joshi,2,676000.0,0.02,1324960.0,213799.61
SL-9398,2023-01-10,Ford,Endeavour,SUV,Petrol,South,Bengaluru,Priya Singh,3,2585000.0,0.1,6979500.0,95377.17
SL-5824,2023-01-10,Hyundai,Creta,SUV,Petrol,Central,Nagpur,Amit Patel,2,2448000.0,0.02,4798080.0,528473.37
SL-9097,2023-01-10,Honda,Civic,Sedan,Diesel,North,Chandigarh,Kavita Joshi,3,1191000.0,0.05,3394350.0,429013.19
SL-6673,2023-01-11,Kia,Carens,MPV,Petrol,South,Hyderabad,Neha Gupta,1,1871000.0,0.0,1871000.0,341984.63
SL-6236,2023-01-11,Toyota,Corolla,Sedan,Diesel,North,Lucknow,Neha Gupta,1,1414000.0,0.02,1385720.0,125555.36
SL-7709,2023-01-11,Hyundai,Verna,Sedan,CNG,South,Bengaluru,Sneha Reddy,3,1052000.0,0.05,2998200.0,204230.68
SL-5605,2023-01-11,Kia,Seltos,SUV,Diesel,South,Chennai,Rohit Verma,1,1244000.0,0.02,1219120.0,109988.93
SL-6490,2023-01-11,Toyota,Corolla,Sedan,CNG,South,Bengaluru,Rahul Sharma,1,1615000.0,0.0,1615000.0,213313.93
SL-7147,2023-01-11,Kia,Seltos,SUV,Diesel,South,Chennai,Sneha Reddy,3,2412000.0,0.05,6874200.0,746399.04
SL-6464,2023-01-11,Toyota,Corolla,Sedan,Petrol,West,Mumbai,Priya Singh,1,1640000.0,0.05,1558000.0,172572.37
SL-8179,2023-01-12,Mahindra,Bolero,SUV,Petrol,North,Lucknow,Neha Gupta,3,1250000.0,0.05,3562500.0,418558.87
SL-6300,2023-01-12,Tata,Altroz,Hatchback,Diesel,South,Chennai,Vikram Iyer,3,855000.0,0.02,2513700.0,387729.07
SL-8520,2023-01-12,Ford,Endeavour,SUV,Petrol,South,Chennai,Vikram Iyer,1,1645000.0,0.02,1612100.0,326292.03
SL-7759,2023-01-12,Kia,Carens,MPV,Diesel,North,Delhi,Arjun Nair,1,1513000.0,0.0,1513000.0,201975.41
SL-6708,2023-01-12,Hyundai,Venue,SUV,Petrol,East,Patna,Amit Patel,3,1166000.0,0.0,3498000.0,696182.64
SL-5646,2023-01-12,Toyota,Camry,Sedan,Diesel,North,Lucknow,Amit Patel,2,1763000.0,0.02,3455480.0,473492.68
SL-8849,2023-01-13,Honda,City,Sedan,Diesel,East,Bhubaneswar,Sneha Reddy,1,1231000.0,0.02,1206380.0,227283.67
SL-5761,2023-01-13,Mahindra,XUV700,SUV,Petrol,North,Chandigarh,Kavita Joshi,2,2120000.0,0.05,4028000.0,321941.72
SL-8277,2023-01-13,Toyota,Corolla,Sedan,Petrol,East,Kolkata,Rahul Sharma,3,1627000.0,0.05,4636950.0,454645.21
SL-6553,2023-01-13,Ford,EcoSport,SUV,Diesel,Central,Bhopal,Sneha Reddy,1,2712000.0,0.02,2657760.0,477143.23
SL-5947,2023-01-13,Mahindra,Thar,SUV,CNG,South,Hyderabad,Sneha Reddy,1,2020000.0,0.0,2020000.0,273066.97
SL-5767,2023-01-13,Hyundai,Venue,SUV,Diesel,North,Lucknow,Vikram Iyer,1,1011000.0,0.0,1011000.0,103520.1
SL-7305,2023-01-14,Ford,Endeavour,SUV,Petrol,West,Mumbai,Vikram Iyer,2,1064000.0,0.05,2021600.0,300684.33
SL-7611,2023-01-14,Kia,Carens,MPV,Diesel,Central,Nagpur,Rohit Verma,1,1011000.0,0.08,930120.0,77272.55
SL-8685,2023-01-14,Honda,CR-V,SUV,Diesel,Central,Bhopal,Anjali Desai,3,1050000.0,0.0,3150000.0,356401.64
SL-7550,2023-01-14,Hyundai,Creta,SUV,Petrol,North,Lucknow,Vikram Iyer,3,1385000.0,0.05,3947250.0,704836.24
SL-5380,2023-01-14,Tata,Nexon,SUV,Petrol,West,Mumbai,Rahul Sharma,3,2438000.0,0.0,7314000.0,967002.56
SL-6026,2023-01-14,Maruti Suzuki,Brezza,SUV,Diesel,Central,Nagpur,Priya Singh,2,2520000.0,0.05,4788000.0,279811.24
SL-5296,2023-01-14,Hyundai,Venue,SUV,Petrol,East,Kolkata,Priya Singh,3,2665000.0,0.05,7595250.0,690317.91
SL-6478,2023-01-14,Ford,Figo,Hatchback,Petrol,South,Hyderabad,Priya Singh,3,775000.0,0.0,2325000.0,464471.85
SL-7057,2023-01-15,Toyota,Fortuner,SUV,Diesel,West,Pune,Kavita Joshi,2,1627000.0,0.0,3254000.0,544667.37
SL-9139,2023-01-15,Toyota,Camry,Sedan,Petrol,East,Bhubaneswar,Sneha Reddy,1,1466000.0,0.05,1392700.0,242715.03
SL-8890,2023-01-15,Ford,EcoSport,SUV,Electric,North,Chandigarh,Vikram Iyer,2,1218000.0,0.0,2436000.0,408819.02
SL-7094,2023-01-15,Kia,Carens,MPV,Petrol,North,Delhi,Kavita Joshi,1,1212000.0,0.0,1212000.0,249881.56
SL-8950,2023-01-15,Tata,Altroz,Hatchback,Petrol,West,Pune,Rohit Verma,1,753000.0,0.08,692760.0,54107.35
SL-6434,2023-01-15,Kia,Carens,MPV,Petrol,West,Pune,Sneha Reddy,3,1338000.0,0.0,4014000.0,702829.18
SL-7974,2023-01-15,Ford,Figo,Hatchback,Petrol,Central,Indore,Rahul Sharma,2,625000.0,0.02,1225000.0,115442.47
SL-5055,2023-01-15,Kia,Seltos,SUV,Petrol,Central,Nagpur,Arjun Nair,1,1216000.0,0.05,1155200.0,91564.13
SL-9272,2023-01-15,Hyundai,Verna,Sedan,CNG,South,Hyderabad,Vikram Iyer,2,1788000.0,0.02,3504480.0,459666.58
SL-5009,2023-01-15,Honda,Civic,Sedan,Petrol,West,Mumbai,Amit Patel,3,1183000.0,0.02,3478020.0,479892.48
SL-7512,2023-01-15,Toyota,Innova,MPV,Diesel,West,Ahmedabad,Vikram Iyer,2,1577000.0,0.0,3154000.0,624215.56
SL-8024,2023-01-15,Tata,Nexon,SUV,Diesel,North,Lucknow,Neha Gupta,1,1342000.0,0.02,1315160.0,254002.08
SL-8050,2023-01-16,Ford,EcoSport,SUV,Diesel,South,Chennai,Priya Singh,2,1092000.0,0.05,2074800.0,115417.4
SL-6558,2023-01-16,Maruti Suzuki,Baleno,Hatchback,CNG,East,Bhubaneswar,Kavita Joshi,1,730000.0,0.0,730000.0,132937.2
SL-9027,2023-01-16,Honda,Civic,Sedan,Petrol,South,Bengaluru,Amit Patel,1,1223000.0,0.0,1223000.0,132247.75
SL-8441,2023-01-16,Ford,Figo,Hatchback,Electric,North,Delhi,Rahul Sharma,3,612000.0,0.0,1836000.0,368553.91
SL-6472,2023-01-17,Honda,City,Sedan,Electric,West,Pune,Amit Patel,3,1037000.0,0.05,2955450.0,427762.95
SL-6589,2023-01-17,Mahindra,Scorpio,SUV,CNG,South,Hyderabad,Sneha Reddy,1,1712000.0,0.05,1626400.0,116839.67
SL-8331,2023-01-17,Honda,Civic,Sedan,Petrol,East,Patna,Priya Singh,2,960000.0,0.0,1920000.0,277158.15
SL-6425,2023-01-17,Mahindra,XUV700,SUV,Diesel,West,Ahmedabad,Anjali Desai,2,1418000.0,0.0,2836000.0,551147.59
SL-6750,2023-01-17,Mahindra,Bolero,SUV,Diesel,South,Bengaluru,Rohit Verma,2,2302000.0,0.02,4511920.0,805726.38
SL-6269,2023-01-17,Hyundai,Venue,SUV,Electric,West,Mumbai,Priya Singh,2,1240000.0,0.08,2281600.0,191358.88
SL-5671,2023-01-18,Maruti Suzuki,Ertiga,MPV,Petrol,East,Bhubaneswar,Rohit Verma,3,1294000.0,0.0,3882000.0,415900.1
SL-7184,2023-01-18,Kia,Seltos,SUV,Diesel,North,Delhi,Sneha Reddy,1,2017000.0,0.02,1976660.0,195836.49
SL-6632,2023-01-18,Hyundai,Venue,SUV,Petrol,Central,Indore,Priya Singh,3,1194000.0,0.0,3582000.0,522252.6
SL-6820,2023-01-18,Tata,Altroz,Hatchback,Diesel,West,Pune,Kavita Joshi,1,675000.0,0.05,641250.0,89466.76
SL-6246,2023-01-18,Kia,Seltos,SUV,Diesel,North,Lucknow,Rohit Verma,3,1047000.0,0.08,2889720.0,154348.76
SL-8276,2023-01-18,Kia,Sonet,SUV,Diesel,South,Hyderabad,Anjali Desai,1,1538000.0,0.02,1507240.0,241148.7
SL-5074,2023-01-18,Toyota,Camry,Sedan,Diesel,East,Patna,Priya Singh,1,1261000.0,0.0,1261000.0,265994.83
SL-6642,2023-01-19,Maruti Suzuki,Ertiga,MPV,Petrol,Central,Nagpur,Rohit Verma,2,1266000.0,0.1,2278800.0,154051.57
SL-8780,2023-01-19,Ford,Figo,Hatchback,Diesel,North,Lucknow,Vikram Iyer,2,741000.0,0.1,1333800.0,162825.97
SL-7265,2023-01-19,Toyota,Fortuner,SUV,Diesel,Central,Indore,Anjali Desai,1,2023000.0,0.0,2023000.0,419542.12
SL-8019,2023-01-19,Toyota,Innova,MPV,Diesel,North,Chandigarh,Amit Patel,3,1412000.0,0.05,4024200.0,537471.64
SL-9289,2023-01-19,Hyundai,Creta,SUV,Diesel,West,Ahmedabad,Kavita Joshi,1,2385000.0,0.02,2337300.0,335790.85
SL-7026,2023-01-19,Ford,Figo,Hatchback,CNG,North,Lucknow,Rahul Sharma,3,734000.0,0.05,2091900.0,119348.34
SL-8880,2023-01-19,Tata,Nexon,SUV,Petrol,East,Kolkata,Rohit Verma,2,1982000.0,0.08,3646880.0,275949.04
SL-7467,2023-01-19,Honda,City,Sedan,Petrol,East,Patna,Arjun Nair,3,998000.0,0.05,2844300.0,224019.69
SL-5452,2023-01-19,Ford,Figo,Hatchback,Petrol,North,Delhi,Sneha Reddy,3,846000.0,0.08,2334960.0,215114.17
SL-9100,2023-01-20,Kia,Carens,MPV,Petrol,West,Mumbai,Kavita Joshi,1,1836000.0,0.0,1836000.0,383092.28
SL-9131,2023-01-20,Ford,Endeavour,SUV,Petrol,South,Chennai,Rahul Sharma,1,1112000.0,0.0,1112000.0,168025.07
SL-7728,2023-01-20,Ford,Endeavour,SUV,CNG,East,Bhubaneswar,Neha Gupta,1,2746000.0,0.0,2746000.0,425253.25
SL-7180,2023-01-20,Toyota,Corolla,Sedan,Diesel,West,Pune,Priya Singh,2,1712000.0,0.05,3252800.0,308331.91
SL-8291,2023-01-20,Kia,Sonet,SUV,Diesel,West,Ahmedabad,Sneha Reddy,2,2510000.0,0.0,5020000.0,1104041.72
SL-8079,2023-01-21,Kia,Carens,MPV,Petrol,North,Chandigarh,Rohit Verma,2,1138000.0,0.02,2230480.0,284449.41
SL-6470,2023-01-21,Ford,Endeavour,SUV,Petrol,East,Bhubaneswar,Amit Patel,3,1261000.0,0.0,3783000.0,663719.67
SL-8573,2023-01-21,Toyota,Innova,MPV,Petrol,North,Delhi,Kavita Joshi,2,1068000.0,0.02,2093280.0,373389.47
SL-8233,2023-01-21,Toyota,Camry,Sedan,Diesel,North,Chandigarh,Anjali Desai,2,1259000.0,0.02,2467640.0,306904.62
SL-7540,2023-01-21,Ford,EcoSport,SUV,CNG,Central,Bhopal,Vikram Iyer,1,1100000.0,0.05,1045000.0,106090.93
SL-8828,2023-01-22,Ford,Figo,Hatchback,Diesel,West,Mumbai,Neha Gupta,2,818000.0,0.08,1505120.0,93549.74
SL-5327,2023-01-22,Tata,Altroz,Hatchback,Petrol,Central,Nagpur,Rahul Sharma,2,663000.0,0.02,1299480.0,236133.17
SL-8973,2023-01-22,Hyundai,Creta,SUV,Petrol,North,Delhi,Amit Patel,3,2435000.0,0.0,7305000.0,1413494.29
SL-9118,2023-01-22,Honda,CR-V,SUV,Petrol,East,Patna,Anjali Desai,3,1364000.0,0.0,4092000.0,689863.59
SL-8223,2023-01-22,Maruti Suzuki,Ertiga,MPV,Petrol,East,Patna,Neha Gupta,2,1740000.0,0.0,3480000.0,377129.6
SL-8457,2023-01-22,Hyundai,Venue,SUV,Diesel,Central,Bhopal,Kavita Joshi,3,1470000.0,0.05,4189500.0,509379.18
SL-7646,2023-01-22,Honda,CR-V,SUV,Diesel,South,Hyderabad,Kavita Joshi,3,1120000.0,0.05,3192000.0,551575.44
SL-6949,2023-01-22,Hyundai,Venue,SUV,Diesel,West,Mumbai,Arjun Nair,2,1154000.0,0.02,2261840.0,418412.2
SL-7292,2023-01-22,Kia,Carens,MPV,Diesel,West,Mumbai,Sneha Reddy,1,1216000.0,0.05,1155200.0,117318.46
SL-8953,2023-01-22,Toyota,Camry,Sedan,CNG,West,Mumbai,Kavita Joshi,3,1150000.0,0.05,3277500.0,179896.86
SL-7618,2023-01-23,Honda,Amaze,Sedan,Diesel,Central,Indore,Vikram Iyer,2,918000.0,0.0,1836000.0,198713.08
SL-5554,2023-01-23,Tata,Punch,SUV,Petrol,North,Delhi,Amit Patel,3,2244000.0,0.0,6732000.0,825505.36
SL-6440,2023-01-23,Toyota,Fortuner,SUV,Diesel,South,Hyderabad,Priya Singh,3,2104000.0,0.05,5996400.0,1016044.14
SL-5885,2023-01-23,Maruti Suzuki,Baleno,Hatchback,CNG,East,Patna,Neha Gupta,1,773000.0,0.0,773000.0,165840.67
SL-5907,2023-01-23,Toyota,Camry,Sedan,Petrol,East,Kolkata,Arjun Nair,3,1418000.0,0.0,4254000.0,497739.44
SL-8891,2023-01-23,Tata,Nexon,SUV,Diesel,South,Hyderabad,Rahul Sharma,3,1387000.0,0.02,4077780.0,829042.26
SL-9404,2023-01-23,Honda,Civic,Sedan,CNG,South,Chennai,Neha Gupta,3,1166000.0,0.02,3428040.0,415134.25
SL-9341,2023-01-24,Toyota,Camry,Sedan,Petrol,Central,Nagpur,Vikram Iyer,3,1541000.0,0.0,4623000.0,725439.95
SL-7953,2023-01-24,Honda,Civic,Sedan,Petrol,East,Kolkata,Neha Gupta,3,1044000.0,0.0,3132000.0,368767.91
SL-8308,2023-01-24,Toyota,Fortuner,SUV,Diesel,East,Kolkata,Sneha Reddy,2,1841000.0,0.1,3313800.0,392604.79
SL-6497,2023-01-24,Kia,Seltos,SUV,Petrol,South,Bengaluru,Arjun Nair,1,1923000.0,0.0,1923000.0,421559.8
SL-7105,2023-01-24,Mahindra,Bolero,SUV,Petrol,West,Ahmedabad,Rahul Sharma,1,2471000.0,0.0,2471000.0,307772.98
SL-7590,2023-01-24,Ford,Figo,Hatchback,Diesel,North,Chandigarh,Rohit Verma,2,651000.0,0.0,1302000.0,184400.16
SL-9214,2023-01-24,Honda,City,Sedan,CNG,West,Mumbai,Rahul Sharma,1,1522000.0,0.08,1400240.0,206229.21
SL-9235,2023-01-24,Hyundai,Creta,SUV,Diesel,East,Patna,Sneha Reddy,3,1676000.0,0.02,4927440.0,726715.08
SL-6289,2023-01-24,Hyundai,i20,Hatchback,CNG,East,Kolkata,Arjun Nair,2,809000.0,0.0,1618000.0,184868.3
SL-6904,2023-01-24,Tata,Harrier,SUV,Diesel,South,Bengaluru,Amit Patel,1,2350000.0,0.0,2350000.0,307649.86
SL-5811,2023-01-25,Ford,Figo,Hatchback,CNG,Central,Nagpur,Sneha Reddy,1,847000.0,0.0,847000.0,127787.14
SL-5436,2023-01-25,Hyundai,Verna,Sedan,Petrol,South,Bengaluru,Sneha Reddy,2,1547000.0,0.0,3094000.0,524106.54
SL-5372,2023-01-25,Mahindra,XUV700,SUV,Diesel,Central,Indore,Arjun Nair,1,2029000.0,0.02,1988420.0,219856.21
SL-9304,2023-01-25,Mahindra,Thar,SUV,Petrol,West,Mumbai,Priya Singh,1,1118000.0,0.05,1062100.0,169843.61
SL-5281,2023-01-25,Tata,Punch,SUV,CNG,North,Delhi,Rohit Verma,1,1514000.0,0.0,1514000.0,177748.32
SL-5377,2023-01-25,Honda,Civic,Sedan,Diesel,Central,Indore,Priya Singh,1,950000.0,0.02,931000.0,187263.42
SL-6024,2023-01-25,Tata,Punch,SUV,Petrol,Central,Nagpur,Rahul Sharma,3,1932000.0,0.02,5680080.0,895390.1
SL-6511,2023-01-25,Kia,Seltos,SUV,Petrol,Central,Nagpur,Priya Singh,1,1855000.0,0.02,1817900.0,289046.8
SL-6378,2023-01-26,Honda,Civic,Sedan,Diesel,Central,Bhopal,Rohit Verma,3,1131000.0,0.02,3325140.0,285818.63
SL-8806,2023-01-26,Hyundai,Venue,SUV,Electric,North,Chandigarh,Kavita Joshi,1,2013000.0,0.0,2013000.0,287769.37
SL-7411,2023-01-26,Hyundai,Creta,SUV,Diesel,North,Chandigarh,Vikram Iyer,3,1715000.0,0.05,4887750.0,355852.61
SL-6772,2023-01-26,Tata,Punch,SUV,CNG,North,Lucknow,Neha Gupta,3,2123000.0,0.02,6241620.0,1142961.62
SL-6901,2023-01-27,Hyundai,i20,Hatchback,Diesel,South,Bengaluru,Vikram Iyer,2,842000.0,0.02,1650320.0,267943.39
SL-6106,2023-01-27,Toyota,Corolla,Sedan,Electric,North,Delhi,Anjali Desai,2,1398000.0,0.0,2796000.0,361754.4
SL-8306,2023-01-27,Toyota,Innova,MPV,Petrol,North,Lucknow,Arjun Nair,1,1283000.0,0.0,1283000.0,224362.89
SL-5462,2023-01-27,Maruti Suzuki,Baleno,Hatchback,Diesel,East,Patna,Rahul Sharma,2,860000.0,0.0,1720000.0,324223.09
SL-7667,2023-01-28,Tata,Altroz,Hatchback,Electric,South,Chennai,Rahul Sharma,2,736000.0,0.02,1442560.0,166247.66
SL-8935,2023-01-28,Kia,Seltos,SUV,Electric,East,Bhubaneswar,Priya Singh,2,1047000.0,0.05,1989300.0,255752.93
SL-5054,2023-01-28,Mahindra,Scorpio,SUV,Petrol,South,Bengaluru,Anjali Desai,3,2611000.0,0.0,7833000.0,908112.61
SL-6704,2023-01-28,Mahindra,Scorpio,SUV,Diesel,Central,Bhopal,Amit Patel,3,2177000.0,0.02,6400380.0,641767.6
SL-5119,2023-01-28,Honda,Amaze,Sedan,Diesel,Central,Bhopal,Rahul Sharma,3,1773000.0,0.02,5212620.0,852599.94
SL-6872,2023-01-29,Maruti Suzuki,Baleno,Hatchback,Diesel,Central,Indore,Amit Patel,3,798000.0,0.0,2394000.0,440203.07
SL-8776,2023-01-29,Tata,Harrier,SUV,Petrol,South,Bengaluru,Amit Patel,1,1225000.0,0.0,1225000.0,168218.1
SL-5560,2023-01-29,Honda,City,Sedan,Diesel,Central,Bhopal,Rahul Sharma,1,972000.0,0.08,894240.0,28048.85
SL-9352,2023-01-29,Kia,Seltos,SUV,Petrol,East,Kolkata,Rohit Verma,2,2048000.0,0.0,4096000.0,833913.95
SL-7344,2023-01-29,Mahindra,Bolero,SUV,Petrol,Central,Bhopal,Neha Gupta,1,1558000.0,0.05,1480100.0,89721.82
SL-5711,2023-01-29,Honda,City,Sedan,Petrol,North,Chandigarh,Amit Patel,3,1448000.0,0.08,3996480.0,436461.8
SL-6519,2023-01-29,Tata,Altroz,Hatchback,Electric,West,Pune,Anjali Desai,2,886000.0,0.0,1772000.0,308809.13
SL-8192,2023-01-29,Tata,Punch,SUV,Petrol,North,Chandigarh,Sneha Reddy,3,2373000.0,0.05,6763050.0,460962.73
SL-5091,2023-01-29,Tata,Nexon,SUV,Diesel,Central,Nagpur,Vikram Iyer,3,1717000.0,0.02,5047980.0,574285.63
SL-6562,2023-01-29,Toyota,Fortuner,SUV,Petrol,Central,Indore,Neha Gupta,1,2782000.0,0.0,2782000.0,338637.27
SL-6685,2023-01-30,Toyota,Fortuner,SUV,Diesel,West,Pune,Sneha Reddy,3,1868000.0,0.02,5491920.0,873736.78
SL-9121,2023-01-30,Kia,Seltos,SUV,CNG,West,Mumbai,Priya Singh,2,1292000.0,0.08,2377280.0,110734.33
SL-7367,2023-01-30,Hyundai,Creta,SUV,Diesel,East,Bhubaneswar,Sneha Reddy,2,2287000.0,0.08,4208080.0,205810.87
SL-7242,2023-01-30,Mahindra,Scorpio,SUV,Diesel,West,Mumbai,Rohit Verma,2,2319000.0,0.0,4638000.0,879312.13
SL-9053,2023-01-30,Tata,Nexon,SUV,Diesel,North,Delhi,Arjun Nair,1,1503000.0,0.0,1503000.0,294727.27
SL-8433,2023-01-30,Ford,EcoSport,SUV,Petrol,East,Kolkata,Kavita Joshi,1,2149000.0,0.0,2149000.0,453099.33
SL-5642,2023-01-31,Toyota,Innova,MPV,Diesel,North,Delhi,Sneha Reddy,2,1276000.0,0.05,2424400.0,409016.32
SL-7332,2023-01-31,Hyundai,Venue,SUV,Petrol,East,Bhubaneswar,Amit Patel,3,1579000.0,0.02,4642260.0,940971.69
SL-5650,2023-01-31,Mahindra,XUV700,SUV,CNG,West,Ahmedabad,Kavita Joshi,2,1169000.0,0.05,2221100.0,313842.08
SL-6119,2023-01-31,Honda,Civic,Sedan,Diesel,East,Patna,Sneha Reddy,1,936000.0,0.05,889200.0,129884.99
SL-5222,2023-01-31,Toyota,Fortuner,SUV,Diesel,South,Chennai,Sneha Reddy,1,1435000.0,0.05,1363250.0,148809.33
SL-6838,2023-01-31,Maruti Suzuki,Swift,Hatchback,Petrol,East,Bhubaneswar,Priya Singh,2,698000.0,0.08,1284320.0,57376.29
SL-8621,2023-01-31,Honda,City,Sedan,Petrol,East,Kolkata,Kavita Joshi,2,1297000.0,0.05,2464300.0,234757.23
SL-7397,2023-01-31,Ford,EcoSport,SUV,CNG,Central,Bhopal,Kavita Joshi,2,1216000.0,0.0,2432000.0,365653.14
SL-6566,2023-01-31,Mahindra,XUV700,SUV,Diesel,South,Bengaluru,Priya Singh,1,1216000.0,0.1,1094400.0,40441.12
SL-6235,2023-02-01,Ford,Endeavour,SUV,Diesel,East,Patna,Sneha Reddy,2,1992000.0,0.05,3784800.0,277356.43
SL-5989,2023-02-01,Honda,Civic,Sedan,Diesel,North,Chandigarh,Rohit Verma,1,903000.0,0.05,857850.0,85492.38
SL-8461,2023-02-01,Hyundai,Verna,Sedan,Diesel,Central,Bhopal,Rohit Verma,3,1484000.0,0.05,4229400.0,486480.77
SL-8689,2023-02-02,Honda,CR-V,SUV,Diesel,South,Chennai,Arjun Nair,1,2661000.0,0.0,2661000.0,498250.06
SL-7270,2023-02-03,Kia,Seltos,SUV,Petrol,West,Mumbai,Neha Gupta,3,1523000.0,0.02,4477620.0,711652.23
SL-7201,2023-02-03,Mahindra,Bolero,SUV,Petrol,South,Bengaluru,Neha Gupta,3,1887000.0,0.0,5661000.0,687595.39
SL-7668,2023-02-03,Tata,Altroz,Hatchback,Diesel,North,Chandigarh,Kavita Joshi,2,869000.0,0.0,1738000.0,246958.75
SL-7249,2023-02-03,Hyundai,Venue,SUV,Diesel,South,Hyderabad,Anjali Desai,2,2194000.0,0.05,4168600.0,684199.84
SL-7939,2023-02-04,Honda,City,Sedan,CNG,West,Pune,Vikram Iyer,1,1029000.0,0.02,1008420.0,180305.58
SL-7836,2023-02-04,Toyota,Corolla,Sedan,Petrol,East,Kolkata,Arjun Nair,1,1412000.0,0.02,1383760.0,162676.95
SL-6622,2023-02-04,Maruti Suzuki,Ertiga,MPV,CNG,West,Ahmedabad,Priya Singh,3,1730000.0,0.02,5086200.0,882443.86
SL-8551,2023-02-04,Tata,Punch,SUV,Diesel,Central,Bhopal,Neha Gupta,3,1387000.0,0.02,4077780.0,772189.89
SL-8094,2023-02-04,Mahindra,XUV700,SUV,Petrol,West,Ahmedabad,Vikram Iyer,2,2138000.0,0.1,3848400.0,329880.0
SL-7281,2023-02-04,Maruti Suzuki,Baleno,Hatchback,Petrol,West,Ahmedabad,Neha Gupta,2,734000.0,0.0,1468000.0,236305.4
SL-8339,2023-02-04,Toyota,Innova,MPV,Petrol,Central,Bhopal,Neha Gupta,2,1713000.0,0.08,3151920.0,132341.14
SL-6039,2023-02-05,Honda,Amaze,Sedan,Electric,Central,Nagpur,Priya Singh,1,1172000.0,0.02,1148560.0,98228.41
SL-5831,2023-02-05,Hyundai,Verna,Sedan,Diesel,North,Chandigarh,Rahul Sharma,3,1097000.0,0.02,3225180.0,387400.5
SL-8452,2023-02-05,Kia,Carens,MPV,Petrol,Central,Nagpur,Rahul Sharma,2,1815000.0,0.05,3448500.0,349647.09
SL-8665,2023-02-05,Toyota,Camry,Sedan,Diesel,Central,Bhopal,Priya Singh,2,1534000.0,0.05,2914600.0,228346.42
SL-8590,2023-02-05,Maruti Suzuki,Baleno,Hatchback,Petrol,South,Bengaluru,Neha Gupta,1,631000.0,0.05,599450.0,96367.08
SL-7004,2023-02-05,Ford,Figo,Hatchback,Petrol,North,Delhi,Vikram Iyer,2,606000.0,0.02,1187760.0,186701.1
SL-8969,2023-02-06,Tata,Altroz,Hatchback,Petrol,South,Chennai,Priya Singh,1,831000.0,0.02,814380.0,147356.66
SL-6761,2023-02-06,Hyundai,Venue,SUV,Petrol,Central,Indore,Neha Gupta,3,2468000.0,0.05,7033800.0,651084.31
SL-8989,2023-02-06,Hyundai,Verna,Sedan,Petrol,West,Pune,Kavita Joshi,2,1139000.0,0.02,2232440.0,221543.04
SL-8489,2023-02-06,Hyundai,Verna,Sedan,Petrol,South,Chennai,Vikram Iyer,2,1707000.0,0.08,3140880.0,288851.29
SL-6587,2023-02-06,Ford,EcoSport,SUV,Diesel,West,Mumbai,Priya Singh,2,2601000.0,0.05,4941900.0,280286.5
SL-7134,2023-02-07,Hyundai,Verna,Sedan,Petrol,North,Lucknow,Vikram Iyer,3,1077000.0,0.0,3231000.0,621706.82
SL-5097,2023-02-07,Kia,Carens,MPV,Petrol,Central,Nagpur,Priya Singh,1,1759000.0,0.02,1723820.0,226754.56
SL-5977,2023-02-07,Toyota,Camry,Sedan,CNG,North,Delhi,Rahul Sharma,1,1118000.0,0.0,1118000.0,127500.01
SL-6417,2023-02-07,Mahindra,Thar,SUV,Petrol,North,Chandigarh,Arjun Nair,2,1732000.0,0.02,3394720.0,410054.83
SL-6377,2023-02-07,Toyota,Innova,MPV,CNG,South,Bengaluru,Kavita Joshi,1,1363000.0,0.0,1363000.0,162464.95
SL-5541,2023-02-07,Kia,Sonet,SUV,Petrol,Central,Indore,Kavita Joshi,2,2600000.0,0.0,5200000.0,970825.77
SL-6064,2023-02-08,Honda,Civic,Sedan,Diesel,North,Lucknow,Neha Gupta,1,914000.0,0.05,868300.0,52202.15
SL-5868,2023-02-08,Maruti Suzuki,Brezza,SUV,Petrol,West,Mumbai,Sneha Reddy,3,1434000.0,0.02,4215960.0,353753.95
SL-6455,2023-02-08,Tata,Harrier,SUV,Diesel,East,Kolkata,Sneha Reddy,2,2489000.0,0.02,4878440.0,643314.34
SL-6513,2023-02-08,Hyundai,Venue,SUV,Diesel,North,Chandigarh,Arjun Nair,1,1894000.0,0.02,1856120.0,349204.93
SL-5645,2023-02-08,Tata,Punch,SUV,Petrol,South,Bengaluru,Rahul Sharma,2,2731000.0,0.05,5188900.0,741579.45
SL-6860,2023-02-08,Toyota,Innova,MPV,Petrol,Central,Indore,Rohit Verma,3,1355000.0,0.1,3658500.0,235462.77
SL-5065,2023-02-08,Hyundai,Creta,SUV,Petrol,East,Patna,Amit Patel,3,2116000.0,0.02,6221040.0,509597.67
SL-8787,2023-02-08,Toyota,Corolla,Sedan,Diesel,West,Mumbai,Vikram Iyer,1,1250000.0,0.08,1150000.0,59647.81
SL-7133,2023-02-08,Hyundai,Creta,SUV,Electric,West,Pune,Anjali Desai,3,2286000.0,0.0,6858000.0,1461245.35
SL-8478,2023-02-08,Maruti Suzuki,Ertiga,MPV,Petrol,North,Lucknow,Neha Gupta,3,1516000.0,0.0,4548000.0,589488.51
SL-8769,2023-02-08,Ford,Endeavour,SUV,Petrol,West,Ahmedabad,Vikram Iyer,3,1449000.0,0.0,4347000.0,539500.75
SL-7451,2023-02-09,Hyundai,Verna,Sedan,Petrol,East,Patna,Neha Gupta,3,1636000.0,0.0,4908000.0,842184.45
SL-5471,2023-02-09,Tata,Punch,SUV,Petrol,Central,Indore,Amit Patel,2,1313000.0,0.02,2573480.0,516666.19
SL-7373,2023-02-09,Toyota,Camry,Sedan,Petrol,South,Chennai,Kavita Joshi,3,1273000.0,0.0,3819000.0,681777.69
SL-5284,2023-02-09,Hyundai,Verna,Sedan,Petrol,West,Ahmedabad,Sneha Reddy,1,1736000.0,0.0,1736000.0,250264.12
SL-5999,2023-02-09,Toyota,Fortuner,SUV,Petrol,North,Lucknow,Anjali Desai,2,1874000.0,0.0,3748000.0,789660.61
SL-9093,2023-02-09,Maruti Suzuki,Baleno,Hatchback,Petrol,West,Pune,Sneha Reddy,1,880000.0,0.05,836000.0,62129.36
SL-7502,2023-02-09,Honda,City,Sedan,Diesel,Central,Bhopal,Rahul Sharma,2,954000.0,0.0,1908000.0,392316.84
SL-5536,2023-02-10,Kia,Seltos,SUV,Petrol,South,Bengaluru,Sneha Reddy,2,1517000.0,0.02,2973320.0,406600.81
SL-7591,2023-02-10,Toyota,Camry,Sedan,Diesel,West,Pune,Sneha Reddy,3,1094000.0,0.0,3282000.0,387299.9
SL-6422,2023-02-10,Mahindra,XUV700,SUV,CNG,South,Hyderabad,Vikram Iyer,2,2257000.0,0.0,4514000.0,665233.19
SL-8437,2023-02-10,Kia,Carens,MPV,Diesel,North,Lucknow,Amit Patel,1,1684000.0,0.0,1684000.0,368082.14
SL-9224,2023-02-10,Honda,CR-V,SUV,Petrol,East,Kolkata,Neha Gupta,2,1023000.0,0.0,2046000.0,389292.64
SL-7028,2023-02-10,Ford,EcoSport,SUV,Petrol,Central,Bhopal,Rahul Sharma,2,2368000.0,0.05,4499200.0,622811.02
SL-9071,2023-02-11,Hyundai,Venue,SUV,Petrol,North,Lucknow,Rahul Sharma,1,2708000.0,0.0,2708000.0,579514.59
SL-7328,2023-02-11,Tata,Punch,SUV,Electric,East,Kolkata,Neha Gupta,1,2001000.0,0.0,2001000.0,247887.48
SL-5694,2023-02-11,Ford,EcoSport,SUV,Diesel,East,Kolkata,Rohit Verma,2,1955000.0,0.0,3910000.0,445312.16
SL-5081,2023-02-11,Maruti Suzuki,Swift,Hatchback,Diesel,South,Bengaluru,Vikram Iyer,1,849000.0,0.0,849000.0,112185.04
SL-7645,2023-02-11,Honda,Civic,Sedan,Petrol,East,Patna,Arjun Nair,3,1264000.0,0.02,3716160.0,530049.47
SL-7557,2023-02-11,Ford,Figo,Hatchback,Petrol,Central,Bhopal,Sneha Reddy,2,810000.0,0.0,1620000.0,309511.04
SL-5924,2023-02-11,Kia,Sonet,SUV,Diesel,South,Bengaluru,Rahul Sharma,2,1898000.0,0.0,3796000.0,649331.6
SL-8831,2023-02-11,Maruti Suzuki,Swift,Hatchback,Petrol,Central,Bhopal,Arjun Nair,1,853000.0,0.05,810350.0,122899.22
SL-7081,2023-02-11,Ford,EcoSport,SUV,Diesel,West,Ahmedabad,Rahul Sharma,1,2098000.0,0.05,1993100.0,157346.42
SL-7388,2023-02-12,Kia,Sonet,SUV,Electric,South,Hyderabad,Neha Gupta,3,1164000.0,0.02,3422160.0,498365.38
SL-7129,2023-02-12,Hyundai,Venue,SUV,Petrol,North,Delhi,Amit Patel,3,1637000.0,0.08,4518120.0,663964.59
SL-8965,2023-02-12,Toyota,Fortuner,SUV,Diesel,South,Hyderabad,Amit Patel,1,2081000.0,0.02,2039380.0,385319.63
SL-9096,2023-02-12,Ford,Figo,Hatchback,Diesel,East,Patna,Sneha Reddy,3,672000.0,0.08,1854720.0,103394.71
SL-6307,2023-02-12,Kia,Carens,MPV,Petrol,Central,Indore,Kavita Joshi,1,1367000.0,0.08,1257640.0,123150.41
SL-7342,2023-02-12,Ford,Endeavour,SUV,CNG,North,Delhi,Rohit Verma,3,2428000.0,0.1,6555600.0,215468.32
SL-8171,2023-02-12,Honda,City,Sedan,Diesel,East,Kolkata,Rahul Sharma,3,1791000.0,0.0,5373000.0,577730.78
SL-6458,2023-02-13,Kia,Sonet,SUV,Diesel,West,Pune,Arjun Nair,3,1011000.0,0.02,2972340.0,307784.74
SL-8659,2023-02-13,Hyundai,Venue,SUV,Petrol,Central,Bhopal,Sneha Reddy,3,2239000.0,0.0,6717000.0,692774.85
SL-5369,2023-02-13,Kia,Sonet,SUV,Diesel,East,Kolkata,Priya Singh,2,1866000.0,0.02,3657360.0,593307.11
SL-8902,2023-02-13,Hyundai,i20,Hatchback,Diesel,East,Bhubaneswar,Neha Gupta,3,870000.0,0.0,2610000.0,538446.37
SL-8012,2023-02-13,Ford,Figo,Hatchback,Petrol,South,Bengaluru,Rohit Verma,3,684000.0,0.0,2052000.0,425766.39
SL-6248,2023-02-13,Tata,Nexon,SUV,Diesel,Central,Bhopal,Neha Gupta,1,2263000.0,0.1,2036700.0,255272.03
SL-8613,2023-02-14,Hyundai,Creta,SUV,CNG,South,Hyderabad,Rahul Sharma,3,1044000.0,0.05,2975400.0,303816.13
SL-5234,2023-02-14,Tata,Altroz,Hatchback,CNG,West,Ahmedabad,Rohit Verma,2,781000.0,0.1,1405800.0,142612.08
SL-8103,2023-02-14,Honda,Amaze,Sedan,Diesel,West,Ahmedabad,Anjali Desai,3,1766000.0,0.05,5033100.0,710226.31
SL-5739,2023-02-14,Hyundai,i20,Hatchback,Petrol,East,Patna,Vikram Iyer,2,710000.0,0.08,1306400.0,172441.7
SL-8940,2023-02-14,Honda,Amaze,Sedan,Petrol,West,Mumbai,Amit Patel,3,1373000.0,0.02,4036620.0,678538.16
SL-5466,2023-02-14,Honda,Amaze,Sedan,CNG,South,Hyderabad,Neha Gupta,3,1096000.0,0.0,3288000.0,532570.57
SL-8455,2023-02-14,Mahindra,XUV700,SUV,Petrol,East,Kolkata,Rahul Sharma,2,1925000.0,0.1,3465000.0,162879.81
SL-9111,2023-02-14,Hyundai,Verna,Sedan,Petrol,East,Bhubaneswar,Neha Gupta,2,1139000.0,0.08,2095760.0,73775.87
SL-5555,2023-02-14,Maruti Suzuki,Ertiga,MPV,Diesel,East,Bhubaneswar,Rahul Sharma,2,1870000.0,0.02,3665200.0,409708.83
SL-8060,2023-02-14,Toyota,Corolla,Sedan,Diesel,West,Mumbai,Arjun Nair,3,1437000.0,0.05,4095450.0,636999.37
SL-7403,2023-02-14,Ford,EcoSport,SUV,CNG,West,Ahmedabad,Rahul Sharma,1,2628000.0,0.0,2628000.0,466850.94
SL-5478,2023-02-15,Honda,Amaze,Sedan,CNG,West,Ahmedabad,Priya Singh,3,1385000.0,0.02,4071900.0,811081.94
SL-8712,2023-02-15,Honda,Amaze,Sedan,Petrol,West,Pune,Anjali Desai,3,1314000.0,0.0,3942000.0,865326.82
SL-8572,2023-02-15,Honda,CR-V,SUV,Petrol,North,Chandigarh,Kavita Joshi,1,2574000.0,0.0,2574000.0,470688.72
SL-8804,2023-02-16,Kia,Carens,MPV,Diesel,West,Ahmedabad,Kavita Joshi,1,1572000.0,0.05,1493400.0,79364.35
SL-7589,2023-02-16,Toyota,Corolla,Sedan,Diesel,East,Kolkata,Vikram Iyer,3,1707000.0,0.05,4864950.0,714030.93
SL-8498,2023-02-16,Tata,Punch,SUV,Diesel,East,Kolkata,Sneha Reddy,2,2531000.0,0.0,5062000.0,983665.44
SL-9250,2023-02-17,Mahindra,Scorpio,SUV,Diesel,Central,Nagpur,Rohit Verma,2,1251000.0,0.02,2451960.0,316632.1
SL-6895,2023-02-17,Toyota,Camry,Sedan,Diesel,North,Chandigarh,Sneha Reddy,2,1450000.0,0.05,2755000.0,448141.04
SL-5920,2023-02-17,Tata,Nexon,SUV,Diesel,East,Patna,Priya Singh,2,1570000.0,0.05,2983000.0,167356.54
SL-9151,2023-02-17,Mahindra,Bolero,SUV,Petrol,East,Kolkata,Amit Patel,3,2570000.0,0.05,7324500.0,1173711.54
SL-7309,2023-02-17,Hyundai,i20,Hatchback,Petrol,West,Ahmedabad,Sneha Reddy,2,620000.0,0.0,1240000.0,188594.53
SL-5807,2023-02-18,Hyundai,Verna,Sedan,Petrol,North,Lucknow,Arjun Nair,2,1689000.0,0.0,3378000.0,714580.11
SL-8857,2023-02-18,Hyundai,Creta,SUV,Petrol,South,Bengaluru,Amit Patel,1,1575000.0,0.0,1575000.0,280545.2
SL-6099,2023-02-18,Tata,Nexon,SUV,Petrol,Central,Indore,Rahul Sharma,2,1687000.0,0.02,3306520.0,651298.2
SL-6787,2023-02-18,Hyundai,Creta,SUV,Diesel,Central,Bhopal,Neha Gupta,2,2643000.0,0.1,4757400.0,37722.56
SL-7439,2023-02-19,Tata,Altroz,Hatchback,CNG,South,Hyderabad,Anjali Desai,1,813000.0,0.05,772350.0,56118.33
SL-8475,2023-02-19,Maruti Suzuki,Swift,Hatchback,Petrol,East,Kolkata,Kavita Joshi,1,782000.0,0.08,719440.0,104550.21
SL-6354,2023-02-19,Kia,Sonet,SUV,Petrol,South,Hyderabad,Rohit Verma,3,2420000.0,0.1,6534000.0,175448.34
SL-9216,2023-02-19,Honda,Civic,Sedan,CNG,North,Chandigarh,Neha Gupta,3,1230000.0,0.02,3616200.0,450892.53
SL-9459,2023-02-20,Ford,EcoSport,SUV,Diesel,Central,Indore,Neha Gupta,2,1253000.0,0.05,2380700.0,153208.08
SL-7509,2023-02-20,Hyundai,Verna,Sedan,Electric,North,Lucknow,Neha Gupta,1,1374000.0,0.0,1374000.0,295053.34
SL-5025,2023-02-20,Toyota,Camry,Sedan,CNG,Central,Nagpur,Anjali Desai,1,935000.0,0.02,916300.0,100606.72
SL-9305,2023-02-20,Toyota,Fortuner,SUV,CNG,East,Patna,Amit Patel,2,1310000.0,0.02,2567600.0,329496.92
SL-8064,2023-02-20,Mahindra,Thar,SUV,Petrol,South,Bengaluru,Vikram Iyer,1,2134000.0,0.02,2091320.0,377630.6
SL-6715,2023-02-20,Hyundai,Verna,Sedan,CNG,North,Delhi,Rahul Sharma,2,1173000.0,0.05,2228700.0,162904.81
SL-6474,2023-02-20,Honda,Civic,Sedan,Petrol,West,Ahmedabad,Neha Gupta,3,1175000.0,0.0,3525000.0,695809.77
SL-6055,2023-02-20,Honda,Amaze,Sedan,Petrol,East,Bhubaneswar,Arjun Nair,1,1602000.0,0.02,1569960.0,241516.7
SL-5479,2023-02-20,Honda,Civic,Sedan,Petrol,West,Mumbai,Anjali Desai,2,1322000.0,0.08,2432480.0,262846.08
SL-8994,2023-02-20,Tata,Punch,SUV,Diesel,West,Mumbai,Sneha Reddy,2,2403000.0,0.0,4806000.0,619839.19
SL-6494,2023-02-20,Kia,Sonet,SUV,CNG,North,Delhi,Amit Patel,3,1951000.0,0.0,5853000.0,1233881.25
SL-8100,2023-02-20,Mahindra,Bolero,SUV,Diesel,East,Kolkata,Neha Gupta,2,1161000.0,0.0,2322000.0,459884.98
SL-5736,2023-02-21,Mahindra,XUV700,SUV,Diesel,Central,Bhopal,Kavita Joshi,3,1878000.0,0.0,5634000.0,973665.33
SL-5361,2023-02-21,Tata,Altroz,Hatchback,Petrol,East,Patna,Sneha Reddy,2,811000.0,0.05,1540900.0,95871.67
SL-8140,2023-02-21,Honda,City,Sedan,Electric,North,Lucknow,Sneha Reddy,3,1076000.0,0.05,3066600.0,298858.19
SL-7692,2023-02-21,Kia,Sonet,SUV,Electric,South,Hyderabad,Kavita Joshi,2,2720000.0,0.05,5168000.0,632843.08
SL-8610,2023-02-21,Honda,City,Sedan,Electric,Central,Indore,Sneha Reddy,1,1568000.0,0.05,1489600.0,148286.69
SL-5603,2023-02-21,Toyota,Camry,Sedan,Electric,West,Mumbai,Priya Singh,2,1443000.0,0.02,2828280.0,576191.61
SL-8430,2023-02-21,Hyundai,i20,Hatchback,Diesel,South,Chennai,Kavita Joshi,3,877000.0,0.08,2420520.0,316834.98
SL-9454,2023-02-21,Hyundai,Creta,SUV,Diesel,East,Bhubaneswar,Kavita Joshi,1,2296000.0,0.0,2296000.0,491669.52
SL-6237,2023-02-21,Kia,Carens,MPV,Petrol,West,Mumbai,Rahul Sharma,2,978000.0,0.0,1956000.0,411839.7
SL-6875,2023-02-21,Kia,Sonet,SUV,Diesel,Central,Bhopal,Kavita Joshi,2,1938000.0,0.02,3798480.0,605441.18
SL-9180,2023-02-22,Maruti Suzuki,Baleno,Hatchback,Diesel,West,Ahmedabad,Amit Patel,3,695000.0,0.0,2085000.0,449645.44
SL-5973,2023-02-22,Hyundai,i20,Hatchback,Petrol,South,Bengaluru,Priya Singh,3,805000.0,0.0,2415000.0,288759.33
SL-6701,2023-02-22,Tata,Harrier,SUV,CNG,West,Mumbai,Arjun Nair,3,2749000.0,0.0,8247000.0,1526450.04
SL-7213,2023-02-22,Honda,City,Sedan,Petrol,East,Bhubaneswar,Kavita Joshi,3,1033000.0,0.02,3037020.0,342419.23
SL-7641,2023-02-22,Honda,Amaze,Sedan,Diesel,North,Delhi,Rahul Sharma,1,1061000.0,0.0,1061000.0,184977.09
SL-9374,2023-02-22,Maruti Suzuki,Ertiga,MPV,Diesel,West,Pune,Rohit Verma,1,985000.0,0.0,985000.0,138310.11
SL-5412,2023-02-23,Kia,Sonet,SUV,CNG,West,Mumbai,Sneha Reddy,3,2599000.0,0.02,7641060.0,737518.98
SL-9017,2023-02-23,Hyundai,Venue,SUV,Diesel,West,Ahmedabad,Vikram Iyer,1,1546000.0,0.0,1546000.0,310176.3
SL-7657,2023-02-23,Kia,Sonet,SUV,CNG,South,Bengaluru,Kavita Joshi,1,2091000.0,0.02,2049180.0,290117.83
SL-7812,2023-02-23,Mahindra,Thar,SUV,Petrol,North,Chandigarh,Vikram Iyer,1,1863000.0,0.0,1863000.0,326855.39
SL-6357,2023-02-23,Kia,Seltos,SUV,Petrol,East,Bhubaneswar,Amit Patel,3,2551000.0,0.05,7270350.0,762006.74
SL-8535,2023-02-23,Hyundai,Verna,Sedan,Diesel,South,Bengaluru,Anjali Desai,2,1513000.0,0.02,2965480.0,244300.95
SL-7431,2023-02-23,Maruti Suzuki,Swift,Hatchback,Diesel,North,Delhi,Anjali Desai,1,727000.0,0.1,654300.0,70716.07
SL-6579,2023-02-23,Honda,City,Sedan,Diesel,Central,Bhopal,Neha Gupta,2,1218000.0,0.05,2314200.0,366306.46
SL-6611,2023-02-23,Tata,Punch,SUV,Diesel,Central,Indore,Kavita Joshi,1,2481000.0,0.0,2481000.0,324506.49
SL-6436,2023-02-24,Toyota,Corolla,Sedan,CNG,West,Mumbai,Anjali Desai,3,1365000.0,0.0,4095000.0,490375.59
SL-5992,2023-02-24,Honda,City,Sedan,Petrol,West,Ahmedabad,Anjali Desai,2,1171000.0,0.08,2154640.0,168723.78
SL-8931,2023-02-24,Toyota,Fortuner,SUV,Diesel,Central,Bhopal,Arjun Nair,2,1238000.0,0.05,2352200.0,155726.97
SL-5457,2023-02-24,Maruti Suzuki,Brezza,SUV,Petrol,West,Mumbai,Priya Singh,3,1603000.0,0.05,4568550.0,456730.28
SL-7406,2023-02-24,Honda,Amaze,Sedan,Diesel,North,Chandigarh,Anjali Desai,3,985000.0,0.02,2895900.0,584036.3
SL-7789,2023-02-24,Mahindra,Bolero,SUV,CNG,East,Patna,Kavita Joshi,2,1033000.0,0.08,1900720.0,143214.31
SL-5727,2023-02-25,Mahindra,XUV700,SUV,Electric,South,Hyderabad,Kavita Joshi,3,2623000.0,0.02,7711620.0,673598.91
SL-8771,2023-02-25,Kia,Sonet,SUV,Petrol,Central,Bhopal,Kavita Joshi,3,2049000.0,0.0,6147000.0,723731.99
SL-6690,2023-02-25,Hyundai,Creta,SUV,Electric,South,Hyderabad,Neha Gupta,1,1836000.0,0.0,1836000.0,377168.28
SL-5148,2023-02-25,Mahindra,XUV700,SUV,Petrol,East,Kolkata,Amit Patel,1,1320000.0,0.02,1293600.0,106123.22
SL-7625,2023-02-25,Mahindra,Thar,SUV,Petrol,Central,Indore,Priya Singh,3,1481000.0,0.0,4443000.0,665865.07
SL-5544,2023-02-25,Tata,Punch,SUV,Petrol,Central,Nagpur,Kavita Joshi,3,2450000.0,0.0,7350000.0,752635.18
SL-6593,2023-02-26,Mahindra,Thar,SUV,Petrol,West,Mumbai,Amit Patel,1,2586000.0,0.05,2456700.0,282274.25
SL-6391,2023-02-26,Tata,Punch,SUV,Petrol,East,Bhubaneswar,Arjun Nair,2,2448000.0,0.02,4798080.0,873717.1
SL-9218,2023-02-26,Toyota,Corolla,Sedan,Diesel,West,Ahmedabad,Neha Gupta,2,1305000.0,0.02,2557800.0,230310.31
SL-7604,2023-02-26,Tata,Punch,SUV,Diesel,Central,Bhopal,Arjun Nair,1,1784000.0,0.0,1784000.0,223464.4
SL-9231,2023-02-26,Honda,CR-V,SUV,Diesel,North,Delhi,Kavita Joshi,1,2100000.0,0.05,1995000.0,304633.96
SL-6974,2023-02-26,Kia,Carens,MPV,Petrol,East,Bhubaneswar,Amit Patel,3,1628000.0,0.0,4884000.0,991172.65
SL-7968,2023-02-27,Hyundai,i20,Hatchback,Diesel,Central,Nagpur,Arjun Nair,1,893000.0,0.02,875140.0,143420.62
SL-5179,2023-02-27,Maruti Suzuki,Baleno,Hatchback,Petrol,North,Lucknow,Priya Singh,2,739000.0,0.0,1478000.0,245047.05
SL-5318,2023-02-27,Ford,Endeavour,SUV,Diesel,North,Delhi,Sneha Reddy,3,1612000.0,0.05,4594200.0,770477.49
SL-6911,2023-02-27,Tata,Punch,SUV,Diesel,Central,Indore,Sneha Reddy,2,1206000.0,0.08,2219040.0,138677.77
SL-5139,2023-02-27,Hyundai,Creta,SUV,Petrol,South,Hyderabad,Priya Singh,2,1600000.0,0.1,2880000.0,316683.67
SL-9308,2023-02-28,Honda,Civic,Sedan,Diesel,North,Delhi,Anjali Desai,1,1766000.0,0.0,1766000.0,372191.49
SL-8355,2023-02-28,Honda,City,Sedan,Electric,East,Patna,Kavita Joshi,3,1757000.0,0.02,5165580.0,668171.8
SL-5858,2023-02-28,Honda,Amaze,Sedan,Petrol,North,Delhi,Arjun Nair,3,1647000.0,0.0,4941000.0,547567.37
SL-7745,2023-02-28,Hyundai,Verna,Sedan,Diesel,North,Lucknow,Priya Singh,2,1478000.0,0.0,2956000.0,347441.65
SL-8848,2023-02-28,Hyundai,i20,Hatchback,Diesel,North,Chandigarh,Amit Patel,3,787000.0,0.0,2361000.0,320562.91
SL-7815,2023-03-01,Hyundai,Venue,SUV,Diesel,South,Hyderabad,Sneha Reddy,2,2511000.0,0.05,4770900.0,325133.52
SL-6740,2023-03-01,Hyundai,i20,Hatchback,CNG,North,Delhi,Sneha Reddy,3,831000.0,0.05,2368350.0,150666.56
SL-8324,2023-03-01,Toyota,Fortuner,SUV,CNG,North,Lucknow,Vikram Iyer,3,2487000.0,0.05,7087950.0,811069.98
SL-7212,2023-03-01,Mahindra,Thar,SUV,CNG,North,Lucknow,Amit Patel,3,1910000.0,0.0,5730000.0,705262.52
SL-6534,2023-03-02,Ford,Figo,Hatchback,Electric,South,Bengaluru,Arjun Nair,2,886000.0,0.02,1736560.0,349935.82
SL-6222,2023-03-02,Maruti Suzuki,Ertiga,MPV,Diesel,North,Lucknow,Amit Patel,2,1604000.0,0.0,3208000.0,666664.77
SL-8808,2023-03-02,Hyundai,Venue,SUV,Electric,North,Lucknow,Vikram Iyer,2,2356000.0,0.02,4617760.0,479929.89
SL-6936,2023-03-02,Hyundai,Creta,SUV,CNG,Central,Indore,Arjun Nair,1,2368000.0,0.02,2320640.0,283469.84
SL-7683,2023-03-03,Hyundai,Venue,SUV,Diesel,South,Hyderabad,Rahul Sharma,2,2347000.0,0.0,4694000.0,939554.39
SL-5784,2023-03-03,Maruti Suzuki,Ertiga,MPV,Petrol,East,Patna,Priya Singh,3,1798000.0,0.02,5286120.0,689731.21
SL-6719,2023-03-03,Hyundai,Venue,SUV,Diesel,West,Mumbai,Neha Gupta,3,2545000.0,0.08,7024200.0,789614.8
SL-6777,2023-03-03,Ford,Endeavour,SUV,Petrol,East,Bhubaneswar,Arjun Nair,2,1955000.0,0.02,3831800.0,335760.1
SL-5581,2023-03-03,Ford,Endeavour,SUV,Petrol,West,Mumbai,Kavita Joshi,3,2145000.0,0.0,6435000.0,846747.23
SL-9203,2023-03-04,Tata,Altroz,Hatchback,CNG,North,Lucknow,Kavita Joshi,3,764000.0,0.0,2292000.0,301550.56
SL-6681,2023-03-04,Toyota,Corolla,Sedan,Diesel,North,Chandigarh,Vikram Iyer,1,1084000.0,0.0,1084000.0,121880.9
SL-8303,2023-03-04,Mahindra,Scorpio,SUV,Diesel,East,Patna,Rohit Verma,2,2109000.0,0.08,3880560.0,413345.79
SL-9226,2023-03-04,Tata,Altroz,Hatchback,Petrol,North,Delhi,Priya Singh,3,842000.0,0.02,2475480.0,272346.46
SL-9255,2023-03-04,Honda,CR-V,SUV,Diesel,Central,Bhopal,Rahul Sharma,1,1840000.0,0.08,1692800.0,218124.21
SL-9458,2023-03-04,Maruti Suzuki,Brezza,SUV,Diesel,South,Chennai,Anjali Desai,1,1198000.0,0.0,1198000.0,128978.0
SL-6859,2023-03-04,Kia,Seltos,SUV,Diesel,North,Delhi,Sneha Reddy,1,2118000.0,0.0,2118000.0,379008.54
SL-6159,2023-03-04,Toyota,Corolla,Sedan,CNG,North,Delhi,Rahul Sharma,3,1234000.0,0.02,3627960.0,726030.93
SL-6060,2023-03-04,Kia,Carens,MPV,Petrol,South,Hyderabad,Amit Patel,3,1579000.0,0.0,4737000.0,672479.4
SL-8784,2023-03-04,Mahindra,XUV700,SUV,Petrol,West,Ahmedabad,Arjun Nair,3,1466000.0,0.0,4398000.0,474349.56
SL-6435,2023-03-04,Honda,City,Sedan,CNG,West,Ahmedabad,Vikram Iyer,1,1620000.0,0.08,1490400.0,164543.06
SL-7817,2023-03-04,Kia,Sonet,SUV,Petrol,East,Kolkata,Priya Singh,2,2330000.0,0.0,4660000.0,712045.67
SL-7767,2023-03-04,Maruti Suzuki,Swift,Hatchback,Diesel,North,Lucknow,Arjun Nair,1,608000.0,0.02,595840.0,50987.4
SL-5599,2023-03-05,Tata,Harrier,SUV,Petrol,North,Chandigarh,Rohit Verma,1,1916000.0,0.05,1820200.0,132004.47
SL-7913,2023-03-05,Tata,Punch,SUV,Petrol,Central,Nagpur,Neha Gupta,2,2686000.0,0.0,5372000.0,616167.0
SL-9292,2023-03-05,Honda,Civic,Sedan,Petrol,West,Mumbai,Priya Singh,1,988000.0,0.02,968240.0,90860.32
SL-7461,2023-03-05,Mahindra,Bolero,SUV,CNG,West,Pune,Anjali Desai,1,1980000.0,0.02,1940400.0,223700.95
SL-8937,2023-03-05,Hyundai,i20,Hatchback,Petrol,West,Pune,Amit Patel,1,635000.0,0.0,635000.0,65792.78
SL-6255,2023-03-05,Kia,Carens,MPV,CNG,South,Chennai,Priya Singh,1,1878000.0,0.05,1784100.0,208214.11
SL-7454,2023-03-05,Mahindra,Thar,SUV,CNG,West,Pune,Anjali Desai,3,1956000.0,0.08,5398560.0,765059.54
SL-7058,2023-03-05,Maruti Suzuki,Brezza,SUV,CNG,North,Lucknow,Neha Gupta,2,2547000.0,0.0,5094000.0,562395.09
SL-6803,2023-03-05,Ford,Figo,Hatchback,Diesel,Central,Indore,Rohit Verma,1,693000.0,0.0,693000.0,97462.71
SL-9257,2023-03-06,Hyundai,Venue,SUV,Diesel,North,Delhi,Rohit Verma,1,2427000.0,0.05,2305650.0,275364.79
SL-5151,2023-03-06,Ford,EcoSport,SUV,Petrol,South,Chennai,Vikram Iyer,3,1669000.0,0.02,4906860.0,494076.49
SL-8926,2023-03-06,Tata,Nexon,SUV,Diesel,East,Patna,Sneha Reddy,1,2534000.0,0.08,2331280.0,71249.86
SL-9259,2023-03-06,Mahindra,Bolero,SUV,CNG,West,Pune,Sneha Reddy,3,1877000.0,0.0,5631000.0,776092.02
SL-5409,2023-03-06,Tata,Nexon,SUV,Petrol,North,Lucknow,Arjun Nair,2,1751000.0,0.1,3151800.0,80742.54
SL-6335,2023-03-06,Maruti Suzuki,Brezza,SUV,CNG,East,Kolkata,Rahul Sharma,1,1949000.0,0.0,1949000.0,211544.23
SL-9426,2023-03-06,Ford,Figo,Hatchback,Diesel,Central,Indore,Priya Singh,3,856000.0,0.05,2439600.0,184555.32
SL-8401,2023-03-06,Ford,Figo,Hatchback,Petrol,East,Kolkata,Arjun Nair,1,625000.0,0.02,612500.0,110805.05
SL-7741,2023-03-06,Toyota,Camry,Sedan,Petrol,West,Pune,Kavita Joshi,1,1052000.0,0.1,946800.0,113543.19
SL-7307,2023-03-07,Kia,Seltos,SUV,Petrol,North,Lucknow,Arjun Nair,3,2054000.0,0.0,6162000.0,1228870.66
SL-8687,2023-03-07,Tata,Nexon,SUV,Petrol,Central,Nagpur,Rahul Sharma,3,2449000.0,0.0,7347000.0,1163207.62
SL-6696,2023-03-07,Mahindra,Thar,SUV,Diesel,South,Hyderabad,Rohit Verma,2,1933000.0,0.02,3788680.0,562936.7
SL-6303,2023-03-07,Kia,Carens,MPV,Diesel,Central,Nagpur,Arjun Nair,3,1256000.0,0.0,3768000.0,657724.13
SL-8564,2023-03-07,Tata,Punch,SUV,Petrol,Central,Nagpur,Rohit Verma,2,1580000.0,0.02,3096800.0,351254.2
SL-8730,2023-03-08,Hyundai,Creta,SUV,Petrol,East,Patna,Priya Singh,2,1052000.0,0.0,2104000.0,360520.16
SL-6103,2023-03-08,Maruti Suzuki,Ertiga,MPV,Diesel,South,Hyderabad,Amit Patel,3,1873000.0,0.02,5506620.0,936018.41
SL-6324,2023-03-08,Tata,Altroz,Hatchback,Petrol,Central,Bhopal,Vikram Iyer,1,618000.0,0.02,605640.0,71997.75
SL-6050,2023-03-08,Toyota,Fortuner,SUV,Diesel,West,Mumbai,Kavita Joshi,2,2759000.0,0.0,5518000.0,1192169.95
SL-7865,2023-03-08,Ford,Endeavour,SUV,Petrol,East,Patna,Anjali Desai,1,2380000.0,0.08,2189600.0,154571.3
SL-7534,2023-03-09,Mahindra,Thar,SUV,Diesel,East,Kolkata,Priya Singh,1,2221000.0,0.1,1998900.0,26255.01
SL-7726,2023-03-09,Ford,Endeavour,SUV,Petrol,West,Mumbai,Rohit Verma,1,2545000.0,0.0,2545000.0,460392.67
SL-8236,2023-03-09,Ford,Endeavour,SUV,Petrol,West,Mumbai,Priya Singh,3,1550000.0,0.0,4650000.0,899743.54
SL-8764,2023-03-10,Ford,EcoSport,SUV,Petrol,North,Delhi,Neha Gupta,2,1557000.0,0.0,3114000.0,462805.84
SL-6271,2023-03-10,Tata,Altroz,Hatchback,Petrol,North,Lucknow,Priya Singh,2,611000.0,0.02,1197560.0,170898.1
SL-8372,2023-03-10,Toyota,Fortuner,SUV,CNG,West,Pune,Neha Gupta,1,1555000.0,0.05,1477250.0,167795.87
SL-5415,2023-03-10,Ford,Endeavour,SUV,Diesel,South,Bengaluru,Arjun Nair,1,2382000.0,0.0,2382000.0,255903.75
SL-6921,2023-03-11,Hyundai,Creta,SUV,CNG,East,Kolkata,Kavita Joshi,2,1403000.0,0.02,2749880.0,294790.58
SL-9091,2023-03-11,Kia,Carens,MPV,Petrol,Central,Bhopal,Anjali Desai,2,1079000.0,0.0,2158000.0,370391.5
SL-5624,2023-03-11,Toyota,Camry,Sedan,Diesel,Central,Nagpur,Kavita Joshi,2,944000.0,0.0,1888000.0,196975.19
SL-7732,2023-03-11,Honda,CR-V,SUV,Diesel,South,Chennai,Rahul Sharma,2,1471000.0,0.02,2883160.0,557282.44
SL-6890,2023-03-11,Honda,Amaze,Sedan,Petrol,Central,Indore,Rahul Sharma,1,1418000.0,0.05,1347100.0,216600.99
SL-5323,2023-03-11,Toyota,Fortuner,SUV,Diesel,West,Ahmedabad,Arjun Nair,3,2020000.0,0.02,5938800.0,804346.36
SL-5435,2023-03-11,Ford,EcoSport,SUV,Petrol,North,Lucknow,Priya Singh,2,1432000.0,0.05,2720800.0,356971.01
SL-5138,2023-03-11,Toyota,Fortuner,SUV,CNG,West,Mumbai,Rahul Sharma,2,2152000.0,0.05,4088800.0,612461.34
SL-8942,2023-03-11,Hyundai,i20,Hatchback,Diesel,South,Chennai,Neha Gupta,2,765000.0,0.0,1530000.0,334846.44
SL-5670,2023-03-11,Tata,Altroz,Hatchback,Petrol,North,Lucknow,Rahul Sharma,1,637000.0,0.1,573300.0,57512.15
SL-7654,2023-03-12,Toyota,Innova,MPV,CNG,West,Mumbai,Arjun Nair,3,1697000.0,0.05,4836450.0,445463.67
SL-5302,2023-03-12,Maruti Suzuki,Baleno,Hatchback,Petrol,South,Hyderabad,Sneha Reddy,1,883000.0,0.05,838850.0,47566.0
SL-6097,2023-03-12,Toyota,Fortuner,SUV,Petrol,East,Kolkata,Neha Gupta,3,1321000.0,0.0,3963000.0,802872.7
SL-9416,2023-03-12,Mahindra,Thar,SUV,Diesel,East,Kolkata,Sneha Reddy,1,2191000.0,0.0,2191000.0,473601.5
SL-8816,2023-03-12,Hyundai,Creta,SUV,Diesel,West,Mumbai,Vikram Iyer,2,2209000.0,0.02,4329640.0,872004.09
SL-6588,2023-03-12,Hyundai,i20,Hatchback,CNG,West,Mumbai,Arjun Nair,1,664000.0,0.02,650720.0,89312.48
SL-9029,2023-03-12,Toyota,Fortuner,SUV,Petrol,West,Mumbai,Amit Patel,1,2356000.0,0.05,2238200.0,166249.38
SL-5910,2023-03-12,Kia,Seltos,SUV,Diesel,South,Bengaluru,Sneha Reddy,3,2612000.0,0.02,7679280.0,1037711.19
SL-5751,2023-03-12,Tata,Punch,SUV,Petrol,South,Bengaluru,Kavita Joshi,1,1508000.0,0.02,1477840.0,210262.34
SL-6792,2023-03-12,Toyota,Corolla,Sedan,Petrol,West,Pune,Anjali Desai,3,1647000.0,0.08,4545720.0,137024.47
SL-5445,2023-03-12,Kia,Seltos,SUV,Petrol,Central,Indore,Anjali Desai,2,1718000.0,0.0,3436000.0,350631.34
SL-6233,2023-03-12,Mahindra,Scorpio,SUV,CNG,East,Patna,Kavita Joshi,3,1799000.0,0.1,4857300.0,135933.48
SL-5328,2023-03-13,Ford,Figo,Hatchback,Petrol,Central,Indore,Rahul Sharma,3,661000.0,0.02,1943340.0,388828.45
SL-5315,2023-03-13,Hyundai,Creta,SUV,Petrol,West,Mumbai,Kavita Joshi,2,2173000.0,0.05,4128700.0,443753.6
SL-6329,2023-03-13,Hyundai,Verna,Sedan,Petrol,North,Delhi,Rohit Verma,1,1458000.0,0.0,1458000.0,310601.24
SL-7384,2023-03-13,Hyundai,Creta,SUV,Petrol,South,Chennai,Amit Patel,2,1695000.0,0.0,3390000.0,676945.23
SL-9383,2023-03-13,Kia,Sonet,SUV,Petrol,West,Mumbai,Amit Patel,2,2055000.0,0.02,4027800.0,765021.38
SL-7070,2023-03-13,Hyundai,i20,Hatchback,Diesel,East,Bhubaneswar,Neha Gupta,3,897000.0,0.02,2637180.0,497545.05
SL-7429,2023-03-13,Kia,Carens,MPV,CNG,Central,Nagpur,Priya Singh,2,1390000.0,0.02,2724400.0,240264.13
SL-9106,2023-03-14,Ford,Figo,Hatchback,Diesel,North,Delhi,Amit Patel,1,815000.0,0.02,798700.0,143080.21
SL-8077,2023-03-14,Honda,City,Sedan,Diesel,South,Hyderabad,Priya Singh,2,1102000.0,0.05,2093800.0,146948.37
SL-5112,2023-03-14,Mahindra,Thar,SUV,CNG,North,Chandigarh,Kavita Joshi,3,2102000.0,0.08,5801520.0,468465.9
SL-8279,2023-03-14,Honda,Civic,Sedan,Petrol,South,Bengaluru,Arjun Nair,2,1095000.0,0.0,2190000.0,420373.89
SL-7092,2023-03-14,Hyundai,i20,Hatchback,CNG,North,Lucknow,Sneha Reddy,3,895000.0,0.02,2631300.0,528664.01
SL-6852,2023-03-14,Kia,Sonet,SUV,CNG,North,Chandigarh,Sneha Reddy,2,2757000.0,0.05,5238300.0,477480.72
SL-8141,2023-03-14,Toyota,Innova,MPV,Petrol,South,Hyderabad,Amit Patel,1,1167000.0,0.08,1073640.0,68422.69
SL-7574,2023-03-14,Toyota,Fortuner,SUV,Diesel,North,Lucknow,Rohit Verma,1,1651000.0,0.0,1651000.0,328527.05
SL-8586,2023-03-14,Mahindra,Scorpio,SUV,Petrol,West,Ahmedabad,Priya Singh,2,2745000.0,0.0,5490000.0,691970.6
SL-8842,2023-03-14,Tata,Nexon,SUV,CNG,East,Patna,Rahul Sharma,3,2683000.0,0.08,7405080.0,366558.05
SL-6065,2023-03-15,Maruti Suzuki,Swift,Hatchback,Petrol,Central,Indore,Kavita Joshi,1,761000.0,0.0,761000.0,118058.87
SL-6441,2023-03-15,Honda,CR-V,SUV,Petrol,Central,Indore,Anjali Desai,1,1912000.0,0.05,1816400.0,143428.83
SL-6518,2023-03-16,Ford,EcoSport,SUV,Electric,South,Hyderabad,Priya Singh,1,1917000.0,0.0,1917000.0,355514.03
SL-9280,2023-03-16,Hyundai,Creta,SUV,Diesel,South,Hyderabad,Arjun Nair,1,1488000.0,0.02,1458240.0,281698.5
SL-5205,2023-03-16,Kia,Sonet,SUV,Diesel,East,Kolkata,Neha Gupta,1,1300000.0,0.08,1196000.0,128043.12
SL-5837,2023-03-16,Hyundai,Verna,Sedan,Diesel,West,Pune,Vikram Iyer,2,1518000.0,0.05,2884200.0,361215.0
SL-6926,2023-03-16,Kia,Carens,MPV,CNG,North,Delhi,Arjun Nair,3,1680000.0,0.0,5040000.0,1081400.49
SL-8051,2023-03-16,Ford,Endeavour,SUV,CNG,West,Ahmedabad,Vikram Iyer,1,2414000.0,0.1,2172600.0,171702.56
SL-6957,2023-03-16,Hyundai,Creta,SUV,Diesel,West,Pune,Vikram Iyer,1,1964000.0,0.05,1865800.0,275759.72
SL-6261,2023-03-16,Kia,Sonet,SUV,Electric,East,Bhubaneswar,Sneha Reddy,3,1343000.0,0.05,3827550.0,382853.77
SL-7582,2023-03-16,Honda,Amaze,Sedan,Petrol,South,Bengaluru,Kavita Joshi,3,1214000.0,0.0,3642000.0,452890.63
SL-9166,2023-03-17,Ford,Endeavour,SUV,Diesel,South,Hyderabad,Amit Patel,1,2435000.0,0.0,2435000.0,404215.14
SL-5167,2023-03-17,Tata,Harrier,SUV,Diesel,Central,Indore,Sneha Reddy,2,1591000.0,0.0,3182000.0,676158.88
SL-8640,2023-03-18,Tata,Punch,SUV,Diesel,East,Kolkata,Neha Gupta,1,2554000.0,0.0,2554000.0,327261.16
SL-6408,2023-03-18,Honda,Civic,Sedan,Petrol,North,Chandigarh,Rohit Verma,1,1537000.0,0.05,1460150.0,84915.27
SL-9278,2023-03-18,Tata,Nexon,SUV,Electric,East,Bhubaneswar,Arjun Nair,2,2505000.0,0.0,5010000.0,820652.24
SL-5695,2023-03-18,Kia,Sonet,SUV,Diesel,Central,Nagpur,Anjali Desai,1,1344000.0,0.0,1344000.0,165471.3
SL-8652,2023-03-19,Kia,Sonet,SUV,Diesel,Central,Indore,Arjun Nair,2,1185000.0,0.0,2370000.0,428053.46
SL-5870,2023-03-19,Honda,Amaze,Sedan,CNG,North,Chandigarh,Neha Gupta,2,909000.0,0.05,1727100.0,293141.23
SL-5351,2023-03-19,Honda,City,Sedan,Diesel,West,Mumbai,Sneha Reddy,2,962000.0,0.05,1827800.0,127828.47
SL-5937,2023-03-20,Toyota,Camry,Sedan,Petrol,West,Pune,Sneha Reddy,3,1273000.0,0.02,3742620.0,394014.17
SL-5422,2023-03-20,Hyundai,Verna,Sedan,Diesel,West,Mumbai,Arjun Nair,2,1281000.0,0.05,2433900.0,377022.8
SL-5519,2023-03-20,Toyota,Corolla,Sedan,Diesel,North,Delhi,Rahul Sharma,1,1223000.0,0.02,1198540.0,175343.59
SL-7421,2023-03-20,Toyota,Corolla,Sedan,Petrol,South,Chennai,Neha Gupta,2,1073000.0,0.05,2038700.0,340619.88
SL-8065,2023-03-20,Hyundai,Venue,SUV,Petrol,South,Bengaluru,Kavita Joshi,1,1017000.0,0.0,1017000.0,193452.98
SL-7655,2023-03-20,Toyota,Innova,MPV,Petrol,West,Pune,Anjali Desai,2,1199000.0,0.1,2158200.0,260523.08
SL-5364,2023-03-20,Tata,Punch,SUV,Petrol,North,Lucknow,Neha Gupta,3,2167000.0,0.02,6370980.0,730328.21
SL-8023,2023-03-20,Tata,Nexon,SUV,Petrol,South,Bengaluru,Neha Gupta,1,2016000.0,0.0,2016000.0,436253.25
SL-7704,2023-03-20,Hyundai,Verna,Sedan,Electric,East,Bhubaneswar,Amit Patel,3,1028000.0,0.08,2837280.0,365599.54
SL-6723,2023-03-20,Kia,Sonet,SUV,Petrol,Central,Bhopal,Arjun Nair,2,2706000.0,0.0,5412000.0,769750.23
SL-5984,2023-03-20,Ford,Endeavour,SUV,Petrol,Central,Nagpur,Arjun Nair,2,1181000.0,0.02,2314760.0,313402.49
SL-8071,2023-03-20,Honda,Amaze,Sedan,Petrol,South,Chennai,Anjali Desai,1,1641000.0,0.1,1476900.0,120530.64
SL-8476,2023-03-20,Hyundai,Creta,SUV,Diesel,East,Kolkata,Neha Gupta,3,2752000.0,0.0,8256000.0,1572237.58
SL-7569,2023-03-21,Hyundai,Venue,SUV,Diesel,Central,Bhopal,Anjali Desai,2,2480000.0,0.02,4860800.0,947592.03
SL-6198,2023-03-21,Hyundai,Verna,Sedan,Diesel,East,Patna,Rahul Sharma,1,1537000.0,0.0,1537000.0,244721.86
SL-7313,2023-03-21,Kia,Carens,MPV,Petrol,Central,Bhopal,Sneha Reddy,1,1621000.0,0.02,1588580.0,186880.49
SL-8617,2023-03-21,Mahindra,XUV700,SUV,Petrol,West,Pune,Sneha Reddy,2,1991000.0,0.02,3902360.0,497342.16
SL-7665,2023-03-21,Honda,Amaze,Sedan,Petrol,South,Chennai,Anjali Desai,3,1461000.0,0.0,4383000.0,546553.11
SL-9485,2023-03-21,Kia,Sonet,SUV,Petrol,West,Ahmedabad,Neha Gupta,1,2521000.0,0.08,2319320.0,179429.72
SL-8833,2023-03-21,Maruti Suzuki,Brezza,SUV,Diesel,North,Chandigarh,Priya Singh,2,1137000.0,0.02,2228520.0,337923.59
SL-8375,2023-03-21,Tata,Altroz,Hatchback,Diesel,West,Pune,Sneha Reddy,2,683000.0,0.0,1366000.0,242504.76
SL-5629,2023-03-21,Tata,Harrier,SUV,Petrol,North,Delhi,Neha Gupta,2,1374000.0,0.0,2748000.0,361147.41
SL-5013,2023-03-22,Hyundai,i20,Hatchback,Petrol,South,Chennai,Neha Gupta,2,704000.0,0.1,1267200.0,128062.34
SL-5459,2023-03-22,Mahindra,Bolero,SUV,CNG,Central,Nagpur,Rohit Verma,2,1409000.0,0.0,2818000.0,589336.41
SL-9361,2023-03-22,Kia,Carens,MPV,Diesel,Central,Bhopal,Priya Singh,1,1087000.0,0.05,1032650.0,101123.28
SL-6580,2023-03-22,Maruti Suzuki,Ertiga,MPV,Petrol,East,Patna,Sneha Reddy,1,1714000.0,0.08,1576880.0,195270.1
SL-6188,2023-03-22,Tata,Nexon,SUV,Electric,North,Chandigarh,Arjun Nair,3,2327000.0,0.1,6282900.0,520943.44
SL-5078,2023-03-23,Honda,City,Sedan,CNG,Central,Indore,Anjali Desai,2,931000.0,0.0,1862000.0,217242.96
SL-7980,2023-03-23,Honda,CR-V,SUV,Diesel,East,Kolkata,Amit Patel,3,2573000.0,0.02,7564620.0,1501720.38
SL-8496,2023-03-23,Hyundai,i20,Hatchback,Petrol,Central,Bhopal,Neha Gupta,1,704000.0,0.02,689920.0,92343.45
SL-8490,2023-03-23,Maruti Suzuki,Swift,Hatchback,Petrol,East,Bhubaneswar,Anjali Desai,2,631000.0,0.0,1262000.0,201301.6
SL-5100,2023-03-23,Maruti Suzuki,Baleno,Hatchback,Petrol,Central,Bhopal,Arjun Nair,2,625000.0,0.02,1225000.0,169002.19
SL-7039,2023-03-23,Tata,Nexon,SUV,Petrol,East,Patna,Anjali Desai,3,2211000.0,0.02,6500340.0,741372.08
SL-8673,2023-03-23,Maruti Suzuki,Baleno,Hatchback,Diesel,Central,Indore,Sneha Reddy,1,642000.0,0.0,642000.0,129646.1
SL-8227,2023-03-24,Maruti Suzuki,Ertiga,MPV,Diesel,East,Patna,Arjun Nair,3,1372000.0,0.0,4116000.0,473163.58
SL-8875,2023-03-24,Mahindra,Thar,SUV,Diesel,North,Lucknow,Amit Patel,1,1173000.0,0.0,1173000.0,205837.59
SL-6826,2023-03-24,Mahindra,XUV700,SUV,Petrol,East,Kolkata,Rohit Verma,3,1594000.0,0.02,4686360.0,667331.72
SL-8677,2023-03-24,Ford,Endeavour,SUV,Diesel,West,Mumbai,Amit Patel,1,1591000.0,0.0,1591000.0,323397.26
SL-5220,2023-03-24,Hyundai,Creta,SUV,CNG,South,Bengaluru,Arjun Nair,3,1261000.0,0.0,3783000.0,440310.59
SL-6833,2023-03-24,Honda,Amaze,Sedan,Diesel,Central,Nagpur,Rohit Verma,2,1040000.0,0.0,2080000.0,316503.01
SL-7422,2023-03-24,Honda,Amaze,Sedan,Petrol,South,Chennai,Rohit Verma,1,911000.0,0.08,838120.0,116869.44
SL-6260,2023-03-24,Mahindra,Scorpio,SUV,Diesel,South,Chennai,Sneha Reddy,1,1093000.0,0.08,1005560.0,84199.36
SL-6540,2023-03-25,Kia,Sonet,SUV,Petrol,Central,Indore,Rahul Sharma,1,1710000.0,0.05,1624500.0,87328.71
SL-5872,2023-03-25,Tata,Punch,SUV,CNG,South,Bengaluru,Neha Gupta,2,1128000.0,0.02,2210880.0,218935.25
SL-6498,2023-03-25,Toyota,Fortuner,SUV,Diesel,South,Hyderabad,Kavita Joshi,3,1117000.0,0.0,3351000.0,488673.4
SL-5927,2023-03-25,Hyundai,i20,Hatchback,Petrol,South,Chennai,Rohit Verma,2,846000.0,0.0,1692000.0,368471.92
SL-7922,2023-03-25,Ford,Figo,Hatchback,Petrol,South,Bengaluru,Priya Singh,1,795000.0,0.08,731400.0,80637.96
SL-6646,2023-03-25,Ford,Endeavour,SUV,Diesel,East,Bhubaneswar,Vikram Iyer,2,2283000.0,0.05,4337700.0,422120.7
SL-5133,2023-03-25,Maruti Suzuki,Baleno,Hatchback,Petrol,North,Delhi,Anjali Desai,2,601000.0,0.0,1202000.0,176312.1
SL-5201,2023-03-25,Toyota,Corolla,Sedan,Petrol,West,Pune,Amit Patel,3,1502000.0,0.02,4415880.0,629675.5
SL-7283,2023-03-25,Maruti Suzuki,Baleno,Hatchback,Petrol,Central,Indore,Rohit Verma,2,894000.0,0.0,1788000.0,214572.8
SL-7832,2023-03-25,Mahindra,Bolero,SUV,Diesel,West,Mumbai,Sneha Reddy,1,2638000.0,0.02,2585240.0,222717.03
SL-9470,2023-03-26,Mahindra,Scorpio,SUV,Petrol,West,Mumbai,Rahul Sharma,1,1327000.0,0.0,1327000.0,257080.34
SL-6077,2023-03-26,Ford,EcoSport,SUV,Petrol,Central,Indore,Sneha Reddy,2,2703000.0,0.02,5297880.0,562684.59
SL-7684,2023-03-26,Toyota,Fortuner,SUV,CNG,South,Hyderabad,Arjun Nair,1,1669000.0,0.05,1585550.0,208393.63
SL-7800,2023-03-26,Mahindra,XUV700,SUV,Diesel,South,Chennai,Neha Gupta,1,1053000.0,0.0,1053000.0,156856.18
SL-7333,2023-03-26,Maruti Suzuki,Swift,Hatchback,Diesel,North,Delhi,Rohit Verma,2,819000.0,0.02,1605240.0,314031.05
SL-9321,2023-03-26,Ford,Endeavour,SUV,Diesel,West,Mumbai,Anjali Desai,1,1569000.0,0.0,1569000.0,311191.68
SL-6551,2023-03-26,Kia,Sonet,SUV,CNG,Central,Indore,Sneha Reddy,3,2564000.0,0.0,7692000.0,1447362.4
SL-9251,2023-03-26,Mahindra,XUV700,SUV,CNG,South,Chennai,Priya Singh,3,1541000.0,0.0,4623000.0,837035.95
SL-8924,2023-03-27,Toyota,Fortuner,SUV,Petrol,Central,Bhopal,Rohit Verma,1,1308000.0,0.02,1281840.0,132480.66
SL-5088,2023-03-27,Honda,Amaze,Sedan,Petrol,Central,Indore,Rohit Verma,3,1280000.0,0.02,3763200.0,527262.15
SL-5304,2023-03-27,Maruti Suzuki,Ertiga,MPV,Petrol,South,Chennai,Kavita Joshi,2,1485000.0,0.0,2970000.0,446438.85
SL-7343,2023-03-27,Maruti Suzuki,Baleno,Hatchback,Petrol,East,Kolkata,Sneha Reddy,2,672000.0,0.02,1317120.0,164587.33
SL-6694,2023-03-28,Honda,City,Sedan,Electric,North,Lucknow,Rahul Sharma,1,1196000.0,0.02,1172080.0,208767.54
SL-6334,2023-03-28,Hyundai,i20,Hatchback,Diesel,Central,Bhopal,Rohit Verma,1,826000.0,0.0,826000.0,175503.04
SL-5209,2023-03-28,Tata,Punch,SUV,Petrol,South,Bengaluru,Rahul Sharma,2,1056000.0,0.02,2069760.0,383333.48
SL-6743,2023-03-28,Toyota,Innova,MPV,Petrol,South,Chennai,Amit Patel,3,1262000.0,0.0,3786000.0,537081.18
SL-7358,2023-03-28,Tata,Punch,SUV,Petrol,East,Bhubaneswar,Arjun Nair,1,1917000.0,0.0,1917000.0,318926.46
SL-8533,2023-03-28,Toyota,Camry,Sedan,Electric,South,Bengaluru,Vikram Iyer,1,1019000.0,0.05,968050.0,124495.05
SL-5757,2023-03-29,Maruti Suzuki,Baleno,Hatchback,Petrol,Central,Bhopal,Kavita Joshi,1,800000.0,0.0,800000.0,167701.21
SL-6779,2023-03-29,Kia,Carens,MPV,Electric,East,Kolkata,Neha Gupta,1,1397000.0,0.02,1369060.0,230418.78
SL-7372,2023-03-30,Mahindra,Thar,SUV,Petrol,South,Hyderabad,Amit Patel,2,1491000.0,0.02,2922360.0,346192.96
SL-6197,2023-03-30,Maruti Suzuki,Brezza,SUV,Petrol,North,Chandigarh,Vikram Iyer,3,1430000.0,0.02,4204200.0,583921.16
SL-8337,2023-03-30,Toyota,Corolla,Sedan,Petrol,South,Chennai,Neha Gupta,1,905000.0,0.0,905000.0,180325.72
SL-8631,2023-03-30,Hyundai,i20,Hatchback,CNG,Central,Indore,Kavita Joshi,3,719000.0,0.05,2049150.0,271361.49
SL-6853,2023-03-31,Toyota,Corolla,Sedan,Diesel,South,Chennai,Neha Gupta,3,1182000.0,0.0,3546000.0,477793.97
SL-5425,2023-03-31,Tata,Altroz,Hatchback,Diesel,North,Chandigarh,Rohit Verma,2,665000.0,0.05,1263500.0,178272.88
SL-6016,2023-03-31,Kia,Carens,MPV,Diesel,South,Chennai,Priya Singh,1,1777000.0,0.05,1688150.0,282188.71
SL-9122,2023-03-31,Toyota,Corolla,Sedan,Diesel,West,Mumbai,Rohit Verma,2,1622000.0,0.0,3244000.0,369208.88
SL-7319,2023-04-01,Ford,Figo,Hatchback,Diesel,Central,Bhopal,Vikram Iyer,3,875000.0,0.05,2493750.0,161221.59
SL-6640,2023-04-01,Hyundai,Verna,Sedan,Diesel,South,Bengaluru,Priya Singh,2,1350000.0,0.05,2565000.0,239234.12
SL-5473,2023-04-01,Tata,Harrier,SUV,Petrol,South,Chennai,Sneha Reddy,2,2039000.0,0.05,3874100.0,570035.84
SL-8173,2023-04-01,Toyota,Fortuner,SUV,Petrol,West,Pune,Kavita Joshi,2,1170000.0,0.05,2223000.0,232909.72
SL-8774,2023-04-01,Hyundai,i20,Hatchback,Petrol,North,Chandigarh,Amit Patel,2,699000.0,0.02,1370040.0,265314.8
SL-6638,2023-04-02,Mahindra,XUV700,SUV,CNG,Central,Indore,Amit Patel,3,1514000.0,0.0,4542000.0,641685.81
SL-8542,2023-04-02,Honda,CR-V,SUV,Petrol,South,Hyderabad,Anjali Desai,1,2638000.0,0.0,2638000.0,370592.09
SL-7700,2023-04-02,Tata,Punch,SUV,Diesel,Central,Bhopal,Rahul Sharma,3,1456000.0,0.05,4149600.0,493520.59
SL-7399,2023-04-02,Kia,Sonet,SUV,Diesel,South,Hyderabad,Neha Gupta,3,2549000.0,0.1,6882300.0,341699.02
SL-6467,2023-04-02,Hyundai,Venue,SUV,Petrol,West,Ahmedabad,Amit Patel,3,1636000.0,0.0,4908000.0,752627.29
SL-8450,2023-04-02,Honda,CR-V,SUV,Petrol,East,Bhubaneswar,Kavita Joshi,1,2453000.0,0.05,2330350.0,301534.84
SL-8320,2023-04-02,Ford,Figo,Hatchback,Electric,Central,Nagpur,Rohit Verma,1,761000.0,0.05,722950.0,48991.03
SL-7170,2023-04-02,Honda,CR-V,SUV,CNG,West,Ahmedabad,Rahul Sharma,1,1442000.0,0.02,1413160.0,237522.94
SL-9077,2023-04-02,Kia,Sonet,SUV,Petrol,East,Patna,Kavita Joshi,3,1644000.0,0.05,4685400.0,636369.16
SL-7011,2023-04-03,Toyota,Corolla,Sedan,Diesel,East,Patna,Arjun Nair,2,1266000.0,0.02,2481360.0,425587.08
SL-7466,2023-04-03,Tata,Nexon,SUV,Diesel,Central,Bhopal,Vikram Iyer,3,2621000.0,0.0,7863000.0,894130.84
SL-5875,2023-04-04,Mahindra,Thar,SUV,Diesel,Central,Indore,Priya Singh,2,1803000.0,0.0,3606000.0,630634.63
SL-6400,2023-04-04,Ford,EcoSport,SUV,Petrol,South,Hyderabad,Rohit Verma,1,2639000.0,0.1,2375100.0,198384.64
SL-9012,2023-04-04,Ford,Figo,Hatchback,Petrol,South,Hyderabad,Rahul Sharma,2,738000.0,0.0,1476000.0,320967.87
SL-8397,2023-04-04,Kia,Seltos,SUV,Diesel,Central,Indore,Kavita Joshi,2,2381000.0,0.0,4762000.0,687590.68
SL-9072,2023-04-04,Toyota,Camry,Sedan,Diesel,North,Lucknow,Rahul Sharma,3,1218000.0,0.05,3471300.0,605371.26
SL-5684,2023-04-05,Maruti Suzuki,Ertiga,MPV,Diesel,East,Bhubaneswar,Arjun Nair,3,1072000.0,0.0,3216000.0,694861.87
SL-5687,2023-04-05,Toyota,Camry,Sedan,Diesel,Central,Indore,Priya Singh,2,1465000.0,0.0,2930000.0,391353.8
SL-5455,2023-04-05,Tata,Nexon,SUV,Diesel,North,Lucknow,Anjali Desai,2,2676000.0,0.0,5352000.0,561614.13
SL-7140,2023-04-05,Maruti Suzuki,Ertiga,MPV,CNG,South,Hyderabad,Vikram Iyer,1,1851000.0,0.0,1851000.0,406221.96
SL-7073,2023-04-05,Toyota,Camry,Sedan,CNG,Central,Bhopal,Rohit Verma,3,935000.0,0.02,2748900.0,385236.63
SL-5614,2023-04-06,Tata,Harrier,SUV,Petrol,Central,Bhopal,Rahul Sharma,3,1505000.0,0.05,4289250.0,486722.1
SL-6421,2023-04-06,Honda,Amaze,Sedan,Diesel,North,Chandigarh,Priya Singh,2,1797000.0,0.1,3234600.0,360514.16
SL-7234,2023-04-06,Maruti Suzuki,Brezza,SUV,CNG,North,Lucknow,Sneha Reddy,1,2447000.0,0.0,2447000.0,436195.18
SL-5898,2023-04-06,Tata,Harrier,SUV,Diesel,East,Patna,Rohit Verma,1,2312000.0,0.08,2127040.0,232887.67
SL-9075,2023-04-06,Hyundai,Creta,SUV,Petrol,Central,Indore,Neha Gupta,1,2206000.0,0.0,2206000.0,418312.06
SL-8792,2023-04-07,Maruti Suzuki,Baleno,Hatchback,Diesel,South,Chennai,Vikram Iyer,3,874000.0,0.05,2490900.0,406320.64
SL-8934,2023-04-07,Maruti Suzuki,Ertiga,MPV,CNG,North,Chandigarh,Rahul Sharma,3,1734000.0,0.02,5097960.0,1037590.43
SL-6964,2023-04-07,Mahindra,Scorpio,SUV,Petrol,North,Delhi,Arjun Nair,2,2621000.0,0.08,4822640.0,543307.25
SL-5259,2023-04-07,Ford,EcoSport,SUV,Petrol,West,Pune,Vikram Iyer,1,1779000.0,0.0,1779000.0,347530.91
SL-6245,2023-04-07,Toyota,Camry,Sedan,Petrol,Central,Bhopal,Neha Gupta,2,1544000.0,0.02,3026240.0,339066.1
SL-8380,2023-04-07,Honda,City,Sedan,Diesel,North,Chandigarh,Amit Patel,3,1085000.0,0.0,3255000.0,519580.32
SL-6762,2023-04-07,Honda,Amaze,Sedan,Petrol,South,Chennai,Priya Singh,1,1263000.0,0.05,1199850.0,159030.36
SL-6203,2023-04-07,Tata,Altroz,Hatchback,Electric,Central,Bhopal,Amit Patel,3,879000.0,0.0,2637000.0,281336.42
SL-7176,2023-04-08,Maruti Suzuki,Baleno,Hatchback,Petrol,East,Kolkata,Kavita Joshi,3,777000.0,0.02,2284380.0,270980.87
SL-7254,2023-04-08,Ford,EcoSport,SUV,CNG,West,Ahmedabad,Vikram Iyer,1,2484000.0,0.05,2359800.0,196134.04
SL-7463,2023-04-08,Tata,Punch,SUV,Petrol,East,Patna,Rahul Sharma,3,1471000.0,0.0,4413000.0,894714.32
SL-7580,2023-04-08,Hyundai,Venue,SUV,Diesel,South,Chennai,Vikram Iyer,3,2295000.0,0.05,6540750.0,913969.22
SL-8212,2023-04-08,Tata,Nexon,SUV,CNG,West,Pune,Kavita Joshi,1,1669000.0,0.08,1535480.0,50489.01
SL-7434,2023-04-08,Toyota,Fortuner,SUV,CNG,North,Chandigarh,Amit Patel,3,2784000.0,0.1,7516800.0,392250.48
SL-8030,2023-04-08,Tata,Nexon,SUV,Petrol,North,Chandigarh,Kavita Joshi,3,1819000.0,0.0,5457000.0,1184757.87
SL-6107,2023-04-08,Tata,Nexon,SUV,Petrol,West,Mumbai,Priya Singh,1,2352000.0,0.05,2234400.0,253739.0
SL-6783,2023-04-09,Honda,Amaze,Sedan,Petrol,Central,Indore,Sneha Reddy,3,1058000.0,0.0,3174000.0,436989.95
SL-8297,2023-04-09,Honda,Civic,Sedan,Petrol,West,Pune,Kavita Joshi,2,1349000.0,0.02,2644040.0,435649.34
SL-6140,2023-04-09,Hyundai,Verna,Sedan,Petrol,Central,Nagpur,Priya Singh,2,1441000.0,0.02,2824360.0,526799.42
SL-8398,2023-04-09,Honda,Amaze,Sedan,Diesel,Central,Bhopal,Anjali Desai,2,1516000.0,0.08,2789440.0,140355.61
SL-5008,2023-04-09,Maruti Suzuki,Brezza,SUV,Petrol,East,Patna,Rahul Sharma,2,2299000.0,0.02,4506040.0,631176.93
SL-8199,2023-04-10,Tata,Nexon,SUV,CNG,Central,Bhopal,Vikram Iyer,3,1963000.0,0.0,5889000.0,1031084.76
SL-9286,2023-04-10,Ford,Endeavour,SUV,Petrol,South,Bengaluru,Sneha Reddy,2,2108000.0,0.02,4131680.0,790430.75
SL-6202,2023-04-10,Ford,Figo,Hatchback,Diesel,East,Kolkata,Priya Singh,3,720000.0,0.02,2116800.0,379726.76
SL-6825,2023-04-11,Tata,Harrier,SUV,Petrol,South,Hyderabad,Priya Singh,2,2421000.0,0.05,4599900.0,593622.42
SL-6799,2023-04-11,Toyota,Corolla,Sedan,CNG,West,Mumbai,Rohit Verma,1,1643000.0,0.02,1610140.0,200963.03
SL-7304,2023-04-11,Toyota,Corolla,Sedan,CNG,South,Chennai,Sneha Reddy,2,1078000.0,0.05,2048200.0,342161.88
SL-5385,2023-04-11,Tata,Nexon,SUV,Petrol,West,Mumbai,Rohit Verma,2,2634000.0,0.0,5268000.0,789255.25
SL-5149,2023-04-11,Mahindra,Bolero,SUV,Diesel,West,Mumbai,Sneha Reddy,1,2426000.0,0.0,2426000.0,380735.09
SL-5419,2023-04-11,Kia,Carens,MPV,Petrol,Central,Nagpur,Rohit Verma,2,1815000.0,0.0,3630000.0,691638.15
SL-9330,2023-04-12,Mahindra,Scorpio,SUV,CNG,Central,Bhopal,Rahul Sharma,3,2165000.0,0.05,6170250.0,1008936.09
SL-5253,2023-04-12,Toyota,Corolla,Sedan,Electric,North,Lucknow,Sneha Reddy,2,1043000.0,0.08,1919120.0,118168.87
SL-8178,2023-04-12,Hyundai,Creta,SUV,CNG,West,Ahmedabad,Neha Gupta,2,1186000.0,0.0,2372000.0,507954.74
SL-7806,2023-04-12,Mahindra,XUV700,SUV,Petrol,East,Bhubaneswar,Anjali Desai,1,2091000.0,0.08,1923720.0,234431.05
SL-7985,2023-04-13,Mahindra,Thar,SUV,Diesel,East,Bhubaneswar,Anjali Desai,3,2790000.0,0.0,8370000.0,1076454.28
SL-8984,2023-04-13,Tata,Punch,SUV,Petrol,South,Bengaluru,Anjali Desai,3,1231000.0,0.05,3508350.0,491809.61
SL-8432,2023-04-13,Hyundai,Venue,SUV,Petrol,South,Bengaluru,Priya Singh,3,1765000.0,0.05,5030250.0,809309.04
SL-5841,2023-04-13,Maruti Suzuki,Swift,Hatchback,Petrol,West,Ahmedabad,Sneha Reddy,1,718000.0,0.0,718000.0,139766.62
SL-7986,2023-04-13,Toyota,Fortuner,SUV,Petrol,South,Hyderabad,Sneha Reddy,2,2621000.0,0.08,4822640.0,308580.84
SL-7194,2023-04-13,Mahindra,Scorpio,SUV,Petrol,Central,Nagpur,Neha Gupta,2,1986000.0,0.08,3654240.0,183574.81
SL-5111,2023-04-13,Honda,Civic,Sedan,CNG,South,Chennai,Anjali Desai,3,1051000.0,0.08,2900760.0,216380.31
SL-9164,2023-04-13,Kia,Seltos,SUV,Petrol,Central,Bhopal,Rohit Verma,1,2726000.0,0.0,2726000.0,451530.01
SL-5001,2023-04-13,Maruti Suzuki,Swift,Hatchback,Petrol,East,Kolkata,Vikram Iyer,3,647000.0,0.0,1941000.0,201108.6
SL-8123,2023-04-13,Hyundai,Verna,Sedan,Diesel,West,Mumbai,Priya Singh,1,1092000.0,0.0,1092000.0,188573.19
SL-5317,2023-04-14,Hyundai,Verna,Sedan,Diesel,West,Ahmedabad,Rahul Sharma,2,1166000.0,0.0,2332000.0,434232.57
SL-5141,2023-04-14,Tata,Nexon,SUV,Diesel,West,Mumbai,Rohit Verma,1,2418000.0,0.05,2297100.0,184146.73
SL-5925,2023-04-14,Kia,Seltos,SUV,Diesel,North,Lucknow,Arjun Nair,2,1405000.0,0.05,2669500.0,476963.52
SL-6993,2023-04-14,Maruti Suzuki,Brezza,SUV,Diesel,South,Bengaluru,Rahul Sharma,1,2629000.0,0.1,2366100.0,48177.33
SL-9359,2023-04-14,Maruti Suzuki,Swift,Hatchback,Petrol,Central,Bhopal,Arjun Nair,1,665000.0,0.08,611800.0,48609.58
SL-5212,2023-04-14,Tata,Nexon,SUV,Diesel,South,Hyderabad,Vikram Iyer,3,2280000.0,0.1,6156000.0,74319.66
SL-5539,2023-04-14,Ford,Figo,Hatchback,Petrol,East,Kolkata,Sneha Reddy,2,771000.0,0.0,1542000.0,201459.78
SL-6374,2023-04-15,Toyota,Camry,Sedan,Diesel,Central,Bhopal,Neha Gupta,2,999000.0,0.05,1898100.0,183210.29
SL-6649,2023-04-15,Honda,City,Sedan,Petrol,East,Kolkata,Anjali Desai,1,1585000.0,0.02,1553300.0,283725.17
SL-8557,2023-04-15,Tata,Harrier,SUV,Diesel,East,Bhubaneswar,Rohit Verma,3,2018000.0,0.0,6054000.0,902233.55
SL-5693,2023-04-15,Honda,Amaze,Sedan,Diesel,North,Delhi,Sneha Reddy,3,1273000.0,0.0,3819000.0,585761.4
SL-7171,2023-04-15,Tata,Punch,SUV,Petrol,South,Hyderabad,Priya Singh,2,1318000.0,0.02,2583280.0,505151.01
SL-8181,2023-04-15,Mahindra,Thar,SUV,Petrol,East,Patna,Sneha Reddy,2,2738000.0,0.02,5366480.0,923785.92
SL-6868,2023-04-15,Honda,CR-V,SUV,Diesel,West,Mumbai,Neha Gupta,1,1411000.0,0.08,1298120.0,108054.16
SL-5153,2023-04-15,Kia,Seltos,SUV,CNG,North,Delhi,Rahul Sharma,1,2675000.0,0.05,2541250.0,295709.87
SL-6094,2023-04-15,Hyundai,Creta,SUV,Diesel,West,Ahmedabad,Priya Singh,2,1010000.0,0.02,1979600.0,358776.92
SL-6206,2023-04-16,Honda,City,Sedan,Petrol,North,Delhi,Anjali Desai,1,966000.0,0.0,966000.0,138960.59
SL-7555,2023-04-16,Toyota,Fortuner,SUV,CNG,East,Bhubaneswar,Sneha Reddy,2,2582000.0,0.0,5164000.0,879309.74
SL-5406,2023-04-16,Toyota,Fortuner,SUV,Petrol,West,Pune,Priya Singh,1,1705000.0,0.05,1619750.0,149389.25
SL-5569,2023-04-16,Toyota,Innova,MPV,Diesel,West,Pune,Neha Gupta,1,1081000.0,0.08,994520.0,28383.15
SL-8163,2023-04-16,Tata,Harrier,SUV,Petrol,Central,Indore,Rohit Verma,1,1836000.0,0.08,1689120.0,116658.68
SL-5069,2023-04-16,Toyota,Innova,MPV,Petrol,South,Bengaluru,Neha Gupta,1,1067000.0,0.1,960300.0,20627.49
SL-7744,2023-04-16,Honda,Amaze,Sedan,Petrol,South,Hyderabad,Rahul Sharma,1,1147000.0,0.0,1147000.0,118391.16
SL-6432,2023-04-17,Maruti Suzuki,Ertiga,MPV,Petrol,North,Chandigarh,Priya Singh,1,1581000.0,0.0,1581000.0,182174.98
SL-8214,2023-04-17,Ford,Endeavour,SUV,Diesel,North,Delhi,Rohit Verma,1,1449000.0,0.05,1376550.0,130143.26
SL-5881,2023-04-17,Maruti Suzuki,Ertiga,MPV,Petrol,North,Lucknow,Rohit Verma,1,1614000.0,0.08,1484880.0,72370.18
SL-8728,2023-04-17,Tata,Harrier,SUV,Petrol,East,Bhubaneswar,Rohit Verma,1,1695000.0,0.05,1610250.0,261965.0
SL-9036,2023-04-17,Toyota,Innova,MPV,CNG,North,Lucknow,Anjali Desai,2,984000.0,0.0,1968000.0,396898.11
SL-9128,2023-04-17,Tata,Nexon,SUV,CNG,West,Pune,Neha Gupta,1,1342000.0,0.08,1234640.0,158281.63
SL-6032,2023-04-17,Ford,Endeavour,SUV,Petrol,South,Chennai,Neha Gupta,3,2754000.0,0.05,7848900.0,1378507.94
SL-7609,2023-04-17,Honda,City,Sedan,Diesel,South,Bengaluru,Anjali Desai,3,1509000.0,0.0,4527000.0,501178.37
SL-5094,2023-04-17,Honda,City,Sedan,Electric,South,Bengaluru,Rahul Sharma,1,1621000.0,0.08,1491320.0,33410.53
SL-6903,2023-04-18,Ford,EcoSport,SUV,Petrol,East,Patna,Anjali Desai,2,1697000.0,0.08,3122480.0,226208.26
SL-5440,2023-04-18,Maruti Suzuki,Baleno,Hatchback,Diesel,Central,Bhopal,Neha Gupta,3,603000.0,0.02,1772820.0,195441.35
SL-8974,2023-04-18,Toyota,Camry,Sedan,Petrol,South,Chennai,Rahul Sharma,3,1692000.0,0.05,4822200.0,828390.45
SL-6735,2023-04-18,Kia,Seltos,SUV,Petrol,East,Kolkata,Vikram Iyer,3,1507000.0,0.08,4159320.0,294396.67
SL-6648,2023-04-18,Mahindra,Thar,SUV,Petrol,West,Ahmedabad,Amit Patel,1,1449000.0,0.08,1333080.0,140628.68
SL-7984,2023-04-18,Hyundai,i20,Hatchback,Petrol,Central,Nagpur,Sneha Reddy,3,651000.0,0.0,1953000.0,379547.13
SL-7052,2023-04-18,Tata,Nexon,SUV,Petrol,East,Bhubaneswar,Neha Gupta,2,1937000.0,0.05,3680300.0,304358.83
SL-5183,2023-04-19,Mahindra,XUV700,SUV,Petrol,Central,Nagpur,Priya Singh,1,1292000.0,0.0,1292000.0,279687.38
SL-6528,2023-04-19,Ford,Figo,Hatchback,Electric,South,Hyderabad,Anjali Desai,2,883000.0,0.0,1766000.0,238693.2
SL-6662,2023-04-19,Tata,Nexon,SUV,Diesel,East,Patna,Sneha Reddy,1,1693000.0,0.0,1693000.0,223317.14
SL-5056,2023-04-19,Honda,Amaze,Sedan,Diesel,West,Ahmedabad,Neha Gupta,2,1288000.0,0.08,2369920.0,172832.53
SL-9295,2023-04-19,Honda,Amaze,Sedan,Petrol,East,Patna,Sneha Reddy,1,1277000.0,0.05,1213150.0,117627.64
SL-6703,2023-04-19,Honda,Civic,Sedan,Petrol,Central,Indore,Arjun Nair,2,1196000.0,0.0,2392000.0,353951.3
SL-5825,2023-04-19,Honda,Civic,Sedan,Petrol,South,Bengaluru,Neha Gupta,1,1348000.0,0.08,1240160.0,104605.1
SL-8802,2023-04-19,Hyundai,Creta,SUV,CNG,Central,Indore,Priya Singh,1,1209000.0,0.02,1184820.0,126235.9
SL-5576,2023-04-20,Toyota,Corolla,Sedan,Diesel,North,Delhi,Amit Patel,2,989000.0,0.08,1819760.0,178390.16
SL-5677,2023-04-20,Ford,Endeavour,SUV,Petrol,West,Pune,Sneha Reddy,3,1169000.0,0.0,3507000.0,425336.85
SL-7115,2023-04-20,Honda,Civic,Sedan,Petrol,South,Bengaluru,Rohit Verma,2,1515000.0,0.02,2969400.0,260928.52
SL-5583,2023-04-20,Kia,Seltos,SUV,Petrol,South,Hyderabad,Anjali Desai,3,1841000.0,0.1,4970700.0,538210.19
SL-7976,2023-04-20,Honda,CR-V,SUV,Petrol,North,Delhi,Kavita Joshi,3,2327000.0,0.0,6981000.0,1465050.55
SL-8616,2023-04-20,Honda,CR-V,SUV,Diesel,East,Kolkata,Kavita Joshi,1,1015000.0,0.02,994700.0,199511.08
SL-8416,2023-04-21,Kia,Sonet,SUV,CNG,East,Kolkata,Sneha Reddy,3,2228000.0,0.05,6349800.0,684134.49
SL-5900,2023-04-21,Kia,Seltos,SUV,Diesel,East,Bhubaneswar,Priya Singh,2,1375000.0,0.0,2750000.0,588493.79
SL-6678,2023-04-21,Honda,Amaze,Sedan,Petrol,North,Chandigarh,Arjun Nair,3,1195000.0,0.05,3405750.0,192255.07
SL-7341,2023-04-21,Maruti Suzuki,Swift,Hatchback,CNG,South,Chennai,Rohit Verma,2,871000.0,0.05,1654900.0,238587.5
SL-5889,2023-04-21,Maruti Suzuki,Ertiga,MPV,Diesel,North,Chandigarh,Neha Gupta,1,1870000.0,0.05,1776500.0,114800.47
SL-5395,2023-04-21,Tata,Punch,SUV,Diesel,East,Bhubaneswar,Sneha Reddy,1,2568000.0,0.08,2362560.0,329472.03
SL-5177,2023-04-22,Toyota,Camry,Sedan,Diesel,South,Chennai,Amit Patel,2,956000.0,0.1,1720800.0,47267.0
SL-7364,2023-04-22,Honda,CR-V,SUV,Petrol,Central,Bhopal,Rohit Verma,3,2593000.0,0.02,7623420.0,1538095.26
SL-7131,2023-04-22,Kia,Sonet,SUV,CNG,North,Lucknow,Anjali Desai,1,2565000.0,0.05,2436750.0,332692.81
SL-8467,2023-04-22,Mahindra,XUV700,SUV,Diesel,East,Bhubaneswar,Vikram Iyer,2,2363000.0,0.02,4631480.0,904425.82
SL-7762,2023-04-23,Honda,Civic,Sedan,Electric,Central,Bhopal,Sneha Reddy,3,1313000.0,0.02,3860220.0,511688.74
SL-7837,2023-04-23,Mahindra,Bolero,SUV,Diesel,East,Bhubaneswar,Vikram Iyer,1,1474000.0,0.0,1474000.0,313965.13
SL-5933,2023-04-23,Tata,Punch,SUV,Diesel,West,Ahmedabad,Amit Patel,3,1195000.0,0.1,3226500.0,413557.73
SL-5903,2023-04-23,Maruti Suzuki,Ertiga,MPV,Petrol,North,Delhi,Arjun Nair,3,1558000.0,0.0,4674000.0,960084.09
SL-7868,2023-04-23,Hyundai,Creta,SUV,Diesel,East,Bhubaneswar,Neha Gupta,3,2608000.0,0.0,7824000.0,1183618.72
SL-9038,2023-04-23,Ford,Endeavour,SUV,Petrol,South,Bengaluru,Sneha Reddy,3,1815000.0,0.0,5445000.0,892796.99
SL-6404,2023-04-23,Tata,Punch,SUV,Petrol,North,Lucknow,Priya Singh,1,1458000.0,0.02,1428840.0,159278.64
SL-9381,2023-04-23,Toyota,Camry,Sedan,Petrol,North,Lucknow,Sneha Reddy,1,1124000.0,0.0,1124000.0,173926.2
SL-8868,2023-04-23,Kia,Sonet,SUV,Petrol,North,Lucknow,Priya Singh,3,2006000.0,0.0,6018000.0,1131717.85
SL-7739,2023-04-24,Maruti Suzuki,Brezza,SUV,Petrol,North,Delhi,Amit Patel,3,2116000.0,0.0,6348000.0,952286.89
SL-8104,2023-04-24,Ford,Endeavour,SUV,Diesel,West,Ahmedabad,Amit Patel,3,2462000.0,0.02,7238280.0,1390902.53
SL-9212,2023-04-24,Ford,EcoSport,SUV,CNG,West,Mumbai,Sneha Reddy,3,1628000.0,0.08,4493280.0,611666.38
SL-6922,2023-04-24,Honda,Civic,Sedan,Diesel,West,Pune,Neha Gupta,3,1154000.0,0.08,3185040.0,217138.94
SL-9307,2023-04-24,Ford,Figo,Hatchback,Petrol,Central,Bhopal,Anjali Desai,2,770000.0,0.0,1540000.0,325789.17
SL-7098,2023-04-25,Maruti Suzuki,Swift,Hatchback,Diesel,North,Delhi,Sneha Reddy,2,719000.0,0.05,1366100.0,82149.05
SL-8000,2023-04-25,Honda,City,Sedan,Petrol,South,Chennai,Vikram Iyer,3,1236000.0,0.05,3522600.0,267759.65
SL-8583,2023-04-25,Maruti Suzuki,Ertiga,MPV,CNG,East,Kolkata,Sneha Reddy,2,1566000.0,0.05,2975400.0,181745.2
SL-8184,2023-04-25,Kia,Sonet,SUV,Diesel,East,Kolkata,Anjali Desai,1,1540000.0,0.0,1540000.0,270141.43
SL-7780,2023-04-25,Tata,Nexon,SUV,Petrol,North,Delhi,Rahul Sharma,2,1960000.0,0.08,3606400.0,494915.26
SL-6482,2023-04-26,Hyundai,Venue,SUV,Petrol,East,Patna,Rahul Sharma,1,1928000.0,0.05,1831600.0,154382.71
SL-5283,2023-04-26,Toyota,Corolla,Sedan,Diesel,Central,Nagpur,Priya Singh,3,1108000.0,0.0,3324000.0,591464.37
SL-6545,2023-04-26,Ford,Figo,Hatchback,Petrol,North,Delhi,Kavita Joshi,3,783000.0,0.05,2231550.0,152316.86
SL-6894,2023-04-26,Mahindra,Bolero,SUV,Petrol,East,Bhubaneswar,Rahul Sharma,1,1804000.0,0.02,1767920.0,161295.68
SL-6165,2023-04-27,Honda,CR-V,SUV,Electric,East,Patna,Arjun Nair,3,2692000.0,0.02,7914480.0,1338431.27
SL-5487,2023-04-27,Maruti Suzuki,Swift,Hatchback,Diesel,North,Lucknow,Amit Patel,1,653000.0,0.0,653000.0,71479.17
SL-6684,2023-04-27,Toyota,Fortuner,SUV,Petrol,Central,Indore,Anjali Desai,1,1440000.0,0.08,1324800.0,137358.83
SL-8449,2023-04-27,Kia,Seltos,SUV,Electric,East,Patna,Amit Patel,2,1430000.0,0.08,2631200.0,81659.38
SL-5987,2023-04-27,Hyundai,Venue,SUV,Petrol,West,Ahmedabad,Priya Singh,3,1869000.0,0.1,5046300.0,135326.08
SL-6699,2023-04-27,Maruti Suzuki,Baleno,Hatchback,Diesel,West,Mumbai,Neha Gupta,1,609000.0,0.0,609000.0,94438.54
SL-6007,2023-04-27,Ford,EcoSport,SUV,CNG,West,Pune,Anjali Desai,1,2025000.0,0.05,1923750.0,207720.29
SL-6319,2023-04-27,Mahindra,Bolero,SUV,Petrol,North,Delhi,Anjali Desai,1,2248000.0,0.05,2135600.0,224494.07
SL-6507,2023-04-27,Maruti Suzuki,Ertiga,MPV,CNG,South,Bengaluru,Priya Singh,2,1767000.0,0.0,3534000.0,468112.02
SL-8459,2023-04-28,Mahindra,Scorpio,SUV,Petrol,South,Hyderabad,Arjun Nair,2,2223000.0,0.02,4357080.0,700403.93
SL-5028,2023-04-28,Kia,Seltos,SUV,Electric,Central,Bhopal,Rahul Sharma,2,2101000.0,0.0,4202000.0,542303.68
SL-6581,2023-04-28,Maruti Suzuki,Baleno,Hatchback,Petrol,North,Delhi,Anjali Desai,1,779000.0,0.02,763420.0,146976.78
SL-8479,2023-04-28,Hyundai,Verna,Sedan,Petrol,Central,Bhopal,Arjun Nair,2,1305000.0,0.05,2479500.0,234841.66
SL-6800,2023-04-28,Honda,CR-V,SUV,Petrol,West,Mumbai,Vikram Iyer,2,1817000.0,0.05,3452300.0,263757.01
SL-5817,2023-04-28,Ford,EcoSport,SUV,Diesel,East,Bhubaneswar,Neha Gupta,2,1835000.0,0.0,3670000.0,548659.5
SL-6590,2023-04-28,Maruti Suzuki,Ertiga,MPV,CNG,West,Mumbai,Rohit Verma,3,954000.0,0.0,2862000.0,553717.14
SL-6168,2023-04-28,Tata,Altroz,Hatchback,CNG,East,Kolkata,Anjali Desai,3,656000.0,0.05,1869600.0,125540.48
SL-8419,2023-04-29,Kia,Seltos,SUV,CNG,West,Mumbai,Neha Gupta,3,1193000.0,0.05,3400050.0,451911.6
SL-7192,2023-04-29,Hyundai,Venue,SUV,Petrol,North,Lucknow,Priya Singh,1,1594000.0,0.02,1562120.0,221938.72
SL-5045,2023-04-29,Kia,Seltos,SUV,Petrol,North,Chandigarh,Rahul Sharma,1,2492000.0,0.02,2442160.0,374352.38
SL-7822,2023-04-29,Maruti Suzuki,Ertiga,MPV,Diesel,Central,Nagpur,Arjun Nair,2,1388000.0,0.05,2637200.0,279532.48
SL-8197,2023-04-29,Honda,Civic,Sedan,Petrol,North,Delhi,Neha Gupta,1,1438000.0,0.0,1438000.0,307798.82
SL-7101,2023-04-30,Honda,Civic,Sedan,Electric,North,Chandigarh,Anjali Desai,2,1063000.0,0.0,2126000.0,220472.59
SL-8333,2023-04-30,Kia,Sonet,SUV,Petrol,North,Chandigarh,Rahul Sharma,3,2249000.0,0.0,6747000.0,1388371.56
SL-8779,2023-04-30,Maruti Suzuki,Ertiga,MPV,Electric,West,Mumbai,Kavita Joshi,3,1379000.0,0.02,4054260.0,719824.03
SL-6109,2023-04-30,Toyota,Innova,MPV,Diesel,Central,Bhopal,Kavita Joshi,1,1496000.0,0.1,1346400.0,158597.91
SL-8038,2023-05-01,Maruti Suzuki,Brezza,SUV,CNG,West,Mumbai,Sneha Reddy,1,2050000.0,0.08,1886000.0,116293.81
SL-7074,2023-05-01,Toyota,Corolla,Sedan,Petrol,North,Chandigarh,Sneha Reddy,1,1768000.0,0.0,1768000.0,372461.36
SL-8027,2023-05-01,Maruti Suzuki,Baleno,Hatchback,CNG,North,Lucknow,Rohit Verma,2,757000.0,0.02,1483720.0,191638.64
SL-7072,2023-05-02,Kia,Carens,MPV,Petrol,West,Mumbai,Amit Patel,2,1499000.0,0.05,2848100.0,382307.17
SL-8803,2023-05-02,Maruti Suzuki,Brezza,SUV,Petrol,Central,Bhopal,Anjali Desai,2,1558000.0,0.05,2960200.0,285547.73
SL-9058,2023-05-03,Toyota,Innova,MPV,CNG,South,Bengaluru,Sneha Reddy,1,1725000.0,0.0,1725000.0,340295.96
SL-9062,2023-05-03,Hyundai,i20,Hatchback,CNG,East,Bhubaneswar,Amit Patel,2,643000.0,0.05,1221700.0,212676.27
SL-8425,2023-05-04,Tata,Altroz,Hatchback,Diesel,Central,Indore,Rahul Sharma,1,786000.0,0.02,770280.0,101118.43
SL-8246,2023-05-04,Mahindra,XUV700,SUV,Diesel,North,Lucknow,Kavita Joshi,1,2495000.0,0.02,2445100.0,238931.04
SL-5187,2023-05-04,Toyota,Innova,MPV,Petrol,East,Bhubaneswar,Rohit Verma,2,1338000.0,0.08,2461920.0,299895.1
SL-6531,2023-05-04,Kia,Seltos,SUV,Petrol,South,Chennai,Neha Gupta,1,1371000.0,0.0,1371000.0,142624.69
SL-7409,2023-05-04,Toyota,Innova,MPV,Petrol,Central,Indore,Neha Gupta,2,1374000.0,0.02,2693040.0,459187.25
SL-7428,2023-05-05,Hyundai,Venue,SUV,CNG,Central,Indore,Kavita Joshi,3,1406000.0,0.05,4007100.0,500332.9
SL-7142,2023-05-05,Hyundai,Verna,Sedan,Petrol,East,Bhubaneswar,Rohit Verma,2,1653000.0,0.02,3239880.0,631888.94
SL-8048,2023-05-05,Toyota,Innova,MPV,Petrol,North,Lucknow,Arjun Nair,1,1253000.0,0.0,1253000.0,236691.9
SL-6134,2023-05-05,Tata,Nexon,SUV,Petrol,North,Lucknow,Priya Singh,3,2047000.0,0.05,5833950.0,672137.14
SL-5417,2023-05-06,Maruti Suzuki,Swift,Hatchback,Petrol,North,Chandigarh,Amit Patel,3,690000.0,0.05,1966500.0,174873.86
SL-8417,2023-05-06,Hyundai,Verna,Sedan,CNG,West,Mumbai,Sneha Reddy,2,1635000.0,0.0,3270000.0,355143.08
SL-8267,2023-05-06,Mahindra,Scorpio,SUV,Diesel,South,Hyderabad,Anjali Desai,2,1404000.0,0.08,2583360.0,284069.13
SL-5267,2023-05-07,Toyota,Innova,MPV,Petrol,West,Mumbai,Rohit Verma,2,1587000.0,0.05,3015300.0,504770.81
SL-5278,2023-05-07,Hyundai,Creta,SUV,Petrol,West,Ahmedabad,Rohit Verma,1,2254000.0,0.0,2254000.0,407283.69
SL-9391,2023-05-07,Toyota,Fortuner,SUV,Petrol,Central,Indore,Rohit Verma,1,1890000.0,0.0,1890000.0,356989.66
SL-5199,2023-05-07,Tata,Nexon,SUV,CNG,North,Lucknow,Kavita Joshi,3,1557000.0,0.1,4203900.0,156164.54
SL-5331,2023-05-08,Tata,Nexon,SUV,Petrol,West,Ahmedabad,Sneha Reddy,3,2003000.0,0.05,5708550.0,330650.27
SL-5797,2023-05-08,Hyundai,Verna,Sedan,Petrol,Central,Bhopal,Anjali Desai,1,1370000.0,0.05,1301500.0,72363.08
SL-5289,2023-05-09,Tata,Nexon,SUV,Petrol,West,Mumbai,Anjali Desai,3,1114000.0,0.05,3174900.0,263008.18
SL-5182,2023-05-09,Mahindra,Bolero,SUV,Petrol,Central,Indore,Vikram Iyer,2,2588000.0,0.0,5176000.0,524795.06
SL-8082,2023-05-09,Hyundai,Creta,SUV,Petrol,Central,Bhopal,Rohit Verma,3,1082000.0,0.08,2986320.0,449000.79
SL-7369,2023-05-09,Hyundai,Venue,SUV,Petrol,Central,Indore,Sneha Reddy,2,2726000.0,0.0,5452000.0,912124.83
SL-7526,2023-05-09,Mahindra,Bolero,SUV,Diesel,Central,Nagpur,Amit Patel,2,1203000.0,0.05,2285700.0,316395.88
SL-8911,2023-05-10,Tata,Altroz,Hatchback,Petrol,East,Patna,Anjali Desai,3,812000.0,0.0,2436000.0,521278.83
SL-7796,2023-05-10,Ford,Figo,Hatchback,Petrol,East,Kolkata,Priya Singh,3,859000.0,0.0,2577000.0,404743.3
SL-8977,2023-05-10,Toyota,Fortuner,SUV,Petrol,South,Chennai,Rahul Sharma,2,1545000.0,0.02,3028200.0,478645.45
SL-6209,2023-05-10,Mahindra,XUV700,SUV,Diesel,South,Bengaluru,Sneha Reddy,3,2013000.0,0.1,5435100.0,195948.92
SL-8629,2023-05-11,Honda,City,Sedan,Electric,Central,Bhopal,Rohit Verma,1,1350000.0,0.0,1350000.0,217957.61
SL-8885,2023-05-11,Toyota,Innova,MPV,Diesel,West,Ahmedabad,Sneha Reddy,1,1789000.0,0.0,1789000.0,377898.41
SL-9388,2023-05-11,Tata,Punch,SUV,Petrol,East,Patna,Neha Gupta,3,1266000.0,0.02,3722040.0,459205.13
SL-7036,2023-05-11,Mahindra,XUV700,SUV,Petrol,North,Delhi,Vikram Iyer,3,1500000.0,0.05,4275000.0,562733.75
SL-6616,2023-05-11,Ford,EcoSport,SUV,Petrol,Central,Nagpur,Rahul Sharma,3,1273000.0,0.1,3437100.0,54011.82
SL-6861,2023-05-11,Honda,City,Sedan,Petrol,Central,Nagpur,Priya Singh,1,1441000.0,0.0,1441000.0,233362.7
SL-5814,2023-05-12,Toyota,Corolla,Sedan,Petrol,East,Kolkata,Sneha Reddy,1,1185000.0,0.0,1185000.0,130132.93
SL-7931,2023-05-12,Toyota,Corolla,Sedan,Petrol,East,Patna,Amit Patel,1,949000.0,0.0,949000.0,190906.18
SL-7349,2023-05-12,Ford,EcoSport,SUV,Diesel,South,Chennai,Vikram Iyer,2,2558000.0,0.02,5013680.0,459493.38
SL-6353,2023-05-13,Ford,Endeavour,SUV,Petrol,South,Hyderabad,Anjali Desai,3,2166000.0,0.0,6498000.0,652324.41
SL-8315,2023-05-13,Tata,Punch,SUV,CNG,East,Patna,Vikram Iyer,3,1141000.0,0.02,3354540.0,655399.5
SL-6603,2023-05-14,Hyundai,i20,Hatchback,Petrol,East,Patna,Vikram Iyer,1,871000.0,0.05,827450.0,133257.93
SL-7708,2023-05-14,Ford,EcoSport,SUV,Diesel,South,Chennai,Priya Singh,1,2441000.0,0.0,2441000.0,376604.41
SL-5396,2023-05-14,Ford,Endeavour,SUV,Diesel,North,Lucknow,Rahul Sharma,3,1551000.0,0.08,4280760.0,574757.15
SL-6123,2023-05-14,Hyundai,Verna,Sedan,Petrol,West,Mumbai,Vikram Iyer,3,1063000.0,0.1,2870100.0,279196.28
SL-5041,2023-05-14,Honda,CR-V,SUV,Petrol,Central,Bhopal,Vikram Iyer,1,1455000.0,0.02,1425900.0,181107.0
SL-8683,2023-05-14,Tata,Harrier,SUV,Petrol,North,Delhi,Rahul Sharma,1,2374000.0,0.0,2374000.0,400583.99
SL-7123,2023-05-15,Mahindra,Bolero,SUV,Petrol,South,Chennai,Sneha Reddy,1,2735000.0,0.0,2735000.0,371908.8
SL-6520,2023-05-15,Ford,Figo,Hatchback,Diesel,East,Patna,Kavita Joshi,3,781000.0,0.08,2155560.0,177219.94
SL-5746,2023-05-15,Mahindra,Bolero,SUV,Diesel,South,Hyderabad,Rahul Sharma,3,2455000.0,0.0,7365000.0,1013505.64
SL-8127,2023-05-15,Maruti Suzuki,Swift,Hatchback,CNG,North,Lucknow,Anjali Desai,2,781000.0,0.05,1483900.0,126322.71
SL-7711,2023-05-16,Tata,Altroz,Hatchback,Petrol,Central,Indore,Amit Patel,3,781000.0,0.02,2296140.0,373536.23
SL-7252,2023-05-16,Honda,City,Sedan,CNG,North,Lucknow,Priya Singh,3,1327000.0,0.0,3981000.0,553087.17
SL-8627,2023-05-16,Mahindra,Bolero,SUV,Diesel,East,Patna,Arjun Nair,2,1729000.0,0.02,3388840.0,559719.75
SL-8290,2023-05-16,Ford,EcoSport,SUV,Diesel,West,Mumbai,Anjali Desai,2,2144000.0,0.0,4288000.0,837675.67
SL-6362,2023-05-16,Honda,CR-V,SUV,Petrol,West,Pune,Kavita Joshi,3,1905000.0,0.0,5715000.0,1018236.19
SL-8207,2023-05-16,Honda,CR-V,SUV,CNG,Central,Bhopal,Anjali Desai,1,1280000.0,0.05,1216000.0,211229.22
SL-9373,2023-05-17,Honda,Civic,Sedan,Diesel,Central,Bhopal,Sneha Reddy,2,1038000.0,0.0,2076000.0,404418.38
SL-7783,2023-05-17,Tata,Punch,SUV,CNG,East,Patna,Amit Patel,3,1302000.0,0.05,3710700.0,266957.34
SL-9044,2023-05-17,Honda,City,Sedan,Petrol,East,Patna,Vikram Iyer,2,1682000.0,0.0,3364000.0,610609.39
SL-5169,2023-05-17,Honda,CR-V,SUV,Petrol,Central,Bhopal,Sneha Reddy,1,1044000.0,0.05,991800.0,61017.59
SL-7256,2023-05-17,Ford,Figo,Hatchback,Petrol,East,Patna,Kavita Joshi,3,858000.0,0.0,2574000.0,260959.45
SL-6251,2023-05-18,Honda,CR-V,SUV,Petrol,North,Delhi,Kavita Joshi,3,1812000.0,0.08,5001120.0,257896.69
SL-8307,2023-05-18,Kia,Carens,MPV,Petrol,West,Pune,Arjun Nair,2,1003000.0,0.08,1845520.0,115940.11
SL-6266,2023-05-18,Honda,CR-V,SUV,CNG,West,Ahmedabad,Kavita Joshi,1,2516000.0,0.0,2516000.0,394467.66
SL-5050,2023-05-18,Kia,Seltos,SUV,Diesel,South,Bengaluru,Sneha Reddy,3,1592000.0,0.0,4776000.0,976856.45
SL-6452,2023-05-18,Honda,CR-V,SUV,Petrol,East,Bhubaneswar,Amit Patel,2,1296000.0,0.0,2592000.0,518375.46
SL-6382,2023-05-18,Hyundai,Verna,Sedan,Petrol,East,Bhubaneswar,Arjun Nair,1,1320000.0,0.0,1320000.0,243343.01
SL-9365,2023-05-18,Kia,Carens,MPV,Petrol,South,Bengaluru,Rahul Sharma,1,1216000.0,0.0,1216000.0,256604.37
SL-8589,2023-05-19,Honda,Amaze,Sedan,Diesel,South,Hyderabad,Priya Singh,3,1622000.0,0.02,4768680.0,641726.58
SL-7500,2023-05-19,Tata,Altroz,Hatchback,Petrol,South,Hyderabad,Sneha Reddy,3,707000.0,0.0,2121000.0,346524.47
SL-7255,2023-05-19,Maruti Suzuki,Baleno,Hatchback,Diesel,Central,Bhopal,Anjali Desai,1,832000.0,0.0,832000.0,152191.53
SL-7764,2023-05-19,Mahindra,XUV700,SUV,Petrol,West,Mumbai,Rohit Verma,1,2210000.0,0.0,2210000.0,431145.81
SL-8676,2023-05-19,Tata,Altroz,Hatchback,Petrol,North,Chandigarh,Priya Singh,2,609000.0,0.05,1157100.0,134248.84
SL-9142,2023-05-19,Tata,Harrier,SUV,Petrol,South,Chennai,Kavita Joshi,1,1937000.0,0.05,1840150.0,157327.49
SL-7656,2023-05-19,Honda,CR-V,SUV,Diesel,East,Kolkata,Amit Patel,1,2298000.0,0.0,2298000.0,413424.58
SL-5594,2023-05-19,Maruti Suzuki,Ertiga,MPV,Petrol,Central,Indore,Sneha Reddy,3,1838000.0,0.0,5514000.0,838642.83
SL-8343,2023-05-19,Kia,Sonet,SUV,Petrol,West,Pune,Rohit Verma,3,1552000.0,0.0,4656000.0,572607.71
SL-6253,2023-05-19,Mahindra,Scorpio,SUV,Petrol,Central,Nagpur,Sneha Reddy,3,2064000.0,0.1,5572800.0,134387.23
SL-6738,2023-05-19,Mahindra,Thar,SUV,Diesel,South,Hyderabad,Rohit Verma,1,2379000.0,0.1,2141100.0,60841.73
SL-6578,2023-05-19,Ford,Figo,Hatchback,Electric,West,Mumbai,Neha Gupta,1,760000.0,0.0,760000.0,121665.35
SL-9232,2023-05-20,Honda,CR-V,SUV,Petrol,East,Kolkata,Amit Patel,3,2748000.0,0.1,7419600.0,693937.05
SL-5494,2023-05-20,Ford,Figo,Hatchback,Diesel,West,Ahmedabad,Vikram Iyer,1,881000.0,0.02,863380.0,126080.66
SL-7122,2023-05-20,Honda,Civic,Sedan,Petrol,South,Bengaluru,Priya Singh,1,1369000.0,0.0,1369000.0,254546.7
SL-9050,2023-05-20,Kia,Carens,MPV,Petrol,South,Hyderabad,Sneha Reddy,1,1776000.0,0.0,1776000.0,365115.47
SL-7518,2023-05-20,Kia,Carens,MPV,Electric,Central,Bhopal,Rohit Verma,1,1356000.0,0.05,1288200.0,84255.2
SL-9399,2023-05-20,Toyota,Corolla,Sedan,Petrol,Central,Bhopal,Kavita Joshi,3,1245000.0,0.02,3660300.0,630142.18
SL-6461,2023-05-20,Tata,Nexon,SUV,CNG,West,Ahmedabad,Rahul Sharma,2,2759000.0,0.0,5518000.0,1091707.25
SL-8261,2023-05-20,Tata,Altroz,Hatchback,Diesel,Central,Nagpur,Sneha Reddy,2,832000.0,0.08,1530880.0,66844.22
SL-8516,2023-05-21,Ford,Figo,Hatchback,CNG,East,Patna,Vikram Iyer,2,836000.0,0.0,1672000.0,280237.57
SL-7790,2023-05-21,Kia,Seltos,SUV,CNG,West,Mumbai,Amit Patel,2,1549000.0,0.02,3036040.0,603329.89
SL-8345,2023-05-21,Ford,Figo,Hatchback,Diesel,North,Chandigarh,Arjun Nair,3,728000.0,0.02,2140320.0,202406.08
SL-5131,2023-05-21,Tata,Altroz,Hatchback,Petrol,South,Chennai,Sneha Reddy,2,685000.0,0.02,1342600.0,156264.83
SL-7884,2023-05-21,Honda,Amaze,Sedan,Diesel,Central,Bhopal,Rohit Verma,1,1123000.0,0.0,1123000.0,194285.17
SL-6973,2023-05-21,Maruti Suzuki,Baleno,Hatchback,Electric,West,Pune,Amit Patel,2,758000.0,0.08,1394720.0,174793.72
SL-6617,2023-05-21,Hyundai,i20,Hatchback,Diesel,North,Chandigarh,Amit Patel,3,870000.0,0.0,2610000.0,432803.09
SL-8707,2023-05-21,Toyota,Camry,Sedan,Petrol,Central,Nagpur,Amit Patel,2,1273000.0,0.0,2546000.0,474822.29
SL-5279,2023-05-21,Tata,Nexon,SUV,Diesel,South,Bengaluru,Rahul Sharma,1,2765000.0,0.0,2765000.0,311115.11
SL-5768,2023-05-21,Maruti Suzuki,Ertiga,MPV,Diesel,South,Chennai,Neha Gupta,2,1320000.0,0.05,2508000.0,143283.33
SL-6268,2023-05-21,Tata,Punch,SUV,CNG,Central,Nagpur,Sneha Reddy,2,1926000.0,0.05,3659400.0,350208.06
SL-7177,2023-05-22,Ford,EcoSport,SUV,Petrol,East,Bhubaneswar,Sneha Reddy,2,2012000.0,0.05,3822800.0,318059.38
SL-8536,2023-05-22,Maruti Suzuki,Ertiga,MPV,Petrol,West,Pune,Vikram Iyer,3,1530000.0,0.05,4360500.0,557869.85
SL-7760,2023-05-22,Hyundai,Creta,SUV,Petrol,South,Hyderabad,Sneha Reddy,1,1834000.0,0.02,1797320.0,286804.94
SL-8389,2023-05-22,Mahindra,Bolero,SUV,Diesel,East,Kolkata,Amit Patel,1,1441000.0,0.05,1368950.0,91821.18
SL-8955,2023-05-23,Toyota,Corolla,Sedan,Diesel,West,Ahmedabad,Vikram Iyer,3,1465000.0,0.08,4043400.0,306762.77
SL-8692,2023-05-23,Ford,Figo,Hatchback,Diesel,West,Mumbai,Anjali Desai,2,871000.0,0.0,1742000.0,189206.42
SL-6322,2023-05-23,Honda,Amaze,Sedan,Petrol,East,Bhubaneswar,Arjun Nair,3,1400000.0,0.0,4200000.0,722102.96
SL-7791,2023-05-23,Ford,Figo,Hatchback,Petrol,Central,Indore,Rahul Sharma,2,655000.0,0.02,1283800.0,198603.29
SL-9236,2023-05-23,Toyota,Innova,MPV,Petrol,North,Delhi,Amit Patel,1,1872000.0,0.05,1778400.0,190779.76
SL-7994,2023-05-24,Kia,Sonet,SUV,Diesel,Central,Indore,Neha Gupta,3,1993000.0,0.0,5979000.0,1237763.52
SL-5969,2023-05-24,Maruti Suzuki,Ertiga,MPV,Petrol,East,Kolkata,Arjun Nair,2,1090000.0,0.1,1962000.0,259445.4
SL-8302,2023-05-24,Mahindra,Thar,SUV,Electric,North,Lucknow,Anjali Desai,1,1723000.0,0.0,1723000.0,314786.05
SL-5346,2023-05-24,Kia,Sonet,SUV,CNG,Central,Indore,Kavita Joshi,3,1029000.0,0.02,3025260.0,435057.46
SL-5505,2023-05-24,Ford,Figo,Hatchback,Petrol,North,Chandigarh,Rahul Sharma,2,687000.0,0.02,1346520.0,193618.52
SL-9499,2023-05-24,Mahindra,Bolero,SUV,Diesel,West,Pune,Rohit Verma,3,1546000.0,0.02,4545240.0,384950.63
SL-6338,2023-05-25,Honda,Amaze,Sedan,Diesel,West,Ahmedabad,Priya Singh,1,1494000.0,0.05,1419300.0,120075.11
SL-8035,2023-05-25,Tata,Nexon,SUV,Petrol,Central,Nagpur,Rahul Sharma,2,2598000.0,0.08,4780320.0,156812.81
SL-7566,2023-05-25,Mahindra,Bolero,SUV,Electric,South,Bengaluru,Kavita Joshi,1,1016000.0,0.05,965200.0,168633.94
SL-8578,2023-05-25,Maruti Suzuki,Brezza,SUV,Petrol,South,Chennai,Vikram Iyer,1,2122000.0,0.0,2122000.0,222193.81
SL-9133,2023-05-25,Kia,Seltos,SUV,Diesel,West,Pune,Kavita Joshi,3,2251000.0,0.1,6077700.0,431084.91
SL-8235,2023-05-25,Ford,Figo,Hatchback,Petrol,Central,Indore,Kavita Joshi,1,896000.0,0.02,878080.0,72878.84
SL-8925,2023-05-25,Ford,EcoSport,SUV,Diesel,Central,Bhopal,Amit Patel,2,2413000.0,0.0,4826000.0,799202.33
SL-6582,2023-05-25,Toyota,Corolla,Sedan,Diesel,South,Chennai,Arjun Nair,1,990000.0,0.02,970200.0,105575.25
SL-7130,2023-05-25,Toyota,Innova,MPV,Diesel,South,Chennai,Kavita Joshi,1,1276000.0,0.0,1276000.0,176005.98
SL-6114,2023-05-26,Maruti Suzuki,Baleno,Hatchback,Petrol,South,Hyderabad,Arjun Nair,2,819000.0,0.08,1506960.0,203945.94
SL-8054,2023-05-26,Mahindra,XUV700,SUV,Diesel,Central,Bhopal,Neha Gupta,1,1550000.0,0.05,1472500.0,221955.22
SL-6920,2023-05-26,Mahindra,XUV700,SUV,Diesel,East,Kolkata,Rahul Sharma,1,1890000.0,0.0,1890000.0,382547.92
SL-7478,2023-05-26,Tata,Altroz,Hatchback,Diesel,West,Ahmedabad,Vikram Iyer,1,601000.0,0.05,570950.0,89841.97
SL-5618,2023-05-26,Tata,Nexon,SUV,Diesel,Central,Indore,Amit Patel,3,2678000.0,0.0,8034000.0,1267701.29
SL-6794,2023-05-26,Ford,Endeavour,SUV,Petrol,West,Pune,Sneha Reddy,2,1835000.0,0.0,3670000.0,530334.57
SL-8978,2023-05-27,Mahindra,Bolero,SUV,CNG,West,Mumbai,Rahul Sharma,1,1017000.0,0.02,996660.0,145101.31
SL-7568,2023-05-27,Tata,Altroz,Hatchback,Diesel,East,Bhubaneswar,Neha Gupta,3,751000.0,0.0,2253000.0,473618.61
SL-5661,2023-05-27,Hyundai,Venue,SUV,Diesel,East,Patna,Rahul Sharma,1,1619000.0,0.0,1619000.0,349662.71
SL-5641,2023-05-27,Tata,Nexon,SUV,Petrol,North,Delhi,Rahul Sharma,1,2106000.0,0.0,2106000.0,385363.66
SL-8644,2023-05-27,Honda,CR-V,SUV,Diesel,East,Patna,Vikram Iyer,1,2700000.0,0.05,2565000.0,370564.59
SL-6468,2023-05-27,Maruti Suzuki,Swift,Hatchback,Diesel,South,Chennai,Anjali Desai,1,683000.0,0.0,683000.0,85612.27
SL-8754,2023-05-27,Tata,Harrier,SUV,CNG,North,Delhi,Sneha Reddy,1,2612000.0,0.02,2559760.0,473154.09
SL-9370,2023-05-27,Tata,Harrier,SUV,Petrol,East,Kolkata,Sneha Reddy,3,1882000.0,0.02,5533080.0,946966.06
SL-5216,2023-05-27,Mahindra,Scorpio,SUV,Diesel,East,Patna,Vikram Iyer,1,1034000.0,0.0,1034000.0,119276.24
SL-5859,2023-05-27,Tata,Punch,SUV,Diesel,East,Patna,Arjun Nair,1,2474000.0,0.0,2474000.0,334038.51
SL-5214,2023-05-27,Honda,CR-V,SUV,Petrol,West,Pune,Arjun Nair,3,2371000.0,0.08,6543960.0,686602.45
SL-5632,2023-05-27,Honda,City,Sedan,Diesel,Central,Nagpur,Neha Gupta,2,1143000.0,0.02,2240280.0,354821.75
SL-6495,2023-05-27,Kia,Seltos,SUV,Petrol,Central,Nagpur,Sneha Reddy,2,2315000.0,0.0,4630000.0,1003966.22
SL-6538,2023-05-28,Maruti Suzuki,Brezza,SUV,CNG,North,Chandigarh,Sneha Reddy,3,2533000.0,0.0,7599000.0,958695.05
SL-5206,2023-05-28,Hyundai,i20,Hatchback,Petrol,South,Chennai,Amit Patel,1,622000.0,0.02,609560.0,61573.77
SL-5883,2023-05-28,Hyundai,Venue,SUV,Petrol,Central,Bhopal,Anjali Desai,1,1778000.0,0.02,1742440.0,346805.72
SL-6038,2023-05-29,Ford,Endeavour,SUV,Diesel,Central,Nagpur,Rohit Verma,1,2333000.0,0.0,2333000.0,268844.95
SL-5998,2023-05-29,Hyundai,Creta,SUV,Diesel,West,Pune,Vikram Iyer,3,2672000.0,0.08,7374720.0,987915.25
SL-8964,2023-05-29,Mahindra,Thar,SUV,Petrol,East,Patna,Neha Gupta,2,1726000.0,0.0,3452000.0,712624.18
SL-9276,2023-05-29,Ford,Endeavour,SUV,Diesel,West,Pune,Arjun Nair,1,1310000.0,0.02,1283800.0,255787.4
SL-6475,2023-05-29,Toyota,Fortuner,SUV,Petrol,West,Ahmedabad,Vikram Iyer,3,1959000.0,0.08,5406840.0,675256.31
SL-9394,2023-05-29,Ford,Endeavour,SUV,Diesel,South,Bengaluru,Arjun Nair,2,2367000.0,0.0,4734000.0,939965.7
SL-5322,2023-05-29,Toyota,Innova,MPV,Diesel,North,Chandigarh,Vikram Iyer,3,1235000.0,0.02,3630900.0,667905.3
SL-7006,2023-05-30,Tata,Nexon,SUV,Electric,North,Chandigarh,Amit Patel,1,2421000.0,0.02,2372580.0,266980.81
SL-8633,2023-05-30,Maruti Suzuki,Ertiga,MPV,Petrol,West,Pune,Vikram Iyer,1,1077000.0,0.02,1055460.0,100534.87
SL-9209,2023-05-30,Maruti Suzuki,Brezza,SUV,Diesel,Central,Nagpur,Vikram Iyer,2,1827000.0,0.0,3654000.0,440179.2
SL-7981,2023-05-30,Maruti Suzuki,Ertiga,MPV,Petrol,West,Ahmedabad,Priya Singh,2,1665000.0,0.0,3330000.0,366548.01
SL-6882,2023-05-30,Ford,Endeavour,SUV,Petrol,West,Mumbai,Sneha Reddy,1,2664000.0,0.08,2450880.0,178050.52
SL-5352,2023-05-30,Kia,Sonet,SUV,Diesel,West,Mumbai,Sneha Reddy,1,2090000.0,0.05,1985500.0,118062.1
SL-9095,2023-05-31,Kia,Sonet,SUV,CNG,East,Bhubaneswar,Rahul Sharma,3,1947000.0,0.08,5373720.0,231696.14
SL-8552,2023-05-31,Maruti Suzuki,Swift,Hatchback,Diesel,East,Patna,Kavita Joshi,1,828000.0,0.0,828000.0,154776.03
SL-8436,2023-05-31,Mahindra,Scorpio,SUV,CNG,North,Delhi,Priya Singh,3,2304000.0,0.08,6359040.0,635428.11
SL-7915,2023-05-31,Maruti Suzuki,Swift,Hatchback,Petrol,East,Patna,Rohit Verma,1,670000.0,0.05,636500.0,86789.49
SL-7221,2023-05-31,Maruti Suzuki,Baleno,Hatchback,CNG,West,Ahmedabad,Priya Singh,1,716000.0,0.02,701680.0,118162.49
SL-7376,2023-06-01,Hyundai,Creta,SUV,Electric,East,Patna,Anjali Desai,2,2719000.0,0.0,5438000.0,639906.83
SL-9488,2023-06-01,Mahindra,XUV700,SUV,Petrol,East,Kolkata,Kavita Joshi,2,2065000.0,0.02,4047400.0,346496.93
SL-8028,2023-06-01,Tata,Nexon,SUV,Diesel,North,Lucknow,Neha Gupta,1,1018000.0,0.0,1018000.0,183041.2
SL-6619,2023-06-01,Honda,Amaze,Sedan,Petrol,West,Ahmedabad,Rahul Sharma,3,1262000.0,0.08,3483120.0,116836.39
SL-7506,2023-06-01,Honda,Civic,Sedan,Diesel,Central,Bhopal,Arjun Nair,1,1271000.0,0.0,1271000.0,184223.28
SL-7877,2023-06-01,Toyota,Fortuner,SUV,Petrol,South,Chennai,Kavita Joshi,1,2790000.0,0.0,2790000.0,494172.52
SL-5894,2023-06-01,Kia,Seltos,SUV,Petrol,West,Mumbai,Kavita Joshi,3,2472000.0,0.02,7267680.0,1346175.34
SL-6856,2023-06-02,Hyundai,Creta,SUV,Electric,West,Pune,Kavita Joshi,2,1895000.0,0.0,3790000.0,763905.96
SL-6286,2023-06-02,Mahindra,Scorpio,SUV,Diesel,Central,Nagpur,Sneha Reddy,1,2384000.0,0.02,2336320.0,340035.87
SL-8414,2023-06-02,Toyota,Camry,Sedan,Petrol,West,Pune,Rahul Sharma,2,920000.0,0.0,1840000.0,185927.67
SL-7322,2023-06-02,Kia,Seltos,SUV,Diesel,East,Kolkata,Rahul Sharma,3,1042000.0,0.08,2875920.0,332328.08
SL-8351,2023-06-02,Honda,Civic,Sedan,Diesel,South,Hyderabad,Neha Gupta,1,1525000.0,0.05,1448750.0,180929.23
SL-6517,2023-06-02,Honda,City,Sedan,Petrol,North,Lucknow,Vikram Iyer,2,1412000.0,0.02,2767520.0,239223.81
SL-5200,2023-06-02,Hyundai,Creta,SUV,Petrol,Central,Indore,Arjun Nair,2,2198000.0,0.0,4396000.0,652548.47
SL-9167,2023-06-02,Maruti Suzuki,Swift,Hatchback,CNG,West,Pune,Anjali Desai,3,718000.0,0.02,2110920.0,416365.32
SL-8532,2023-06-02,Kia,Carens,MPV,Diesel,East,Bhubaneswar,Vikram Iyer,3,1215000.0,0.02,3572100.0,605682.52
SL-8598,2023-06-03,Honda,CR-V,SUV,Petrol,South,Bengaluru,Arjun Nair,3,1097000.0,0.1,2961900.0,155796.4
SL-8599,2023-06-03,Ford,EcoSport,SUV,CNG,North,Delhi,Vikram Iyer,3,1358000.0,0.08,3748080.0,194017.58
SL-9393,2023-06-03,Hyundai,i20,Hatchback,Petrol,South,Chennai,Amit Patel,1,741000.0,0.1,666900.0,39200.39
SL-8013,2023-06-03,Honda,Civic,Sedan,CNG,East,Patna,Sneha Reddy,2,1172000.0,0.0,2344000.0,270253.74
SL-7621,2023-06-03,Toyota,Camry,Sedan,Petrol,South,Hyderabad,Sneha Reddy,2,1569000.0,0.0,3138000.0,489225.51
SL-6133,2023-06-03,Ford,EcoSport,SUV,Petrol,Central,Bhopal,Neha Gupta,1,2726000.0,0.0,2726000.0,469877.48
SL-6473,2023-06-04,Honda,City,Sedan,Petrol,East,Patna,Arjun Nair,2,1548000.0,0.0,3096000.0,502977.34
SL-5023,2023-06-04,Honda,Civic,Sedan,Diesel,South,Bengaluru,Kavita Joshi,3,1224000.0,0.0,3672000.0,538382.6
SL-8656,2023-06-04,Honda,City,Sedan,Petrol,North,Lucknow,Vikram Iyer,1,1694000.0,0.08,1558480.0,189051.95
SL-5965,2023-06-05,Kia,Carens,MPV,CNG,South,Bengaluru,Kavita Joshi,3,1529000.0,0.05,4357650.0,472428.64
SL-9263,2023-06-05,Kia,Carens,MPV,Petrol,West,Ahmedabad,Kavita Joshi,3,1144000.0,0.08,3157440.0,206731.65
SL-5232,2023-06-05,Kia,Carens,MPV,Petrol,North,Chandigarh,Neha Gupta,1,1202000.0,0.0,1202000.0,157842.81
SL-8693,2023-06-05,Maruti Suzuki,Brezza,SUV,Petrol,South,Chennai,Priya Singh,1,1634000.0,0.0,1634000.0,193362.94
SL-7887,2023-06-06,Maruti Suzuki,Brezza,SUV,CNG,South,Chennai,Arjun Nair,1,2616000.0,0.08,2406720.0,83570.04
SL-8254,2023-06-06,Hyundai,Verna,Sedan,CNG,Central,Indore,Rohit Verma,2,1423000.0,0.0,2846000.0,466082.4
SL-5623,2023-06-06,Toyota,Corolla,Sedan,Diesel,East,Bhubaneswar,Neha Gupta,1,1129000.0,0.02,1106420.0,191077.51
SL-8921,2023-06-06,Maruti Suzuki,Baleno,Hatchback,Diesel,South,Bengaluru,Amit Patel,2,700000.0,0.05,1330000.0,190641.16
SL-5225,2023-06-06,Maruti Suzuki,Ertiga,MPV,Diesel,North,Delhi,Amit Patel,3,1846000.0,0.08,5094960.0,524569.51
SL-7093,2023-06-06,Kia,Seltos,SUV,CNG,North,Chandigarh,Arjun Nair,3,1249000.0,0.02,3672060.0,401756.45
SL-6351,2023-06-06,Hyundai,i20,Hatchback,Petrol,North,Lucknow,Anjali Desai,3,626000.0,0.08,1727760.0,74315.44
SL-6304,2023-06-07,Kia,Seltos,SUV,Petrol,West,Ahmedabad,Neha Gupta,1,1734000.0,0.02,1699320.0,139740.62
SL-7678,2023-06-07,Honda,CR-V,SUV,Diesel,South,Bengaluru,Rohit Verma,3,1623000.0,0.05,4625550.0,752883.37
SL-8342,2023-06-07,Kia,Sonet,SUV,Petrol,West,Pune,Neha Gupta,2,1644000.0,0.1,2959200.0,192718.53
SL-7548,2023-06-07,Mahindra,XUV700,SUV,Diesel,Central,Indore,Rohit Verma,2,2453000.0,0.0,4906000.0,755618.71
SL-5683,2023-06-07,Maruti Suzuki,Baleno,Hatchback,Petrol,South,Hyderabad,Amit Patel,3,885000.0,0.05,2522250.0,160224.47
SL-5850,2023-06-07,Toyota,Innova,MPV,CNG,South,Chennai,Neha Gupta,3,1714000.0,0.02,5039160.0,895446.74
SL-9051,2023-06-07,Tata,Harrier,SUV,Petrol,South,Chennai,Sneha Reddy,3,1587000.0,0.02,4665780.0,526172.22
SL-8719,2023-06-07,Tata,Nexon,SUV,Petrol,Central,Nagpur,Sneha Reddy,1,1795000.0,0.05,1705250.0,233031.27
SL-6104,2023-06-08,Honda,CR-V,SUV,CNG,North,Lucknow,Arjun Nair,3,1374000.0,0.0,4122000.0,583502.41
SL-8699,2023-06-08,Honda,City,Sedan,Petrol,West,Mumbai,Sneha Reddy,3,1506000.0,0.0,4518000.0,899689.39
SL-6160,2023-06-09,Honda,Civic,Sedan,CNG,Central,Nagpur,Priya Singh,3,1188000.0,0.05,3385800.0,293441.53
SL-8404,2023-06-09,Maruti Suzuki,Swift,Hatchback,Petrol,West,Mumbai,Anjali Desai,2,632000.0,0.05,1200800.0,156585.35
SL-7182,2023-06-09,Maruti Suzuki,Swift,Hatchback,Petrol,South,Chennai,Kavita Joshi,3,865000.0,0.0,2595000.0,261624.93
SL-6506,2023-06-09,Ford,Endeavour,SUV,Diesel,South,Bengaluru,Vikram Iyer,2,1741000.0,0.0,3482000.0,577729.43
SL-7405,2023-06-09,Honda,City,Sedan,Diesel,East,Bhubaneswar,Neha Gupta,1,1157000.0,0.02,1133860.0,118298.98
SL-9199,2023-06-09,Hyundai,Creta,SUV,Petrol,South,Chennai,Anjali Desai,1,2446000.0,0.02,2397080.0,223522.82
SL-9445,2023-06-09,Kia,Sonet,SUV,Petrol,South,Hyderabad,Amit Patel,1,1870000.0,0.02,1832600.0,303511.78
SL-6996,2023-06-09,Kia,Sonet,SUV,Petrol,South,Bengaluru,Rahul Sharma,1,2065000.0,0.02,2023700.0,172017.2
SL-9056,2023-06-09,Kia,Seltos,SUV,Petrol,East,Kolkata,Amit Patel,2,2158000.0,0.05,4100200.0,221515.18
SL-9105,2023-06-09,Kia,Sonet,SUV,Diesel,West,Pune,Neha Gupta,1,2198000.0,0.05,2088100.0,280582.66
SL-8286,2023-06-10,Hyundai,i20,Hatchback,Diesel,West,Pune,Rahul Sharma,2,633000.0,0.0,1266000.0,224392.14
SL-8512,2023-06-10,Kia,Sonet,SUV,Petrol,East,Patna,Rohit Verma,3,2640000.0,0.02,7761600.0,1132263.89
SL-6291,2023-06-10,Toyota,Fortuner,SUV,Petrol,East,Bhubaneswar,Arjun Nair,3,2291000.0,0.02,6735540.0,828127.83
SL-8531,2023-06-10,Kia,Carens,MPV,Petrol,West,Ahmedabad,Sneha Reddy,1,1618000.0,0.0,1618000.0,348754.45
SL-5879,2023-06-10,Ford,Endeavour,SUV,Electric,South,Hyderabad,Vikram Iyer,3,1982000.0,0.02,5827080.0,892565.3
SL-7809,2023-06-10,Kia,Carens,MPV,Diesel,West,Mumbai,Kavita Joshi,1,1810000.0,0.1,1629000.0,21484.46
SL-9285,2023-06-10,Mahindra,Scorpio,SUV,Diesel,North,Chandigarh,Priya Singh,2,2575000.0,0.0,5150000.0,546723.51
SL-6285,2023-06-10,Hyundai,Creta,SUV,Diesel,Central,Bhopal,Arjun Nair,1,1076000.0,0.08,989920.0,104031.37
SL-8155,2023-06-10,Honda,Civic,Sedan,Petrol,South,Chennai,Sneha Reddy,1,1452000.0,0.0,1452000.0,291716.74
SL-5690,2023-06-11,Ford,EcoSport,SUV,Petrol,Central,Indore,Neha Gupta,1,2429000.0,0.0,2429000.0,455277.75
SL-7826,2023-06-11,Honda,Civic,Sedan,CNG,Central,Nagpur,Vikram Iyer,2,1457000.0,0.1,2622600.0,187004.08
SL-6244,2023-06-11,Ford,Endeavour,SUV,Petrol,South,Hyderabad,Vikram Iyer,3,2011000.0,0.0,6033000.0,1033892.74
SL-8988,2023-06-11,Mahindra,Scorpio,SUV,Petrol,East,Kolkata,Vikram Iyer,2,1092000.0,0.0,2184000.0,453062.39
SL-6272,2023-06-11,Maruti Suzuki,Brezza,SUV,Petrol,Central,Indore,Kavita Joshi,1,1603000.0,0.0,1603000.0,276976.31
SL-7041,2023-06-12,Maruti Suzuki,Ertiga,MPV,Petrol,East,Kolkata,Kavita Joshi,3,1681000.0,0.02,4942140.0,822195.38
SL-6256,2023-06-12,Maruti Suzuki,Swift,Hatchback,Diesel,Central,Indore,Priya Singh,2,700000.0,0.05,1330000.0,205954.29
SL-6944,2023-06-12,Honda,City,Sedan,Petrol,West,Pune,Priya Singh,1,1593000.0,0.0,1593000.0,242656.89
SL-7190,2023-06-12,Ford,EcoSport,SUV,Petrol,Central,Indore,Priya Singh,3,1011000.0,0.0,3033000.0,572548.87
SL-7827,2023-06-12,Tata,Punch,SUV,Diesel,East,Kolkata,Rahul Sharma,2,2463000.0,0.05,4679700.0,624283.74
SL-8612,2023-06-12,Maruti Suzuki,Ertiga,MPV,Diesel,East,Kolkata,Rohit Verma,3,992000.0,0.1,2678400.0,326710.79
SL-8734,2023-06-12,Maruti Suzuki,Baleno,Hatchback,Petrol,South,Bengaluru,Priya Singh,2,659000.0,0.08,1212560.0,30932.21
SL-5996,2023-06-12,Honda,Amaze,Sedan,Diesel,West,Pune,Sneha Reddy,1,1765000.0,0.08,1623800.0,78298.01
SL-7291,2023-06-12,Maruti Suzuki,Ertiga,MPV,Petrol,East,Patna,Arjun Nair,1,1178000.0,0.08,1083760.0,141199.9
SL-7761,2023-06-13,Ford,EcoSport,SUV,CNG,East,Bhubaneswar,Anjali Desai,2,2461000.0,0.05,4675900.0,257170.47
SL-6045,2023-06-13,Ford,Endeavour,SUV,Petrol,Central,Bhopal,Neha Gupta,2,1071000.0,0.0,2142000.0,362089.51
SL-7895,2023-06-13,Mahindra,Thar,SUV,Petrol,Central,Bhopal,Rohit Verma,1,2092000.0,0.0,2092000.0,325150.35
SL-7997,2023-06-13,Kia,Sonet,SUV,Petrol,East,Bhubaneswar,Neha Gupta,2,1244000.0,0.0,2488000.0,459910.76
SL-9124,2023-06-13,Ford,Figo,Hatchback,Petrol,North,Delhi,Priya Singh,3,797000.0,0.0,2391000.0,463787.54
SL-6565,2023-06-14,Ford,Endeavour,SUV,Diesel,West,Pune,Arjun Nair,2,1026000.0,0.0,2052000.0,305498.95
SL-6630,2023-06-14,Honda,CR-V,SUV,CNG,Central,Bhopal,Arjun Nair,1,2525000.0,0.0,2525000.0,535807.95
SL-8473,2023-06-14,Toyota,Camry,Sedan,Petrol,Central,Indore,Rahul Sharma,2,1309000.0,0.0,2618000.0,294577.32
SL-8720,2023-06-14,Maruti Suzuki,Swift,Hatchback,CNG,Central,Bhopal,Vikram Iyer,1,854000.0,0.02,836920.0,142756.54
SL-5342,2023-06-14,Hyundai,Verna,Sedan,Diesel,West,Mumbai,Sneha Reddy,2,1267000.0,0.0,2534000.0,438307.84
SL-8528,2023-06-14,Honda,City,Sedan,Petrol,South,Hyderabad,Rahul Sharma,3,1728000.0,0.0,5184000.0,1088380.83
SL-8092,2023-06-15,Toyota,Innova,MPV,Petrol,South,Hyderabad,Anjali Desai,2,1439000.0,0.0,2878000.0,312403.49
SL-6559,2023-06-15,Tata,Nexon,SUV,Diesel,Central,Bhopal,Arjun Nair,3,2770000.0,0.0,8310000.0,1136579.52
SL-5229,2023-06-15,Hyundai,Creta,SUV,Diesel,North,Delhi,Arjun Nair,2,2173000.0,0.02,4259080.0,663131.33
SL-8672,2023-06-15,Toyota,Innova,MPV,Diesel,South,Hyderabad,Arjun Nair,3,1686000.0,0.1,4552200.0,93513.51
SL-8154,2023-06-15,Honda,CR-V,SUV,CNG,Central,Nagpur,Rahul Sharma,3,1333000.0,0.0,3999000.0,523695.0
SL-7024,2023-06-15,Maruti Suzuki,Ertiga,MPV,Petrol,North,Delhi,Kavita Joshi,1,1212000.0,0.0,1212000.0,194580.28
SL-7370,2023-06-15,Kia,Carens,MPV,Petrol,East,Bhubaneswar,Anjali Desai,2,1195000.0,0.05,2270500.0,259242.18
SL-6302,2023-06-15,Hyundai,i20,Hatchback,CNG,West,Ahmedabad,Arjun Nair,1,625000.0,0.0,625000.0,79395.73
SL-5770,2023-06-15,Ford,EcoSport,SUV,Diesel,West,Pune,Anjali Desai,3,2413000.0,0.02,7094220.0,1437684.31
SL-7471,2023-06-15,Ford,EcoSport,SUV,Diesel,Central,Indore,Arjun Nair,3,1569000.0,0.08,4330440.0,526718.57
SL-7236,2023-06-15,Honda,Amaze,Sedan,Petrol,North,Chandigarh,Rahul Sharma,3,1242000.0,0.08,3427920.0,267713.72
SL-5474,2023-06-15,Tata,Nexon,SUV,Petrol,Central,Nagpur,Amit Patel,1,2245000.0,0.0,2245000.0,336291.53
SL-8537,2023-06-15,Honda,Civic,Sedan,Diesel,Central,Bhopal,Arjun Nair,3,1553000.0,0.0,4659000.0,702431.41
SL-7631,2023-06-16,Hyundai,Verna,Sedan,Electric,Central,Bhopal,Priya Singh,2,1478000.0,0.0,2956000.0,594010.99
SL-5985,2023-06-16,Maruti Suzuki,Brezza,SUV,CNG,North,Delhi,Anjali Desai,3,2161000.0,0.0,6483000.0,1258623.64
SL-8742,2023-06-16,Ford,EcoSport,SUV,Petrol,South,Bengaluru,Sneha Reddy,2,1004000.0,0.0,2008000.0,251942.96
SL-8394,2023-06-16,Mahindra,Thar,SUV,CNG,South,Bengaluru,Anjali Desai,2,2002000.0,0.05,3803800.0,504406.34
SL-5254,2023-06-16,Ford,Endeavour,SUV,CNG,North,Delhi,Priya Singh,3,1604000.0,0.0,4812000.0,617060.58
SL-5793,2023-06-17,Tata,Nexon,SUV,Diesel,West,Pune,Anjali Desai,3,2619000.0,0.08,7228440.0,737977.62
SL-5774,2023-06-17,Ford,Endeavour,SUV,Petrol,Central,Nagpur,Rahul Sharma,3,1542000.0,0.0,4626000.0,595451.45
SL-5813,2023-06-17,Tata,Harrier,SUV,Petrol,East,Kolkata,Anjali Desai,1,1615000.0,0.02,1582700.0,236448.55
SL-5386,2023-06-17,Hyundai,Verna,Sedan,Petrol,Central,Indore,Rahul Sharma,2,1395000.0,0.02,2734200.0,465750.36
SL-5032,2023-06-17,Honda,Amaze,Sedan,Petrol,West,Mumbai,Priya Singh,2,1203000.0,0.0,2406000.0,294166.66
SL-8635,2023-06-17,Honda,City,Sedan,Petrol,Central,Bhopal,Rohit Verma,1,1144000.0,0.05,1086800.0,173535.49
SL-8262,2023-06-17,Tata,Nexon,SUV,Petrol,East,Patna,Vikram Iyer,2,1930000.0,0.08,3551200.0,316160.34
SL-8941,2023-06-18,Kia,Carens,MPV,Petrol,East,Bhubaneswar,Rohit Verma,3,1549000.0,0.02,4554060.0,398083.37
SL-5980,2023-06-18,Tata,Altroz,Hatchback,Diesel,West,Ahmedabad,Vikram Iyer,2,747000.0,0.02,1464120.0,285755.16
SL-8411,2023-06-18,Toyota,Camry,Sedan,Diesel,South,Bengaluru,Neha Gupta,3,978000.0,0.02,2875320.0,335945.69
SL-5518,2023-06-18,Honda,CR-V,SUV,CNG,South,Bengaluru,Priya Singh,2,1770000.0,0.02,3469200.0,345570.91
SL-7390,2023-06-18,Toyota,Corolla,Sedan,Petrol,East,Kolkata,Neha Gupta,3,996000.0,0.02,2928240.0,239149.14
SL-7486,2023-06-19,Honda,City,Sedan,CNG,West,Ahmedabad,Vikram Iyer,1,1447000.0,0.0,1447000.0,157594.19
SL-9191,2023-06-19,Toyota,Innova,MPV,Petrol,Central,Nagpur,Amit Patel,3,1588000.0,0.0,4764000.0,726097.28
SL-9326,2023-06-19,Honda,Civic,Sedan,Petrol,Central,Nagpur,Amit Patel,1,1479000.0,0.0,1479000.0,321247.3
SL-6082,2023-06-19,Mahindra,XUV700,SUV,Diesel,South,Chennai,Anjali Desai,1,2396000.0,0.0,2396000.0,390291.39
SL-9435,2023-06-19,Ford,Figo,Hatchback,Petrol,East,Bhubaneswar,Vikram Iyer,1,833000.0,0.02,816340.0,108472.26
SL-6726,2023-06-19,Maruti Suzuki,Swift,Hatchback,Diesel,South,Chennai,Vikram Iyer,1,656000.0,0.0,656000.0,140396.05
SL-8927,2023-06-19,Tata,Harrier,SUV,Diesel,South,Hyderabad,Kavita Joshi,2,2232000.0,0.1,4017600.0,204676.4
SL-6968,2023-06-20,Honda,Civic,Sedan,Diesel,Central,Bhopal,Kavita Joshi,1,1165000.0,0.0,1165000.0,244491.91
SL-6657,2023-06-20,Toyota,Camry,Sedan,Diesel,Central,Nagpur,Vikram Iyer,2,1605000.0,0.1,2889000.0,7526.18
SL-8539,2023-06-20,Maruti Suzuki,Swift,Hatchback,CNG,South,Bengaluru,Vikram Iyer,1,879000.0,0.05,835050.0,47099.6
SL-5804,2023-06-20,Hyundai,Venue,SUV,Petrol,North,Delhi,Vikram Iyer,2,1411000.0,0.0,2822000.0,353951.4
SL-6836,2023-06-21,Mahindra,Bolero,SUV,CNG,Central,Nagpur,Vikram Iyer,1,2326000.0,0.0,2326000.0,472744.55
SL-5721,2023-06-21,Maruti Suzuki,Brezza,SUV,Electric,Central,Bhopal,Amit Patel,3,2343000.0,0.02,6888420.0,1103991.65
SL-7206,2023-06-21,Toyota,Fortuner,SUV,Electric,West,Ahmedabad,Anjali Desai,3,1490000.0,0.0,4470000.0,631876.26
SL-6831,2023-06-21,Tata,Nexon,SUV,Petrol,Central,Bhopal,Kavita Joshi,3,1732000.0,0.1,4676400.0,611915.66
SL-5778,2023-06-21,Toyota,Fortuner,SUV,Electric,South,Bengaluru,Sneha Reddy,3,1201000.0,0.0,3603000.0,637968.11
SL-7996,2023-06-22,Hyundai,Verna,Sedan,Diesel,Central,Bhopal,Vikram Iyer,3,1288000.0,0.02,3786720.0,764115.71
SL-6914,2023-06-22,Tata,Nexon,SUV,Petrol,East,Bhubaneswar,Rahul Sharma,3,2017000.0,0.0,6051000.0,677641.7
SL-6115,2023-06-22,Kia,Sonet,SUV,Petrol,North,Delhi,Rohit Verma,3,1309000.0,0.08,3612840.0,387692.0
SL-6344,2023-06-22,Toyota,Fortuner,SUV,CNG,South,Bengaluru,Sneha Reddy,3,2114000.0,0.0,6342000.0,1088643.06
SL-5194,2023-06-23,Mahindra,Thar,SUV,Petrol,North,Lucknow,Anjali Desai,3,1801000.0,0.0,5403000.0,856463.82
SL-7481,2023-06-23,Mahindra,XUV700,SUV,Diesel,East,Patna,Priya Singh,2,1762000.0,0.05,3347800.0,323072.58
SL-8365,2023-06-23,Maruti Suzuki,Ertiga,MPV,Diesel,West,Mumbai,Rohit Verma,3,1195000.0,0.02,3513300.0,452377.27
SL-8210,2023-06-23,Kia,Carens,MPV,Diesel,South,Hyderabad,Kavita Joshi,3,1147000.0,0.02,3372180.0,501316.53
SL-8443,2023-06-24,Kia,Sonet,SUV,Petrol,West,Pune,Arjun Nair,2,2021000.0,0.0,4042000.0,457356.59
SL-7935,2023-06-24,Ford,EcoSport,SUV,CNG,East,Kolkata,Anjali Desai,2,1046000.0,0.05,1987400.0,211319.83
SL-7755,2023-06-24,Toyota,Innova,MPV,Diesel,South,Chennai,Anjali Desai,2,1252000.0,0.0,2504000.0,442341.63
SL-5255,2023-06-24,Ford,Figo,Hatchback,Diesel,North,Delhi,Amit Patel,3,752000.0,0.05,2143200.0,380428.92
SL-5895,2023-06-24,Mahindra,Bolero,SUV,Petrol,Central,Bhopal,Rahul Sharma,3,2256000.0,0.02,6632640.0,918039.92
SL-5493,2023-06-25,Tata,Harrier,SUV,Petrol,East,Kolkata,Amit Patel,3,1495000.0,0.08,4126200.0,421859.07
SL-7154,2023-06-25,Ford,EcoSport,SUV,Petrol,North,Lucknow,Rohit Verma,1,2578000.0,0.08,2371760.0,90628.24
SL-9474,2023-06-25,Honda,CR-V,SUV,Petrol,Central,Indore,Vikram Iyer,3,2617000.0,0.0,7851000.0,1435519.26
SL-8756,2023-06-25,Tata,Harrier,SUV,Electric,West,Ahmedabad,Neha Gupta,2,2717000.0,0.05,5162300.0,281298.65
SL-7705,2023-06-25,Tata,Punch,SUV,Diesel,West,Mumbai,Rahul Sharma,3,2175000.0,0.0,6525000.0,663088.5
SL-7577,2023-06-26,Hyundai,i20,Hatchback,Diesel,South,Hyderabad,Anjali Desai,2,866000.0,0.05,1645400.0,285495.78
SL-6867,2023-06-27,Tata,Nexon,SUV,Diesel,West,Ahmedabad,Sneha Reddy,1,2274000.0,0.0,2274000.0,407178.28
SL-7311,2023-06-27,Mahindra,Thar,SUV,Petrol,North,Delhi,Kavita Joshi,3,2012000.0,0.05,5734200.0,662641.65
SL-8283,2023-06-27,Tata,Nexon,SUV,Petrol,North,Lucknow,Vikram Iyer,2,2661000.0,0.02,5215560.0,897521.08
SL-6216,2023-06-28,Kia,Sonet,SUV,Petrol,North,Lucknow,Sneha Reddy,1,2202000.0,0.0,2202000.0,459977.7
SL-8114,2023-06-28,Hyundai,Venue,SUV,Petrol,Central,Bhopal,Rahul Sharma,1,1333000.0,0.0,1333000.0,229406.85
SL-6754,2023-06-28,Maruti Suzuki,Swift,Hatchback,Petrol,South,Chennai,Rohit Verma,3,739000.0,0.0,2217000.0,250620.43
SL-7069,2023-06-28,Tata,Altroz,Hatchback,CNG,North,Lucknow,Kavita Joshi,1,717000.0,0.02,702660.0,92040.56
SL-7575,2023-06-29,Mahindra,Scorpio,SUV,Petrol,Central,Indore,Priya Singh,1,1073000.0,0.0,1073000.0,170113.26
SL-7842,2023-06-29,Toyota,Fortuner,SUV,Petrol,West,Mumbai,Rahul Sharma,1,2527000.0,0.0,2527000.0,492663.22
SL-9424,2023-06-29,Mahindra,Scorpio,SUV,Diesel,Central,Nagpur,Rohit Verma,1,2202000.0,0.0,2202000.0,420080.31
SL-8783,2023-06-29,Honda,City,Sedan,Diesel,South,Hyderabad,Sneha Reddy,1,1506000.0,0.0,1506000.0,230899.95
SL-5072,2023-06-29,Tata,Nexon,SUV,Petrol,North,Delhi,Neha Gupta,2,2756000.0,0.08,5071040.0,417763.49
SL-5324,2023-06-29,Toyota,Innova,MPV,Petrol,East,Kolkata,Vikram Iyer,1,1506000.0,0.0,1506000.0,223819.18
SL-9154,2023-06-30,Toyota,Camry,Sedan,Petrol,East,Bhubaneswar,Kavita Joshi,1,1025000.0,0.02,1004500.0,149382.15
SL-8006,2023-06-30,Tata,Punch,SUV,CNG,West,Ahmedabad,Arjun Nair,1,2365000.0,0.0,2365000.0,299234.45
SL-8855,2023-06-30,Honda,City,Sedan,CNG,West,Ahmedabad,Sneha Reddy,2,1264000.0,0.0,2528000.0,352458.23
SL-5701,2023-06-30,Hyundai,Creta,SUV,Diesel,North,Lucknow,Rahul Sharma,3,1094000.0,0.1,2953800.0,149915.89
SL-7600,2023-07-01,Tata,Punch,SUV,Petrol,North,Chandigarh,Arjun Nair,2,2401000.0,0.1,4321800.0,486367.29
SL-5297,2023-07-01,Honda,Civic,Sedan,Diesel,East,Kolkata,Arjun Nair,1,1535000.0,0.08,1412200.0,203736.58
SL-5070,2023-07-01,Mahindra,XUV700,SUV,Diesel,North,Lucknow,Neha Gupta,1,1099000.0,0.0,1099000.0,197798.13
SL-9324,2023-07-02,Maruti Suzuki,Baleno,Hatchback,Petrol,East,Bhubaneswar,Anjali Desai,1,791000.0,0.02,775180.0,74617.88
SL-8137,2023-07-02,Kia,Seltos,SUV,Electric,East,Patna,Priya Singh,3,2231000.0,0.05,6358350.0,389427.76
SL-7447,2023-07-02,Honda,Amaze,Sedan,Petrol,West,Pune,Rohit Verma,3,947000.0,0.0,2841000.0,453590.61
SL-5993,2023-07-02,Mahindra,XUV700,SUV,Diesel,Central,Nagpur,Arjun Nair,1,1883000.0,0.02,1845340.0,319274.66
SL-7792,2023-07-02,Tata,Nexon,SUV,CNG,Central,Nagpur,Rohit Verma,2,2742000.0,0.0,5484000.0,746384.64
SL-6316,2023-07-02,Kia,Sonet,SUV,Petrol,East,Patna,Sneha Reddy,3,1711000.0,0.02,5030340.0,749007.08
SL-5152,2023-07-02,Ford,Endeavour,SUV,Petrol,West,Pune,Sneha Reddy,2,2105000.0,0.05,3999500.0,265018.82
SL-8135,2023-07-02,Mahindra,Bolero,SUV,Petrol,West,Pune,Vikram Iyer,3,2006000.0,0.05,5717100.0,838310.74
SL-5051,2023-07-02,Kia,Carens,MPV,Petrol,East,Bhubaneswar,Kavita Joshi,2,1439000.0,0.02,2820440.0,498291.49
SL-8643,2023-07-03,Hyundai,Verna,Sedan,Diesel,South,Bengaluru,Priya Singh,1,1036000.0,0.0,1036000.0,207497.28
SL-7489,2023-07-03,Kia,Carens,MPV,Petrol,South,Chennai,Rohit Verma,2,1863000.0,0.05,3539700.0,466631.53
SL-5570,2023-07-03,Kia,Seltos,SUV,Petrol,Central,Bhopal,Anjali Desai,3,1890000.0,0.02,5556600.0,955000.35
SL-5944,2023-07-03,Maruti Suzuki,Ertiga,MPV,Petrol,East,Bhubaneswar,Rohit Verma,1,1116000.0,0.08,1026720.0,108103.12
SL-9148,2023-07-03,Honda,Amaze,Sedan,Petrol,East,Patna,Amit Patel,1,1561000.0,0.0,1561000.0,248849.67
SL-5272,2023-07-04,Ford,Endeavour,SUV,Petrol,Central,Indore,Neha Gupta,1,2283000.0,0.0,2283000.0,458565.5
SL-5913,2023-07-04,Kia,Sonet,SUV,Petrol,North,Lucknow,Sneha Reddy,1,1043000.0,0.05,990850.0,111575.69
SL-8876,2023-07-04,Kia,Seltos,SUV,Diesel,West,Ahmedabad,Kavita Joshi,1,2667000.0,0.0,2667000.0,507379.09
SL-6355,2023-07-04,Maruti Suzuki,Baleno,Hatchback,Diesel,East,Kolkata,Amit Patel,1,861000.0,0.0,861000.0,130659.03
SL-5123,2023-07-04,Mahindra,Thar,SUV,Diesel,East,Bhubaneswar,Arjun Nair,2,1554000.0,0.05,2952600.0,467798.05
SL-7920,2023-07-04,Hyundai,Creta,SUV,Petrol,East,Patna,Anjali Desai,1,2116000.0,0.05,2010200.0,211945.32
SL-7810,2023-07-04,Toyota,Innova,MPV,CNG,Central,Bhopal,Neha Gupta,1,1475000.0,0.0,1475000.0,299319.94
SL-8761,2023-07-04,Mahindra,Thar,SUV,Petrol,North,Chandigarh,Rohit Verma,2,1163000.0,0.05,2209700.0,239424.23
SL-7803,2023-07-05,Tata,Punch,SUV,Diesel,Central,Bhopal,Vikram Iyer,1,2727000.0,0.02,2672460.0,470648.4
SL-5854,2023-07-05,Hyundai,Verna,Sedan,CNG,West,Pune,Rahul Sharma,3,1641000.0,0.1,4430700.0,362646.06
SL-5371,2023-07-05,Toyota,Innova,MPV,Petrol,East,Patna,Anjali Desai,2,1015000.0,0.05,1928500.0,191276.64
SL-7813,2023-07-05,Hyundai,i20,Hatchback,Diesel,East,Bhubaneswar,Kavita Joshi,2,700000.0,0.0,1400000.0,259719.32
SL-8068,2023-07-05,Hyundai,i20,Hatchback,Diesel,West,Pune,Neha Gupta,3,762000.0,0.05,2171700.0,354216.09
SL-7958,2023-07-05,Maruti Suzuki,Ertiga,MPV,Petrol,South,Chennai,Amit Patel,2,1267000.0,0.02,2483320.0,330440.68
SL-5438,2023-07-05,Honda,CR-V,SUV,Diesel,North,Lucknow,Kavita Joshi,3,1522000.0,0.0,4566000.0,830259.74
SL-5037,2023-07-05,Mahindra,Scorpio,SUV,CNG,South,Bengaluru,Amit Patel,1,1257000.0,0.0,1257000.0,263853.33
SL-5756,2023-07-05,Ford,EcoSport,SUV,Diesel,South,Chennai,Sneha Reddy,3,2375000.0,0.1,6412500.0,267913.89
SL-5609,2023-07-06,Tata,Altroz,Hatchback,CNG,South,Bengaluru,Rohit Verma,2,807000.0,0.05,1533300.0,147668.74
SL-8772,2023-07-06,Kia,Seltos,SUV,Diesel,East,Patna,Amit Patel,2,2561000.0,0.1,4609800.0,18951.07
SL-9126,2023-07-07,Honda,City,Sedan,Diesel,Central,Bhopal,Vikram Iyer,3,971000.0,0.1,2621700.0,65775.63
SL-7723,2023-07-07,Maruti Suzuki,Brezza,SUV,CNG,North,Lucknow,Arjun Nair,1,2643000.0,0.0,2643000.0,370223.93
SL-8020,2023-07-07,Kia,Sonet,SUV,Electric,Central,Indore,Amit Patel,1,2725000.0,0.08,2507000.0,196890.95
SL-7754,2023-07-07,Ford,Figo,Hatchback,Petrol,South,Hyderabad,Amit Patel,3,631000.0,0.05,1798350.0,296989.48
SL-8225,2023-07-07,Hyundai,Venue,SUV,Electric,South,Chennai,Rahul Sharma,1,2426000.0,0.08,2231920.0,188707.59
SL-8819,2023-07-07,Kia,Sonet,SUV,Diesel,West,Ahmedabad,Amit Patel,3,2203000.0,0.0,6609000.0,1091824.19
SL-8684,2023-07-07,Kia,Sonet,SUV,Diesel,North,Lucknow,Arjun Nair,1,2517000.0,0.02,2466660.0,367509.65
SL-7218,2023-07-07,Maruti Suzuki,Brezza,SUV,Diesel,West,Pune,Amit Patel,1,1710000.0,0.0,1710000.0,211449.53
SL-5407,2023-07-08,Honda,City,Sedan,Petrol,South,Hyderabad,Neha Gupta,2,1315000.0,0.02,2577400.0,437807.06
SL-6522,2023-07-08,Mahindra,XUV700,SUV,Diesel,West,Pune,Kavita Joshi,2,1742000.0,0.02,3414320.0,421664.66
SL-6919,2023-07-08,Kia,Sonet,SUV,CNG,East,Kolkata,Rahul Sharma,3,1315000.0,0.08,3629400.0,369006.28
SL-7037,2023-07-08,Maruti Suzuki,Brezza,SUV,Electric,Central,Nagpur,Neha Gupta,1,1584000.0,0.0,1584000.0,321619.27
SL-8581,2023-07-08,Ford,Figo,Hatchback,Petrol,East,Bhubaneswar,Sneha Reddy,2,840000.0,0.05,1596000.0,146320.58
SL-5936,2023-07-08,Ford,Endeavour,SUV,Petrol,South,Chennai,Amit Patel,3,1119000.0,0.1,3021300.0,80422.71
SL-5666,2023-07-08,Honda,Civic,Sedan,CNG,North,Delhi,Rohit Verma,1,1367000.0,0.08,1257640.0,45085.81
SL-8775,2023-07-08,Honda,Amaze,Sedan,Petrol,East,Patna,Neha Gupta,2,1035000.0,0.0,2070000.0,343105.03
SL-7897,2023-07-08,Honda,Civic,Sedan,Petrol,Central,Bhopal,Arjun Nair,2,917000.0,0.1,1650600.0,217376.19
SL-7013,2023-07-08,Kia,Carens,MPV,CNG,North,Delhi,Vikram Iyer,3,1784000.0,0.0,5352000.0,601335.53
SL-6718,2023-07-09,Tata,Punch,SUV,Petrol,North,Chandigarh,Rohit Verma,1,1544000.0,0.0,1544000.0,189097.38
SL-7455,2023-07-09,Maruti Suzuki,Baleno,Hatchback,Diesel,Central,Nagpur,Neha Gupta,1,812000.0,0.0,812000.0,97083.84
SL-9334,2023-07-09,Mahindra,Bolero,SUV,Diesel,East,Bhubaneswar,Amit Patel,3,1277000.0,0.05,3639450.0,499712.29
SL-6865,2023-07-09,Tata,Nexon,SUV,Diesel,North,Delhi,Sneha Reddy,1,1858000.0,0.05,1765100.0,272224.54
SL-7905,2023-07-09,Kia,Seltos,SUV,Petrol,South,Bengaluru,Sneha Reddy,1,2506000.0,0.0,2506000.0,386430.98
SL-7804,2023-07-09,Ford,EcoSport,SUV,Petrol,West,Pune,Kavita Joshi,1,2509000.0,0.05,2383550.0,364583.01
SL-8605,2023-07-09,Toyota,Fortuner,SUV,Petrol,Central,Nagpur,Amit Patel,1,2040000.0,0.02,1999200.0,400672.11
SL-5003,2023-07-09,Tata,Altroz,Hatchback,Diesel,East,Patna,Sneha Reddy,1,614000.0,0.1,552600.0,14117.28
SL-6373,2023-07-10,Honda,Amaze,Sedan,Petrol,East,Bhubaneswar,Anjali Desai,2,1202000.0,0.02,2355920.0,412808.53
SL-9483,2023-07-10,Mahindra,Bolero,SUV,Petrol,Central,Bhopal,Kavita Joshi,2,1309000.0,0.02,2565640.0,490252.31
SL-8321,2023-07-10,Honda,Amaze,Sedan,Diesel,Central,Indore,Kavita Joshi,1,1393000.0,0.0,1393000.0,224293.44
SL-6745,2023-07-10,Mahindra,Scorpio,SUV,Petrol,North,Lucknow,Rahul Sharma,1,2493000.0,0.02,2443140.0,220392.1
SL-8717,2023-07-10,Toyota,Innova,MPV,CNG,East,Kolkata,Rahul Sharma,2,1709000.0,0.0,3418000.0,680515.56
SL-6380,2023-07-10,Ford,EcoSport,SUV,Diesel,Central,Nagpur,Neha Gupta,3,2072000.0,0.0,6216000.0,844081.08
SL-7816,2023-07-10,Mahindra,XUV700,SUV,Diesel,East,Kolkata,Sneha Reddy,3,1630000.0,0.05,4645500.0,641530.3
SL-5022,2023-07-10,Ford,EcoSport,SUV,Diesel,North,Lucknow,Priya Singh,3,2026000.0,0.1,5470200.0,627188.32
SL-6610,2023-07-11,Kia,Seltos,SUV,Petrol,Central,Bhopal,Priya Singh,3,2127000.0,0.0,6381000.0,1144549.23
SL-9070,2023-07-12,Ford,Figo,Hatchback,Petrol,East,Kolkata,Kavita Joshi,2,646000.0,0.0,1292000.0,170475.38
SL-7371,2023-07-12,Kia,Seltos,SUV,Diesel,North,Lucknow,Neha Gupta,2,2498000.0,0.08,4596320.0,350912.88
SL-6489,2023-07-12,Tata,Altroz,Hatchback,Diesel,South,Chennai,Arjun Nair,2,797000.0,0.05,1514300.0,150555.86
SL-6960,2023-07-12,Hyundai,Creta,SUV,Petrol,Central,Bhopal,Arjun Nair,1,1304000.0,0.0,1304000.0,184925.49
SL-6491,2023-07-12,Maruti Suzuki,Baleno,Hatchback,Petrol,North,Lucknow,Anjali Desai,1,851000.0,0.1,765900.0,77389.38
SL-5922,2023-07-12,Mahindra,XUV700,SUV,Petrol,West,Ahmedabad,Rohit Verma,1,2437000.0,0.05,2315150.0,272044.52
SL-7990,2023-07-12,Hyundai,Venue,SUV,Petrol,North,Chandigarh,Arjun Nair,1,2573000.0,0.0,2573000.0,428341.14
SL-9372,2023-07-12,Toyota,Camry,Sedan,Petrol,Central,Bhopal,Neha Gupta,1,1672000.0,0.05,1588400.0,213242.77
SL-6886,2023-07-12,Mahindra,XUV700,SUV,CNG,Central,Indore,Rahul Sharma,2,1497000.0,0.0,2994000.0,441095.97
SL-7638,2023-07-12,Ford,Endeavour,SUV,Diesel,East,Kolkata,Amit Patel,2,1028000.0,0.02,2014880.0,172967.49
SL-6360,2023-07-13,Mahindra,XUV700,SUV,Petrol,West,Pune,Amit Patel,3,1588000.0,0.1,4287600.0,235468.38
SL-5348,2023-07-14,Honda,Amaze,Sedan,Diesel,North,Chandigarh,Priya Singh,1,901000.0,0.02,882980.0,78236.15
SL-7067,2023-07-14,Tata,Punch,SUV,CNG,West,Ahmedabad,Rahul Sharma,2,2644000.0,0.02,5182240.0,1028067.55
SL-8216,2023-07-14,Kia,Seltos,SUV,Petrol,North,Delhi,Rahul Sharma,2,1290000.0,0.0,2580000.0,486796.31
SL-6445,2023-07-14,Honda,City,Sedan,Diesel,West,Mumbai,Anjali Desai,2,1511000.0,0.02,2961560.0,260445.82
SL-5353,2023-07-14,Mahindra,Bolero,SUV,Diesel,Central,Indore,Vikram Iyer,1,1029000.0,0.05,977550.0,106203.7
SL-8991,2023-07-14,Toyota,Corolla,Sedan,Diesel,East,Kolkata,Arjun Nair,2,1125000.0,0.0,2250000.0,288796.73
SL-6124,2023-07-14,Tata,Punch,SUV,Petrol,West,Ahmedabad,Anjali Desai,3,1409000.0,0.0,4227000.0,545413.33
SL-6305,2023-07-14,Toyota,Corolla,Sedan,CNG,West,Mumbai,Sneha Reddy,3,1374000.0,0.0,4122000.0,776126.49
SL-6275,2023-07-14,Hyundai,Verna,Sedan,Diesel,East,Kolkata,Amit Patel,1,1703000.0,0.05,1617850.0,169359.86
SL-9417,2023-07-15,Hyundai,Verna,Sedan,Diesel,South,Chennai,Arjun Nair,2,1728000.0,0.1,3110400.0,414459.48
SL-8040,2023-07-15,Kia,Seltos,SUV,Diesel,South,Chennai,Sneha Reddy,1,1616000.0,0.1,1454400.0,91930.97
SL-7716,2023-07-15,Tata,Harrier,SUV,CNG,West,Pune,Kavita Joshi,1,2221000.0,0.0,2221000.0,449752.61
SL-5143,2023-07-15,Honda,Amaze,Sedan,Diesel,East,Bhubaneswar,Neha Gupta,1,1351000.0,0.0,1351000.0,154882.8
SL-7219,2023-07-15,Hyundai,Creta,SUV,Diesel,West,Pune,Sneha Reddy,3,2312000.0,0.05,6589200.0,1106820.07
SL-6073,2023-07-16,Honda,Amaze,Sedan,Petrol,West,Pune,Priya Singh,2,1725000.0,0.05,3277500.0,238708.06
SL-7383,2023-07-16,Hyundai,Creta,SUV,Petrol,West,Pune,Rohit Verma,3,1856000.0,0.05,5289600.0,378296.48
SL-6078,2023-07-16,Toyota,Corolla,Sedan,Petrol,West,Ahmedabad,Kavita Joshi,2,1003000.0,0.05,1905700.0,187587.27
SL-9083,2023-07-16,Mahindra,Bolero,SUV,Electric,East,Bhubaneswar,Sneha Reddy,2,1672000.0,0.02,3277120.0,643645.16
SL-7159,2023-07-16,Maruti Suzuki,Ertiga,MPV,Diesel,East,Kolkata,Neha Gupta,2,1242000.0,0.05,2359800.0,365271.03
SL-7261,2023-07-16,Kia,Sonet,SUV,Diesel,South,Hyderabad,Vikram Iyer,3,2056000.0,0.0,6168000.0,746241.87
SL-5414,2023-07-17,Hyundai,Creta,SUV,Electric,Central,Bhopal,Arjun Nair,1,2745000.0,0.08,2525400.0,346147.88
SL-6609,2023-07-17,Hyundai,i20,Hatchback,Petrol,South,Bengaluru,Priya Singh,3,640000.0,0.0,1920000.0,213447.84
SL-6071,2023-07-17,Honda,Civic,Sedan,Diesel,North,Lucknow,Arjun Nair,2,1535000.0,0.05,2916500.0,320736.63
SL-5122,2023-07-17,Ford,EcoSport,SUV,Diesel,East,Kolkata,Rahul Sharma,3,2776000.0,0.0,8328000.0,1509236.15
SL-7038,2023-07-18,Tata,Punch,SUV,Diesel,South,Hyderabad,Priya Singh,2,2443000.0,0.05,4641700.0,326761.52
SL-6592,2023-07-18,Tata,Harrier,SUV,CNG,Central,Indore,Anjali Desai,1,1882000.0,0.02,1844360.0,316440.26
SL-8446,2023-07-18,Maruti Suzuki,Brezza,SUV,Petrol,East,Bhubaneswar,Rahul Sharma,3,1228000.0,0.0,3684000.0,644871.95
SL-9452,2023-07-18,Maruti Suzuki,Brezza,SUV,Diesel,North,Chandigarh,Anjali Desai,1,2552000.0,0.0,2552000.0,433930.88
SL-7269,2023-07-18,Tata,Altroz,Hatchback,Diesel,East,Patna,Anjali Desai,2,626000.0,0.0,1252000.0,197488.3
SL-8858,2023-07-18,Maruti Suzuki,Baleno,Hatchback,Petrol,North,Chandigarh,Kavita Joshi,3,813000.0,0.0,2439000.0,376478.6
SL-8332,2023-07-18,Toyota,Innova,MPV,Petrol,Central,Indore,Amit Patel,2,1409000.0,0.02,2761640.0,524819.28
SL-5816,2023-07-18,Maruti Suzuki,Brezza,SUV,Petrol,Central,Indore,Sneha Reddy,3,2165000.0,0.0,6495000.0,1371139.64
SL-5540,2023-07-18,Mahindra,XUV700,SUV,Petrol,West,Pune,Rohit Verma,3,1669000.0,0.02,4906860.0,534000.91
SL-6683,2023-07-19,Toyota,Innova,MPV,Petrol,East,Patna,Kavita Joshi,3,1554000.0,0.08,4289040.0,368634.99
SL-5765,2023-07-19,Tata,Nexon,SUV,Petrol,Central,Indore,Rohit Verma,2,1654000.0,0.02,3241840.0,412022.76
SL-6934,2023-07-19,Toyota,Camry,Sedan,Diesel,North,Chandigarh,Amit Patel,1,1467000.0,0.08,1349640.0,77409.32
SL-6659,2023-07-19,Toyota,Corolla,Sedan,Diesel,West,Pune,Arjun Nair,2,1242000.0,0.05,2359800.0,230159.95
SL-7097,2023-07-19,Maruti Suzuki,Swift,Hatchback,Petrol,Central,Nagpur,Vikram Iyer,2,838000.0,0.0,1676000.0,336561.44
SL-7091,2023-07-20,Toyota,Innova,MPV,Diesel,Central,Nagpur,Sneha Reddy,3,1359000.0,0.02,3995460.0,555791.85
SL-5588,2023-07-20,Tata,Altroz,Hatchback,Diesel,South,Hyderabad,Sneha Reddy,3,720000.0,0.05,2052000.0,362171.2
SL-6393,2023-07-20,Maruti Suzuki,Brezza,SUV,Electric,South,Chennai,Vikram Iyer,2,2196000.0,0.02,4304160.0,672794.73
SL-5961,2023-07-20,Mahindra,Scorpio,SUV,Diesel,East,Patna,Rohit Verma,2,1586000.0,0.08,2918240.0,183073.99
SL-6333,2023-07-20,Maruti Suzuki,Swift,Hatchback,Petrol,East,Bhubaneswar,Neha Gupta,1,764000.0,0.02,748720.0,107974.34
SL-8839,2023-07-20,Honda,Amaze,Sedan,Diesel,North,Delhi,Amit Patel,2,1582000.0,0.05,3005800.0,274136.33
SL-5843,2023-07-20,Tata,Punch,SUV,Diesel,West,Pune,Rohit Verma,3,2125000.0,0.0,6375000.0,896542.71
SL-7844,2023-07-20,Tata,Nexon,SUV,CNG,North,Delhi,Arjun Nair,2,2063000.0,0.02,4043480.0,565370.88
SL-8820,2023-07-20,Toyota,Camry,Sedan,Petrol,North,Delhi,Arjun Nair,3,1184000.0,0.05,3374400.0,303575.86
SL-9367,2023-07-21,Mahindra,Scorpio,SUV,Diesel,Central,Bhopal,Kavita Joshi,2,2249000.0,0.05,4273100.0,370927.86
SL-7146,2023-07-21,Mahindra,Scorpio,SUV,Petrol,North,Delhi,Rahul Sharma,2,1824000.0,0.05,3465600.0,460524.03
SL-6778,2023-07-21,Maruti Suzuki,Brezza,SUV,Diesel,East,Bhubaneswar,Sneha Reddy,2,1525000.0,0.08,2806000.0,207813.59
SL-5705,2023-07-21,Ford,Endeavour,SUV,Petrol,North,Delhi,Rohit Verma,1,2369000.0,0.0,2369000.0,491010.67
SL-5786,2023-07-21,Honda,Civic,Sedan,Petrol,Central,Nagpur,Priya Singh,2,1278000.0,0.02,2504880.0,344506.92
SL-7253,2023-07-21,Hyundai,Verna,Sedan,Petrol,South,Chennai,Rohit Verma,3,1039000.0,0.05,2961150.0,288243.71
SL-7279,2023-07-21,Hyundai,Venue,SUV,Petrol,East,Kolkata,Kavita Joshi,3,1232000.0,0.0,3696000.0,377947.07
SL-6411,2023-07-21,Honda,City,Sedan,Petrol,Central,Bhopal,Neha Gupta,1,1638000.0,0.0,1638000.0,166055.59
SL-9497,2023-07-22,Toyota,Fortuner,SUV,Diesel,North,Delhi,Rohit Verma,2,1127000.0,0.0,2254000.0,444451.81
SL-6913,2023-07-22,Mahindra,Thar,SUV,Electric,East,Bhubaneswar,Rahul Sharma,1,2130000.0,0.02,2087400.0,424558.77
SL-6298,2023-07-22,Maruti Suzuki,Baleno,Hatchback,Diesel,North,Chandigarh,Anjali Desai,2,857000.0,0.1,1542600.0,131173.15
SL-7778,2023-07-22,Ford,Endeavour,SUV,Diesel,Central,Indore,Anjali Desai,1,2480000.0,0.0,2480000.0,402964.75
SL-6644,2023-07-22,Ford,Endeavour,SUV,Petrol,North,Chandigarh,Rahul Sharma,1,1448000.0,0.08,1332160.0,194250.09
SL-9115,2023-07-22,Toyota,Fortuner,SUV,Diesel,East,Bhubaneswar,Anjali Desai,3,2316000.0,0.0,6948000.0,929160.09
SL-5905,2023-07-22,Ford,Endeavour,SUV,Petrol,South,Hyderabad,Amit Patel,3,1078000.0,0.0,3234000.0,594130.97
SL-5174,2023-07-22,Maruti Suzuki,Brezza,SUV,Petrol,Central,Nagpur,Anjali Desai,3,2766000.0,0.05,7883100.0,1220279.95
SL-6773,2023-07-22,Mahindra,Bolero,SUV,Petrol,West,Mumbai,Anjali Desai,1,1438000.0,0.02,1409240.0,193779.76
SL-5498,2023-07-23,Ford,Figo,Hatchback,Petrol,South,Bengaluru,Rohit Verma,3,894000.0,0.05,2547900.0,365349.34
SL-6023,2023-07-23,Ford,EcoSport,SUV,Petrol,East,Kolkata,Anjali Desai,2,2021000.0,0.05,3839900.0,575124.69
SL-5121,2023-07-23,Ford,EcoSport,SUV,Petrol,North,Lucknow,Neha Gupta,2,1103000.0,0.0,2206000.0,452995.06
SL-9020,2023-07-23,Tata,Punch,SUV,Petrol,Central,Bhopal,Amit Patel,1,2595000.0,0.1,2335500.0,35063.43
SL-5838,2023-07-23,Maruti Suzuki,Ertiga,MPV,Petrol,North,Delhi,Anjali Desai,2,1749000.0,0.0,3498000.0,563098.16
SL-6929,2023-07-23,Mahindra,Thar,SUV,Petrol,Central,Bhopal,Sneha Reddy,1,1455000.0,0.02,1425900.0,174722.4
SL-6220,2023-07-23,Toyota,Innova,MPV,Diesel,North,Chandigarh,Kavita Joshi,2,1723000.0,0.02,3377080.0,331638.46
SL-8992,2023-07-23,Honda,CR-V,SUV,Petrol,South,Chennai,Kavita Joshi,2,2230000.0,0.05,4237000.0,257723.12
SL-9081,2023-07-24,Kia,Sonet,SUV,Petrol,South,Bengaluru,Arjun Nair,1,2530000.0,0.05,2403500.0,216559.81
SL-8526,2023-07-24,Mahindra,XUV700,SUV,Petrol,South,Bengaluru,Sneha Reddy,2,2693000.0,0.0,5386000.0,1013485.03
SL-5516,2023-07-24,Toyota,Fortuner,SUV,Diesel,East,Kolkata,Sneha Reddy,2,1238000.0,0.0,2476000.0,456506.36
SL-6003,2023-07-24,Toyota,Fortuner,SUV,Petrol,North,Delhi,Rahul Sharma,1,1209000.0,0.0,1209000.0,137295.92
SL-7443,2023-07-24,Maruti Suzuki,Brezza,SUV,Petrol,North,Lucknow,Sneha Reddy,2,2443000.0,0.02,4788280.0,653869.72
SL-7727,2023-07-25,Hyundai,Verna,Sedan,Petrol,West,Ahmedabad,Anjali Desai,2,1444000.0,0.0,2888000.0,464373.13
SL-5959,2023-07-26,Ford,Figo,Hatchback,Diesel,Central,Nagpur,Sneha Reddy,2,676000.0,0.02,1324960.0,260392.99
SL-7241,2023-07-26,Ford,EcoSport,SUV,Diesel,West,Mumbai,Rahul Sharma,1,1600000.0,0.0,1600000.0,255785.32
SL-9405,2023-07-26,Maruti Suzuki,Brezza,SUV,Petrol,Central,Indore,Priya Singh,3,2120000.0,0.05,6042000.0,831828.99
SL-7951,2023-07-26,Tata,Punch,SUV,Petrol,East,Bhubaneswar,Arjun Nair,1,2003000.0,0.08,1842760.0,206304.82
SL-6543,2023-07-26,Tata,Nexon,SUV,Petrol,East,Kolkata,Arjun Nair,2,1326000.0,0.0,2652000.0,353088.76
SL-8451,2023-07-26,Ford,Endeavour,SUV,Petrol,North,Lucknow,Vikram Iyer,3,2519000.0,0.05,7179150.0,1030687.52
SL-7750,2023-07-26,Mahindra,Thar,SUV,Petrol,West,Mumbai,Amit Patel,1,1425000.0,0.02,1396500.0,220319.54
SL-9325,2023-07-27,Hyundai,Verna,Sedan,Petrol,North,Delhi,Amit Patel,3,1724000.0,0.02,5068560.0,755019.96
SL-7923,2023-07-27,Hyundai,Verna,Sedan,Diesel,North,Chandigarh,Neha Gupta,3,1408000.0,0.08,3886080.0,492357.51
SL-7677,2023-07-27,Maruti Suzuki,Swift,Hatchback,Petrol,North,Chandigarh,Anjali Desai,1,721000.0,0.08,663320.0,14523.53
SL-6807,2023-07-27,Kia,Seltos,SUV,Diesel,West,Pune,Anjali Desai,2,1426000.0,0.05,2709400.0,380307.07
SL-7843,2023-07-27,Hyundai,Creta,SUV,Diesel,South,Chennai,Priya Singh,3,1891000.0,0.02,5559540.0,602199.53
SL-8524,2023-07-27,Tata,Punch,SUV,Petrol,East,Bhubaneswar,Arjun Nair,1,1177000.0,0.05,1118150.0,141371.71
SL-6809,2023-07-28,Hyundai,Verna,Sedan,Diesel,East,Patna,Arjun Nair,2,1518000.0,0.02,2975280.0,256814.7
SL-6850,2023-07-28,Mahindra,XUV700,SUV,Diesel,Central,Nagpur,Neha Gupta,3,2097000.0,0.05,5976450.0,488478.74
SL-5558,2023-07-28,Ford,Endeavour,SUV,CNG,North,Lucknow,Anjali Desai,1,1516000.0,0.08,1394720.0,87956.7
SL-6594,2023-07-28,Kia,Seltos,SUV,Petrol,West,Pune,Neha Gupta,2,2135000.0,0.0,4270000.0,580522.66
SL-9018,2023-07-28,Mahindra,Thar,SUV,CNG,East,Kolkata,Amit Patel,2,1471000.0,0.1,2647800.0,293541.94
SL-5950,2023-07-29,Kia,Carens,MPV,Petrol,South,Chennai,Sneha Reddy,2,1189000.0,0.05,2259100.0,390405.65
SL-7479,2023-07-29,Kia,Carens,MPV,Petrol,East,Kolkata,Arjun Nair,3,1389000.0,0.05,3958650.0,679236.63
SL-7734,2023-07-29,Hyundai,Venue,SUV,CNG,South,Chennai,Kavita Joshi,2,1585000.0,0.0,3170000.0,696709.09
SL-9098,2023-07-29,Kia,Carens,MPV,Electric,East,Patna,Amit Patel,2,1232000.0,0.05,2340800.0,136234.64
SL-5704,2023-07-29,Tata,Harrier,SUV,Diesel,North,Chandigarh,Kavita Joshi,3,1119000.0,0.08,3088440.0,425296.89
SL-6243,2023-07-29,Hyundai,Venue,SUV,Diesel,Central,Bhopal,Arjun Nair,2,2380000.0,0.02,4664800.0,657797.53
SL-9335,2023-07-29,Mahindra,Scorpio,SUV,Petrol,East,Kolkata,Rahul Sharma,1,2309000.0,0.02,2262820.0,273575.72
SL-5295,2023-07-30,Mahindra,Bolero,SUV,Petrol,East,Bhubaneswar,Priya Singh,2,2792000.0,0.05,5304800.0,470105.68
SL-8996,2023-07-30,Toyota,Corolla,Sedan,CNG,West,Ahmedabad,Rahul Sharma,1,989000.0,0.05,939550.0,167913.97
SL-8553,2023-07-30,Mahindra,Scorpio,SUV,Diesel,North,Chandigarh,Anjali Desai,1,2179000.0,0.02,2135420.0,336412.9
SL-8080,2023-07-30,Hyundai,i20,Hatchback,Petrol,West,Mumbai,Kavita Joshi,1,717000.0,0.0,717000.0,115254.16
SL-7245,2023-07-30,Maruti Suzuki,Baleno,Hatchback,CNG,South,Hyderabad,Kavita Joshi,2,889000.0,0.05,1689100.0,167193.96
SL-6700,2023-07-30,Mahindra,Thar,SUV,CNG,South,Chennai,Neha Gupta,2,2689000.0,0.05,5109100.0,745669.9
SL-5359,2023-07-30,Kia,Sonet,SUV,Petrol,South,Hyderabad,Anjali Desai,3,2173000.0,0.02,6388620.0,877969.88
SL-8822,2023-07-30,Tata,Punch,SUV,Petrol,Central,Indore,Amit Patel,1,2076000.0,0.02,2034480.0,186931.91
SL-9421,2023-07-31,Mahindra,Bolero,SUV,CNG,Central,Bhopal,Kavita Joshi,1,2709000.0,0.0,2709000.0,305377.85
SL-7829,2023-07-31,Mahindra,XUV700,SUV,Diesel,South,Chennai,Rohit Verma,1,1158000.0,0.0,1158000.0,161036.08
SL-7753,2023-07-31,Hyundai,Venue,SUV,Petrol,North,Chandigarh,Sneha Reddy,1,1851000.0,0.0,1851000.0,342366.87
SL-5250,2023-07-31,Hyundai,Venue,SUV,Electric,East,Bhubaneswar,Sneha Reddy,3,2335000.0,0.02,6864900.0,647788.1
SL-6499,2023-07-31,Kia,Carens,MPV,Petrol,East,Kolkata,Neha Gupta,1,1247000.0,0.02,1222060.0,229101.32
SL-8966,2023-07-31,Kia,Sonet,SUV,Petrol,West,Pune,Rahul Sharma,3,2529000.0,0.0,7587000.0,986610.12
SL-6902,2023-08-01,Mahindra,XUV700,SUV,Diesel,North,Delhi,Anjali Desai,1,2578000.0,0.08,2371760.0,146668.4
SL-5275,2023-08-01,Ford,EcoSport,SUV,Petrol,East,Kolkata,Amit Patel,3,2592000.0,0.02,7620480.0,1542835.2
SL-5659,2023-08-01,Honda,Civic,Sedan,Diesel,Central,Indore,Kavita Joshi,1,1420000.0,0.0,1420000.0,154012.23
SL-7690,2023-08-01,Tata,Altroz,Hatchback,Petrol,West,Ahmedabad,Rohit Verma,3,869000.0,0.0,2607000.0,449268.19
SL-9419,2023-08-01,Mahindra,Thar,SUV,CNG,South,Bengaluru,Amit Patel,1,1422000.0,0.05,1350900.0,155601.44
SL-8654,2023-08-02,Kia,Carens,MPV,Petrol,West,Mumbai,Amit Patel,1,1338000.0,0.08,1230960.0,44540.67
SL-5932,2023-08-02,Maruti Suzuki,Brezza,SUV,Electric,South,Chennai,Priya Singh,1,2543000.0,0.0,2543000.0,389547.41
SL-9420,2023-08-02,Maruti Suzuki,Ertiga,MPV,Petrol,East,Bhubaneswar,Sneha Reddy,3,1840000.0,0.08,5078400.0,764820.08
SL-8547,2023-08-02,Honda,CR-V,SUV,Petrol,South,Chennai,Arjun Nair,2,1997000.0,0.02,3914120.0,778948.84
SL-8423,2023-08-02,Honda,City,Sedan,Diesel,East,Bhubaneswar,Anjali Desai,2,1305000.0,0.0,2610000.0,487152.67
SL-6370,2023-08-02,Honda,CR-V,SUV,Diesel,West,Pune,Neha Gupta,2,1841000.0,0.02,3608360.0,361170.75
SL-9034,2023-08-02,Ford,Endeavour,SUV,Diesel,North,Delhi,Neha Gupta,3,2693000.0,0.0,8079000.0,1133528.25
SL-6192,2023-08-02,Hyundai,Venue,SUV,Diesel,East,Bhubaneswar,Arjun Nair,2,1821000.0,0.02,3569160.0,617846.15
SL-9354,2023-08-02,Ford,Endeavour,SUV,CNG,South,Hyderabad,Amit Patel,3,1168000.0,0.1,3153600.0,346842.53
SL-8427,2023-08-02,Mahindra,Scorpio,SUV,CNG,North,Lucknow,Sneha Reddy,1,2176000.0,0.05,2067200.0,294702.26
SL-7959,2023-08-03,Kia,Sonet,SUV,Diesel,Central,Nagpur,Neha Gupta,3,1905000.0,0.0,5715000.0,675509.35
SL-8477,2023-08-03,Maruti Suzuki,Ertiga,MPV,Petrol,East,Bhubaneswar,Priya Singh,2,1620000.0,0.02,3175200.0,275300.9
SL-8369,2023-08-03,Hyundai,Venue,SUV,Diesel,West,Pune,Sneha Reddy,3,2262000.0,0.0,6786000.0,1340633.92
SL-6053,2023-08-03,Mahindra,Bolero,SUV,Petrol,North,Delhi,Vikram Iyer,2,1804000.0,0.0,3608000.0,529376.11
SL-6938,2023-08-04,Hyundai,Creta,SUV,Diesel,South,Chennai,Kavita Joshi,1,2403000.0,0.05,2282850.0,120575.3
SL-8541,2023-08-04,Honda,Amaze,Sedan,Diesel,South,Chennai,Vikram Iyer,1,1655000.0,0.1,1489500.0,28181.44
SL-7195,2023-08-04,Hyundai,Verna,Sedan,Petrol,West,Mumbai,Arjun Nair,2,948000.0,0.02,1858080.0,320003.12
SL-7207,2023-08-04,Hyundai,i20,Hatchback,Petrol,Central,Indore,Sneha Reddy,1,889000.0,0.05,844550.0,146214.92
SL-6508,2023-08-04,Mahindra,Bolero,SUV,Diesel,North,Lucknow,Arjun Nair,3,1096000.0,0.02,3222240.0,346844.09
SL-7051,2023-08-04,Tata,Harrier,SUV,Petrol,East,Kolkata,Kavita Joshi,1,2738000.0,0.0,2738000.0,423385.19
SL-5759,2023-08-04,Toyota,Corolla,Sedan,Diesel,East,Patna,Neha Gupta,2,938000.0,0.05,1782200.0,239609.69
SL-9035,2023-08-04,Kia,Seltos,SUV,Petrol,Central,Nagpur,Neha Gupta,2,1915000.0,0.02,3753400.0,351193.6
SL-7892,2023-08-05,Ford,EcoSport,SUV,Petrol,East,Patna,Sneha Reddy,3,1150000.0,0.0,3450000.0,658747.07
SL-8293,2023-08-05,Ford,Endeavour,SUV,Petrol,West,Ahmedabad,Vikram Iyer,3,1130000.0,0.02,3322200.0,570244.81
SL-6161,2023-08-05,Mahindra,Thar,SUV,Petrol,South,Hyderabad,Rohit Verma,2,1438000.0,0.05,2732200.0,246911.45
SL-7016,2023-08-05,Tata,Altroz,Hatchback,Petrol,West,Pune,Rahul Sharma,3,892000.0,0.08,2461920.0,88790.76
SL-8517,2023-08-05,Mahindra,Scorpio,SUV,Diesel,Central,Nagpur,Neha Gupta,3,2252000.0,0.0,6756000.0,868923.54
SL-5039,2023-08-05,Ford,Endeavour,SUV,Diesel,West,Ahmedabad,Amit Patel,3,2631000.0,0.0,7893000.0,1352668.79
SL-7116,2023-08-05,Ford,EcoSport,SUV,Petrol,Central,Nagpur,Anjali Desai,3,1792000.0,0.05,5107200.0,370495.89
SL-9140,2023-08-05,Mahindra,Scorpio,SUV,Petrol,South,Chennai,Anjali Desai,3,1443000.0,0.0,4329000.0,824959.42
SL-6046,2023-08-06,Mahindra,Thar,SUV,CNG,North,Lucknow,Sneha Reddy,1,1787000.0,0.05,1697650.0,172114.49
SL-6048,2023-08-06,Hyundai,Venue,SUV,Diesel,North,Delhi,Vikram Iyer,3,2617000.0,0.0,7851000.0,1146039.57
SL-9467,2023-08-07,Toyota,Fortuner,SUV,Electric,South,Chennai,Neha Gupta,3,2076000.0,0.0,6228000.0,989016.44
SL-6624,2023-08-07,Toyota,Camry,Sedan,Diesel,Central,Indore,Anjali Desai,1,1635000.0,0.02,1602300.0,187899.08
SL-5630,2023-08-07,Maruti Suzuki,Baleno,Hatchback,Diesel,North,Lucknow,Amit Patel,3,706000.0,0.1,1906200.0,217902.97
SL-6786,2023-08-07,Ford,Figo,Hatchback,Diesel,South,Chennai,Priya Singh,3,686000.0,0.0,2058000.0,371405.03
SL-6870,2023-08-07,Ford,Figo,Hatchback,Petrol,Central,Nagpur,Rahul Sharma,3,631000.0,0.0,1893000.0,253273.19
SL-6943,2023-08-07,Tata,Punch,SUV,Petrol,West,Ahmedabad,Amit Patel,1,1210000.0,0.0,1210000.0,173319.82
SL-6063,2023-08-07,Ford,EcoSport,SUV,Diesel,Central,Indore,Vikram Iyer,2,2563000.0,0.02,5023480.0,471058.14
SL-7772,2023-08-08,Mahindra,Bolero,SUV,CNG,East,Kolkata,Anjali Desai,3,1236000.0,0.0,3708000.0,797200.37
SL-5309,2023-08-08,Ford,Endeavour,SUV,CNG,East,Patna,Neha Gupta,1,2746000.0,0.05,2608700.0,383517.86
SL-6336,2023-08-08,Tata,Harrier,SUV,Electric,West,Ahmedabad,Rohit Verma,3,1130000.0,0.0,3390000.0,677875.03
SL-8258,2023-08-08,Ford,Endeavour,SUV,Diesel,South,Chennai,Anjali Desai,2,2395000.0,0.05,4550500.0,541586.77
SL-6931,2023-08-08,Hyundai,Verna,Sedan,Diesel,South,Hyderabad,Rohit Verma,2,962000.0,0.05,1827800.0,176102.63
SL-5863,2023-08-08,Hyundai,Verna,Sedan,Diesel,Central,Bhopal,Sneha Reddy,2,1730000.0,0.02,3390800.0,497150.83
SL-6061,2023-08-08,Ford,EcoSport,SUV,Diesel,West,Mumbai,Priya Singh,2,1589000.0,0.05,3019100.0,245225.93
SL-5485,2023-08-09,Ford,Endeavour,SUV,Petrol,South,Bengaluru,Anjali Desai,1,2733000.0,0.0,2733000.0,334677.4
SL-6143,2023-08-09,Hyundai,Creta,SUV,Petrol,West,Mumbai,Vikram Iyer,3,1186000.0,0.02,3486840.0,399023.33
SL-5830,2023-08-09,Ford,EcoSport,SUV,Diesel,North,Chandigarh,Anjali Desai,3,2624000.0,0.05,7478400.0,809013.5
SL-5538,2023-08-09,Hyundai,Creta,SUV,Diesel,South,Bengaluru,Priya Singh,1,2395000.0,0.05,2275250.0,351123.45
SL-5621,2023-08-09,Toyota,Camry,Sedan,Petrol,West,Mumbai,Kavita Joshi,3,1298000.0,0.0,3894000.0,789941.15
SL-7505,2023-08-09,Honda,City,Sedan,CNG,North,Chandigarh,Sneha Reddy,3,1275000.0,0.02,3748500.0,628962.86
SL-5722,2023-08-09,Kia,Carens,MPV,CNG,Central,Bhopal,Neha Gupta,3,1149000.0,0.02,3378060.0,661904.05
SL-8948,2023-08-10,Tata,Harrier,SUV,Petrol,North,Delhi,Anjali Desai,2,2611000.0,0.0,5222000.0,1043121.46
SL-8034,2023-08-10,Maruti Suzuki,Baleno,Hatchback,Petrol,South,Hyderabad,Kavita Joshi,3,665000.0,0.0,1995000.0,234422.4
SL-5908,2023-08-11,Kia,Sonet,SUV,CNG,West,Ahmedabad,Anjali Desai,1,1945000.0,0.08,1789400.0,134524.2
SL-7872,2023-08-11,Ford,Figo,Hatchback,Diesel,East,Kolkata,Anjali Desai,3,810000.0,0.05,2308500.0,204299.56
SL-7137,2023-08-11,Honda,Amaze,Sedan,Diesel,North,Delhi,Vikram Iyer,2,1629000.0,0.02,3192840.0,266756.18
SL-6577,2023-08-11,Honda,Civic,Sedan,Diesel,North,Lucknow,Kavita Joshi,2,1022000.0,0.0,2044000.0,269825.81
SL-8569,2023-08-11,Ford,Figo,Hatchback,Petrol,West,Pune,Amit Patel,1,896000.0,0.08,824320.0,65673.09
SL-6086,2023-08-11,Toyota,Corolla,Sedan,Petrol,Central,Bhopal,Rohit Verma,3,1588000.0,0.05,4525800.0,761139.58
SL-7643,2023-08-12,Toyota,Corolla,Sedan,Diesel,East,Bhubaneswar,Rohit Verma,2,1248000.0,0.0,2496000.0,476108.26
SL-8674,2023-08-12,Tata,Harrier,SUV,Diesel,Central,Indore,Kavita Joshi,3,1363000.0,0.05,3884550.0,634295.91
SL-5833,2023-08-12,Tata,Altroz,Hatchback,Petrol,East,Kolkata,Anjali Desai,2,633000.0,0.02,1240680.0,218115.34
SL-9437,2023-08-13,Ford,Endeavour,SUV,Petrol,East,Patna,Neha Gupta,2,2411000.0,0.05,4580900.0,633041.78
SL-7605,2023-08-13,Honda,City,Sedan,Electric,Central,Bhopal,Rahul Sharma,2,1163000.0,0.1,2093400.0,81931.32
SL-8005,2023-08-13,Ford,Figo,Hatchback,CNG,West,Mumbai,Neha Gupta,2,833000.0,0.0,1666000.0,177818.25
SL-8785,2023-08-13,Honda,CR-V,SUV,Diesel,Central,Nagpur,Arjun Nair,3,2152000.0,0.02,6326880.0,1170618.57
SL-5060,2023-08-13,Maruti Suzuki,Swift,Hatchback,Diesel,West,Ahmedabad,Rahul Sharma,3,687000.0,0.02,2019780.0,320881.92
SL-8716,2023-08-13,Maruti Suzuki,Brezza,SUV,Petrol,West,Pune,Arjun Nair,2,2374000.0,0.02,4653040.0,630793.79
SL-9283,2023-08-13,Tata,Harrier,SUV,Petrol,Central,Bhopal,Vikram Iyer,2,1990000.0,0.02,3900400.0,623422.9
SL-8559,2023-08-14,Ford,Endeavour,SUV,Diesel,Central,Nagpur,Sneha Reddy,1,1543000.0,0.05,1465850.0,114023.59
SL-6423,2023-08-14,Hyundai,Creta,SUV,CNG,West,Ahmedabad,Rohit Verma,3,2713000.0,0.02,7976220.0,990893.32
SL-8119,2023-08-14,Tata,Altroz,Hatchback,Petrol,West,Ahmedabad,Arjun Nair,2,629000.0,0.05,1195100.0,175123.63
SL-5625,2023-08-14,Kia,Carens,MPV,Diesel,South,Chennai,Priya Singh,1,1576000.0,0.0,1576000.0,320148.83
SL-7775,2023-08-14,Mahindra,XUV700,SUV,Diesel,East,Bhubaneswar,Neha Gupta,3,2203000.0,0.0,6609000.0,1062292.3
SL-5656,2023-08-14,Tata,Altroz,Hatchback,Petrol,Central,Nagpur,Amit Patel,1,698000.0,0.1,628200.0,79885.1
SL-8101,2023-08-14,Ford,EcoSport,SUV,Petrol,South,Hyderabad,Kavita Joshi,2,1305000.0,0.1,2349000.0,67530.9
SL-6182,2023-08-14,Toyota,Corolla,Sedan,Diesel,South,Chennai,Vikram Iyer,2,1537000.0,0.05,2920300.0,226372.3
SL-8601,2023-08-14,Honda,City,Sedan,CNG,Central,Bhopal,Anjali Desai,1,1180000.0,0.02,1156400.0,227881.4
SL-5437,2023-08-14,Maruti Suzuki,Ertiga,MPV,Diesel,East,Bhubaneswar,Neha Gupta,3,1170000.0,0.05,3334500.0,189705.27
SL-5158,2023-08-14,Hyundai,Creta,SUV,Petrol,North,Chandigarh,Arjun Nair,2,1700000.0,0.08,3128000.0,200199.23
SL-7155,2023-08-15,Maruti Suzuki,Baleno,Hatchback,Petrol,South,Bengaluru,Priya Singh,3,800000.0,0.02,2352000.0,409584.95
SL-8196,2023-08-15,Mahindra,Bolero,SUV,Petrol,West,Mumbai,Vikram Iyer,3,1338000.0,0.0,4014000.0,649916.88
SL-7614,2023-08-15,Tata,Harrier,SUV,Diesel,West,Ahmedabad,Arjun Nair,2,2394000.0,0.1,4309200.0,36980.33
SL-8144,2023-08-15,Toyota,Corolla,Sedan,Diesel,West,Ahmedabad,Sneha Reddy,1,1325000.0,0.02,1298500.0,259891.3
SL-9049,2023-08-15,Toyota,Innova,MPV,Petrol,North,Lucknow,Neha Gupta,1,1687000.0,0.02,1653260.0,183233.81
SL-9243,2023-08-15,Toyota,Corolla,Sedan,Diesel,South,Bengaluru,Priya Singh,2,1140000.0,0.05,2166000.0,242210.15
SL-8099,2023-08-15,Tata,Altroz,Hatchback,Petrol,West,Ahmedabad,Arjun Nair,3,644000.0,0.0,1932000.0,404716.62
SL-8744,2023-08-15,Hyundai,i20,Hatchback,Petrol,South,Chennai,Sneha Reddy,1,669000.0,0.08,615480.0,83814.13
SL-7616,2023-08-15,Ford,Figo,Hatchback,Diesel,West,Mumbai,Arjun Nair,1,847000.0,0.02,830060.0,134131.82
SL-7250,2023-08-15,Mahindra,XUV700,SUV,CNG,South,Bengaluru,Arjun Nair,2,2754000.0,0.0,5508000.0,786621.93
SL-5525,2023-08-15,Kia,Sonet,SUV,Petrol,South,Chennai,Amit Patel,3,2507000.0,0.02,7370580.0,1233383.46
SL-5067,2023-08-16,Ford,Figo,Hatchback,Diesel,Central,Bhopal,Sneha Reddy,3,816000.0,0.02,2399040.0,246719.58
SL-7018,2023-08-16,Kia,Sonet,SUV,Diesel,North,Chandigarh,Anjali Desai,1,1418000.0,0.0,1418000.0,203066.97
SL-8918,2023-08-16,Honda,City,Sedan,Diesel,Central,Nagpur,Rohit Verma,3,1509000.0,0.05,4300650.0,758888.28
SL-9320,2023-08-17,Hyundai,i20,Hatchback,Petrol,South,Hyderabad,Rohit Verma,1,621000.0,0.02,608580.0,101850.99
SL-5063,2023-08-17,Tata,Punch,SUV,CNG,East,Kolkata,Vikram Iyer,1,1646000.0,0.05,1563700.0,190551.11
SL-6547,2023-08-17,Honda,Amaze,Sedan,Diesel,North,Chandigarh,Rohit Verma,3,1544000.0,0.08,4261440.0,184356.37
SL-7027,2023-08-17,Hyundai,Venue,SUV,Petrol,West,Mumbai,Vikram Iyer,3,2711000.0,0.05,7726350.0,572812.62
SL-7056,2023-08-17,Hyundai,Verna,Sedan,Petrol,North,Delhi,Vikram Iyer,2,1162000.0,0.0,2324000.0,327866.92
SL-7226,2023-08-17,Hyundai,Creta,SUV,Petrol,Central,Indore,Rahul Sharma,3,2539000.0,0.08,7007640.0,686001.84
SL-5308,2023-08-17,Tata,Altroz,Hatchback,CNG,Central,Bhopal,Anjali Desai,3,721000.0,0.0,2163000.0,327683.06
SL-8718,2023-08-17,Toyota,Corolla,Sedan,Petrol,Central,Indore,Anjali Desai,1,1496000.0,0.02,1466080.0,231166.26
SL-8274,2023-08-17,Ford,Figo,Hatchback,Diesel,East,Patna,Kavita Joshi,3,799000.0,0.02,2349060.0,390364.47
SL-7243,2023-08-17,Ford,Figo,Hatchback,Petrol,West,Mumbai,Priya Singh,1,666000.0,0.08,612720.0,31421.96
SL-7972,2023-08-18,Toyota,Innova,MPV,Electric,West,Ahmedabad,Vikram Iyer,2,1130000.0,0.0,2260000.0,397632.84
SL-6556,2023-08-18,Mahindra,Bolero,SUV,Electric,West,Mumbai,Arjun Nair,3,1891000.0,0.0,5673000.0,951376.05
SL-8587,2023-08-18,Mahindra,Scorpio,SUV,CNG,Central,Bhopal,Sneha Reddy,1,1095000.0,0.0,1095000.0,176864.7
SL-9427,2023-08-18,Hyundai,Creta,SUV,Petrol,South,Bengaluru,Vikram Iyer,2,2034000.0,0.02,3986640.0,386692.37
SL-6146,2023-08-18,Kia,Seltos,SUV,Petrol,North,Chandigarh,Kavita Joshi,2,1775000.0,0.02,3479000.0,312090.52
SL-6376,2023-08-19,Honda,Amaze,Sedan,CNG,North,Delhi,Sneha Reddy,3,1475000.0,0.05,4203750.0,349972.98
SL-7636,2023-08-19,Hyundai,i20,Hatchback,Petrol,Central,Nagpur,Kavita Joshi,2,788000.0,0.0,1576000.0,266285.38
SL-5742,2023-08-19,Kia,Carens,MPV,Diesel,South,Chennai,Rahul Sharma,3,1850000.0,0.02,5439000.0,707563.16
SL-5878,2023-08-19,Mahindra,Bolero,SUV,Electric,Central,Bhopal,Sneha Reddy,3,2027000.0,0.05,5776950.0,667230.39
SL-5496,2023-08-19,Kia,Carens,MPV,Diesel,East,Patna,Priya Singh,2,1206000.0,0.0,2412000.0,297497.22
SL-8299,2023-08-19,Hyundai,Creta,SUV,Diesel,South,Bengaluru,Amit Patel,1,1357000.0,0.05,1289150.0,132351.26
SL-8873,2023-08-19,Mahindra,Bolero,SUV,Petrol,South,Chennai,Neha Gupta,1,1950000.0,0.02,1911000.0,207129.44
SL-6871,2023-08-19,Hyundai,Creta,SUV,Petrol,Central,Bhopal,Sneha Reddy,2,1857000.0,0.0,3714000.0,462595.79
SL-9477,2023-08-19,Toyota,Camry,Sedan,CNG,West,Pune,Rahul Sharma,1,1356000.0,0.05,1288200.0,125131.22
SL-5876,2023-08-20,Mahindra,Bolero,SUV,Petrol,East,Patna,Sneha Reddy,2,1039000.0,0.08,1911760.0,234340.02
SL-7394,2023-08-20,Tata,Punch,SUV,CNG,South,Chennai,Vikram Iyer,2,2205000.0,0.0,4410000.0,662417.27
SL-7066,2023-08-20,Maruti Suzuki,Baleno,Hatchback,Petrol,Central,Bhopal,Amit Patel,3,719000.0,0.02,2113860.0,344313.91
SL-8790,2023-08-20,Hyundai,Venue,SUV,Petrol,West,Pune,Arjun Nair,2,2371000.0,0.0,4742000.0,613172.24
SL-8149,2023-08-20,Tata,Harrier,SUV,Petrol,Central,Nagpur,Rahul Sharma,2,1608000.0,0.05,3055200.0,350574.85
SL-7834,2023-08-20,Toyota,Innova,MPV,Petrol,East,Patna,Rahul Sharma,3,1504000.0,0.05,4286400.0,652949.46
SL-8843,2023-08-20,Tata,Punch,SUV,Diesel,South,Hyderabad,Arjun Nair,1,2230000.0,0.0,2230000.0,287548.24
SL-7499,2023-08-20,Kia,Carens,MPV,Petrol,West,Ahmedabad,Kavita Joshi,1,1291000.0,0.02,1265180.0,122200.53
SL-9206,2023-08-21,Honda,CR-V,SUV,Petrol,Central,Indore,Rohit Verma,1,1002000.0,0.0,1002000.0,181801.6
SL-9065,2023-08-21,Toyota,Camry,Sedan,Petrol,West,Mumbai,Anjali Desai,3,1255000.0,0.0,3765000.0,557799.37
SL-6426,2023-08-21,Kia,Sonet,SUV,CNG,East,Kolkata,Vikram Iyer,1,1870000.0,0.02,1832600.0,180327.54
SL-9440,2023-08-22,Toyota,Corolla,Sedan,Diesel,East,Kolkata,Priya Singh,3,1088000.0,0.02,3198720.0,495536.55
SL-6746,2023-08-22,Toyota,Corolla,Sedan,Petrol,East,Bhubaneswar,Neha Gupta,3,1173000.0,0.05,3343050.0,203054.99
SL-8122,2023-08-22,Ford,Figo,Hatchback,Diesel,East,Patna,Sneha Reddy,1,683000.0,0.02,669340.0,76221.38
SL-7449,2023-08-22,Kia,Sonet,SUV,Diesel,South,Bengaluru,Priya Singh,1,1058000.0,0.0,1058000.0,120935.22
SL-5867,2023-08-22,Kia,Seltos,SUV,Diesel,West,Ahmedabad,Kavita Joshi,3,2289000.0,0.0,6867000.0,974907.4
SL-8385,2023-08-22,Tata,Punch,SUV,Diesel,South,Bengaluru,Neha Gupta,3,2703000.0,0.0,8109000.0,834438.31
SL-5613,2023-08-22,Hyundai,i20,Hatchback,Diesel,Central,Bhopal,Arjun Nair,2,832000.0,0.08,1530880.0,89198.48
SL-5012,2023-08-22,Maruti Suzuki,Brezza,SUV,Diesel,East,Bhubaneswar,Kavita Joshi,2,2732000.0,0.05,5190800.0,831782.36
SL-8713,2023-08-23,Tata,Nexon,SUV,Diesel,North,Chandigarh,Arjun Nair,3,1172000.0,0.02,3445680.0,391945.48
SL-7849,2023-08-23,Hyundai,i20,Hatchback,Diesel,East,Patna,Sneha Reddy,1,860000.0,0.0,860000.0,153184.14
SL-8009,2023-08-23,Kia,Sonet,SUV,Diesel,North,Chandigarh,Rahul Sharma,1,2347000.0,0.0,2347000.0,447299.77
SL-5703,2023-08-23,Hyundai,i20,Hatchback,Electric,Central,Nagpur,Kavita Joshi,3,757000.0,0.08,2089320.0,210297.25
SL-7613,2023-08-23,Hyundai,Creta,SUV,Petrol,Central,Indore,Sneha Reddy,2,2743000.0,0.0,5486000.0,549763.82
SL-6375,2023-08-23,Hyundai,Venue,SUV,Petrol,Central,Nagpur,Priya Singh,3,2351000.0,0.0,7053000.0,1289580.16
SL-9413,2023-08-24,Tata,Altroz,Hatchback,Petrol,West,Ahmedabad,Arjun Nair,3,788000.0,0.0,2364000.0,366394.32
SL-9037,2023-08-24,Kia,Carens,MPV,Petrol,West,Pune,Arjun Nair,1,1878000.0,0.02,1840440.0,200797.94
SL-8403,2023-08-24,Maruti Suzuki,Brezza,SUV,Diesel,Central,Bhopal,Rohit Verma,1,1900000.0,0.05,1805000.0,147912.21
SL-7893,2023-08-24,Kia,Carens,MPV,Electric,South,Chennai,Arjun Nair,3,1638000.0,0.0,4914000.0,901262.36
SL-7756,2023-08-24,Ford,Figo,Hatchback,Electric,West,Ahmedabad,Arjun Nair,3,702000.0,0.02,2063880.0,179872.37
SL-5787,2023-08-24,Honda,Civic,Sedan,Petrol,West,Mumbai,Sneha Reddy,1,1739000.0,0.02,1704220.0,325215.26
SL-8899,2023-08-25,Tata,Altroz,Hatchback,Diesel,East,Patna,Kavita Joshi,1,832000.0,0.02,815360.0,157920.21
SL-6568,2023-08-25,Hyundai,Venue,SUV,Diesel,West,Pune,Anjali Desai,3,2132000.0,0.0,6396000.0,988411.53
SL-5398,2023-08-25,Kia,Carens,MPV,Petrol,East,Kolkata,Neha Gupta,3,1554000.0,0.05,4428900.0,506602.59
SL-7259,2023-08-25,Ford,EcoSport,SUV,CNG,South,Bengaluru,Rahul Sharma,1,2079000.0,0.08,1912680.0,65784.92
SL-6927,2023-08-25,Ford,Figo,Hatchback,Electric,Central,Nagpur,Rohit Verma,3,855000.0,0.0,2565000.0,354887.6
SL-8453,2023-08-25,Kia,Seltos,SUV,Petrol,South,Chennai,Neha Gupta,2,1058000.0,0.08,1946720.0,160828.38
SL-5472,2023-08-25,Mahindra,XUV700,SUV,Petrol,South,Chennai,Rohit Verma,3,1803000.0,0.08,4976280.0,194051.92
SL-5080,2023-08-25,Toyota,Fortuner,SUV,CNG,North,Chandigarh,Neha Gupta,3,1309000.0,0.05,3730650.0,417992.23
SL-8070,2023-08-26,Honda,Civic,Sedan,Petrol,West,Mumbai,Anjali Desai,3,1014000.0,0.02,2981160.0,560412.61
SL-6533,2023-08-26,Tata,Harrier,SUV,Diesel,North,Chandigarh,Neha Gupta,3,1526000.0,0.05,4349100.0,290985.21
SL-6238,2023-08-26,Kia,Carens,MPV,Diesel,West,Mumbai,Sneha Reddy,1,1029000.0,0.1,926100.0,99118.84
SL-8757,2023-08-26,Honda,City,Sedan,Petrol,West,Ahmedabad,Amit Patel,3,940000.0,0.02,2763600.0,254200.69
SL-8381,2023-08-27,Kia,Sonet,SUV,Petrol,West,Ahmedabad,Rohit Verma,1,1024000.0,0.0,1024000.0,198162.42
SL-6090,2023-08-27,Toyota,Innova,MPV,Petrol,East,Bhubaneswar,Amit Patel,3,1062000.0,0.0,3186000.0,381319.94
SL-6776,2023-08-27,Mahindra,Thar,SUV,Diesel,North,Lucknow,Neha Gupta,3,1557000.0,0.05,4437450.0,531987.46
SL-7688,2023-08-27,Toyota,Innova,MPV,Diesel,Central,Indore,Rohit Verma,2,1235000.0,0.02,2420600.0,230139.23
SL-5449,2023-08-27,Mahindra,Thar,SUV,CNG,East,Patna,Priya Singh,3,1965000.0,0.02,5777100.0,842908.34
SL-7009,2023-08-27,Toyota,Innova,MPV,Petrol,East,Bhubaneswar,Vikram Iyer,1,1252000.0,0.0,1252000.0,140191.47
SL-6290,2023-08-27,Honda,Civic,Sedan,Diesel,West,Pune,Vikram Iyer,3,937000.0,0.0,2811000.0,589392.08
SL-6806,2023-08-28,Kia,Seltos,SUV,Petrol,South,Bengaluru,Sneha Reddy,3,2146000.0,0.02,6309240.0,1184956.33
SL-8410,2023-08-28,Mahindra,Bolero,SUV,Diesel,South,Chennai,Vikram Iyer,2,2314000.0,0.08,4257760.0,543916.02
SL-7267,2023-08-28,Ford,Figo,Hatchback,CNG,North,Lucknow,Kavita Joshi,3,674000.0,0.02,1981560.0,258934.93
SL-6383,2023-08-28,Kia,Seltos,SUV,CNG,North,Lucknow,Neha Gupta,1,1996000.0,0.08,1836320.0,173723.64
SL-9348,2023-08-28,Mahindra,Scorpio,SUV,Petrol,North,Delhi,Rohit Verma,2,1758000.0,0.02,3445680.0,294624.61
SL-6437,2023-08-28,Honda,CR-V,SUV,CNG,Central,Bhopal,Vikram Iyer,1,2341000.0,0.02,2294180.0,348177.72
SL-6660,2023-08-28,Kia,Sonet,SUV,Petrol,Central,Indore,Kavita Joshi,3,2795000.0,0.0,8385000.0,1443868.87
SL-8378,2023-08-29,Hyundai,Creta,SUV,Petrol,Central,Bhopal,Rahul Sharma,3,2274000.0,0.08,6276240.0,489371.49
SL-7670,2023-08-29,Toyota,Innova,MPV,Diesel,East,Bhubaneswar,Priya Singh,2,1104000.0,0.1,1987200.0,171116.45
SL-6512,2023-08-29,Toyota,Corolla,Sedan,CNG,South,Bengaluru,Amit Patel,1,1099000.0,0.02,1077020.0,94633.08
SL-6446,2023-08-29,Honda,CR-V,SUV,Petrol,North,Delhi,Priya Singh,2,2276000.0,0.02,4460960.0,739922.91
SL-8271,2023-08-29,Hyundai,Creta,SUV,Electric,South,Chennai,Priya Singh,1,1962000.0,0.0,1962000.0,407538.9
SL-6625,2023-08-29,Mahindra,Thar,SUV,CNG,South,Hyderabad,Sneha Reddy,2,1821000.0,0.02,3569160.0,297738.69
SL-5997,2023-08-29,Tata,Altroz,Hatchback,Petrol,Central,Indore,Kavita Joshi,3,616000.0,0.0,1848000.0,399154.72
SL-8809,2023-08-29,Ford,Figo,Hatchback,Diesel,East,Patna,Vikram Iyer,1,621000.0,0.02,608580.0,67084.04
SL-7289,2023-08-29,Ford,Endeavour,SUV,Petrol,North,Lucknow,Sneha Reddy,2,1152000.0,0.05,2188800.0,223756.69
SL-6946,2023-08-30,Kia,Carens,MPV,Diesel,Central,Nagpur,Priya Singh,1,1783000.0,0.08,1640360.0,233296.23
SL-8406,2023-08-30,Mahindra,Thar,SUV,Petrol,West,Ahmedabad,Kavita Joshi,1,1402000.0,0.1,1261800.0,41865.96
SL-9444,2023-08-30,Mahindra,Scorpio,SUV,Diesel,West,Ahmedabad,Anjali Desai,3,1067000.0,0.02,3136980.0,541736.21
SL-7878,2023-08-30,Honda,City,Sedan,CNG,Central,Indore,Priya Singh,1,1697000.0,0.08,1561240.0,45397.09
SL-5720,2023-08-30,Tata,Harrier,SUV,Diesel,South,Hyderabad,Kavita Joshi,1,1307000.0,0.0,1307000.0,210450.91
SL-7572,2023-08-31,Mahindra,XUV700,SUV,Diesel,Central,Indore,Amit Patel,1,1394000.0,0.0,1394000.0,293729.63
SL-9455,2023-08-31,Ford,Figo,Hatchback,Diesel,North,Delhi,Vikram Iyer,1,684000.0,0.0,684000.0,99224.11
SL-8487,2023-08-31,Honda,Amaze,Sedan,Petrol,West,Pune,Anjali Desai,2,1749000.0,0.0,3498000.0,701095.72
SL-9170,2023-08-31,Maruti Suzuki,Brezza,SUV,Diesel,West,Mumbai,Kavita Joshi,1,1765000.0,0.0,1765000.0,341232.41
SL-5745,2023-08-31,Kia,Sonet,SUV,Petrol,South,Hyderabad,Neha Gupta,3,1114000.0,0.02,3275160.0,582506.76
SL-8739,2023-09-01,Hyundai,Creta,SUV,Electric,South,Hyderabad,Kavita Joshi,2,2047000.0,0.02,4012120.0,405029.62
SL-6801,2023-09-01,Honda,City,Sedan,CNG,Central,Indore,Amit Patel,1,939000.0,0.05,892050.0,151524.57
SL-7445,2023-09-02,Maruti Suzuki,Ertiga,MPV,Diesel,Central,Nagpur,Neha Gupta,2,1457000.0,0.0,2914000.0,545252.68
SL-7260,2023-09-02,Toyota,Camry,Sedan,CNG,North,Delhi,Sneha Reddy,2,1289000.0,0.0,2578000.0,529909.68
SL-5355,2023-09-02,Mahindra,Thar,SUV,Petrol,North,Lucknow,Neha Gupta,1,2482000.0,0.0,2482000.0,382563.72
SL-6098,2023-09-03,Mahindra,XUV700,SUV,Petrol,West,Ahmedabad,Sneha Reddy,2,2251000.0,0.0,4502000.0,832298.55
SL-5370,2023-09-03,Ford,Figo,Hatchback,Petrol,Central,Bhopal,Vikram Iyer,3,793000.0,0.02,2331420.0,261082.3
SL-8445,2023-09-03,Kia,Sonet,SUV,Petrol,East,Kolkata,Neha Gupta,1,1924000.0,0.02,1885520.0,343773.85
SL-9265,2023-09-03,Kia,Sonet,SUV,Electric,West,Mumbai,Amit Patel,3,2202000.0,0.1,5945400.0,729365.34
SL-6980,2023-09-03,Maruti Suzuki,Brezza,SUV,CNG,South,Bengaluru,Rohit Verma,1,1780000.0,0.0,1780000.0,355554.19
SL-8256,2023-09-03,Mahindra,Thar,SUV,Petrol,East,Kolkata,Rahul Sharma,1,2022000.0,0.05,1920900.0,189400.3
SL-9252,2023-09-03,Mahindra,XUV700,SUV,Petrol,West,Pune,Rohit Verma,1,1183000.0,0.0,1183000.0,123607.74
SL-5731,2023-09-03,Ford,Figo,Hatchback,Diesel,East,Bhubaneswar,Rahul Sharma,3,875000.0,0.05,2493750.0,345665.18
SL-5451,2023-09-03,Ford,Figo,Hatchback,Petrol,West,Mumbai,Vikram Iyer,2,741000.0,0.02,1452360.0,169176.64
SL-9346,2023-09-04,Honda,City,Sedan,Petrol,Central,Indore,Anjali Desai,1,945000.0,0.0,945000.0,160195.62
SL-7158,2023-09-04,Toyota,Camry,Sedan,Petrol,North,Delhi,Rahul Sharma,3,1642000.0,0.0,4926000.0,556545.71
SL-9187,2023-09-04,Maruti Suzuki,Swift,Hatchback,Petrol,South,Bengaluru,Priya Singh,1,722000.0,0.0,722000.0,158437.6
SL-8377,2023-09-04,Tata,Punch,SUV,Diesel,North,Delhi,Anjali Desai,1,1874000.0,0.05,1780300.0,128323.88
SL-8509,2023-09-05,Hyundai,Creta,SUV,Petrol,North,Delhi,Rohit Verma,3,2400000.0,0.0,7200000.0,1302897.75
SL-7150,2023-09-05,Toyota,Corolla,Sedan,CNG,South,Hyderabad,Neha Gupta,2,1114000.0,0.0,2228000.0,347849.99
SL-6000,2023-09-05,Hyundai,Creta,SUV,Diesel,North,Chandigarh,Rohit Verma,3,2775000.0,0.05,7908750.0,1145957.87
SL-8878,2023-09-05,Toyota,Fortuner,SUV,Diesel,Central,Indore,Arjun Nair,2,1951000.0,0.02,3823960.0,710358.55
SL-7507,2023-09-06,Tata,Harrier,SUV,Petrol,Central,Nagpur,Rohit Verma,3,1337000.0,0.0,4011000.0,524297.18
SL-9249,2023-09-06,Toyota,Corolla,Sedan,Diesel,Central,Bhopal,Sneha Reddy,2,1319000.0,0.0,2638000.0,455759.55
SL-5568,2023-09-06,Ford,EcoSport,SUV,Diesel,North,Chandigarh,Priya Singh,2,1903000.0,0.02,3729880.0,539657.5
SL-5053,2023-09-06,Mahindra,XUV700,SUV,Petrol,East,Patna,Rahul Sharma,3,1332000.0,0.08,3676320.0,446217.4
SL-9457,2023-09-06,Maruti Suzuki,Brezza,SUV,Petrol,North,Delhi,Anjali Desai,2,2584000.0,0.05,4909600.0,773681.98
SL-6075,2023-09-06,Hyundai,i20,Hatchback,Diesel,East,Bhubaneswar,Arjun Nair,3,896000.0,0.02,2634240.0,248513.0
SL-7143,2023-09-06,Hyundai,Venue,SUV,Petrol,West,Mumbai,Vikram Iyer,1,1603000.0,0.0,1603000.0,196250.11
SL-8883,2023-09-06,Toyota,Fortuner,SUV,Petrol,South,Hyderabad,Rohit Verma,3,2768000.0,0.0,8304000.0,1364623.22
SL-6843,2023-09-07,Ford,EcoSport,SUV,Diesel,East,Bhubaneswar,Priya Singh,3,2329000.0,0.08,6428040.0,962273.83
SL-5674,2023-09-07,Ford,Figo,Hatchback,CNG,East,Bhubaneswar,Kavita Joshi,1,784000.0,0.0,784000.0,106813.06
SL-6623,2023-09-07,Tata,Harrier,SUV,Diesel,North,Chandigarh,Neha Gupta,3,2463000.0,0.0,7389000.0,827291.23
SL-6658,2023-09-07,Kia,Sonet,SUV,Petrol,South,Chennai,Sneha Reddy,1,1508000.0,0.0,1508000.0,279933.68
SL-8634,2023-09-07,Tata,Harrier,SUV,Petrol,East,Bhubaneswar,Amit Patel,3,1046000.0,0.05,2981100.0,370173.76
SL-5763,2023-09-07,Hyundai,Verna,Sedan,CNG,East,Patna,Anjali Desai,1,1636000.0,0.0,1636000.0,200815.81
SL-8364,2023-09-07,Maruti Suzuki,Swift,Hatchback,CNG,North,Delhi,Kavita Joshi,1,628000.0,0.0,628000.0,119624.99
SL-7482,2023-09-07,Toyota,Fortuner,SUV,Diesel,East,Kolkata,Kavita Joshi,2,2614000.0,0.0,5228000.0,991538.95
SL-7626,2023-09-07,Toyota,Corolla,Sedan,Diesel,South,Bengaluru,Rohit Verma,1,1180000.0,0.05,1121000.0,110555.02
SL-6676,2023-09-08,Toyota,Camry,Sedan,Petrol,East,Kolkata,Amit Patel,2,1405000.0,0.0,2810000.0,412347.66
SL-6893,2023-09-08,Kia,Sonet,SUV,CNG,East,Kolkata,Arjun Nair,3,1682000.0,0.05,4793700.0,653219.55
SL-5336,2023-09-08,Toyota,Corolla,Sedan,Petrol,South,Hyderabad,Vikram Iyer,3,1275000.0,0.05,3633750.0,238084.23
SL-7111,2023-09-08,Honda,Civic,Sedan,Petrol,North,Chandigarh,Sneha Reddy,2,1465000.0,0.08,2695600.0,229292.69
SL-5707,2023-09-08,Mahindra,Scorpio,SUV,Petrol,East,Bhubaneswar,Sneha Reddy,1,2063000.0,0.05,1959850.0,154468.34
SL-5507,2023-09-08,Toyota,Fortuner,SUV,CNG,West,Pune,Rohit Verma,3,1931000.0,0.05,5503350.0,786408.51
SL-5995,2023-09-09,Hyundai,Creta,SUV,CNG,East,Bhubaneswar,Rohit Verma,2,1892000.0,0.08,3481280.0,205044.84
SL-7594,2023-09-09,Mahindra,XUV700,SUV,Diesel,Central,Nagpur,Neha Gupta,2,2033000.0,0.0,4066000.0,440271.71
SL-7650,2023-09-09,Kia,Carens,MPV,Diesel,North,Chandigarh,Sneha Reddy,1,1579000.0,0.05,1500050.0,163917.09
SL-6172,2023-09-09,Tata,Harrier,SUV,Diesel,West,Ahmedabad,Priya Singh,1,2571000.0,0.02,2519580.0,342370.27
SL-7627,2023-09-09,Maruti Suzuki,Ertiga,MPV,CNG,Central,Indore,Kavita Joshi,2,1887000.0,0.05,3585300.0,365996.3
SL-9273,2023-09-09,Mahindra,Thar,SUV,Petrol,East,Bhubaneswar,Amit Patel,1,1859000.0,0.1,1673100.0,12800.14
SL-6729,2023-09-09,Hyundai,Creta,SUV,Diesel,Central,Indore,Priya Singh,1,1507000.0,0.0,1507000.0,282305.52
SL-8087,2023-09-09,Ford,Figo,Hatchback,Petrol,South,Bengaluru,Sneha Reddy,3,734000.0,0.05,2091900.0,132178.19
SL-6469,2023-09-09,Mahindra,Thar,SUV,Petrol,East,Patna,Vikram Iyer,2,2779000.0,0.0,5558000.0,1027348.37
SL-8228,2023-09-10,Tata,Altroz,Hatchback,Petrol,North,Chandigarh,Rohit Verma,2,688000.0,0.02,1348480.0,232347.51
SL-9498,2023-09-10,Tata,Altroz,Hatchback,Electric,South,Hyderabad,Anjali Desai,3,724000.0,0.0,2172000.0,440021.21
SL-5616,2023-09-10,Ford,Figo,Hatchback,CNG,West,Ahmedabad,Amit Patel,2,707000.0,0.0,1414000.0,225995.41
SL-5593,2023-09-10,Hyundai,Venue,SUV,Petrol,West,Ahmedabad,Amit Patel,2,2443000.0,0.08,4495120.0,643178.95
SL-8555,2023-09-10,Ford,EcoSport,SUV,CNG,North,Lucknow,Vikram Iyer,2,2684000.0,0.0,5368000.0,690647.3
SL-5986,2023-09-10,Toyota,Fortuner,SUV,Petrol,West,Mumbai,Anjali Desai,3,1566000.0,0.02,4604040.0,791302.08
SL-8244,2023-09-10,Hyundai,Venue,SUV,Diesel,West,Mumbai,Sneha Reddy,1,1440000.0,0.0,1440000.0,161548.75
SL-7374,2023-09-11,Honda,City,Sedan,CNG,Central,Bhopal,Priya Singh,1,927000.0,0.05,880650.0,124790.81
SL-9174,2023-09-11,Mahindra,Thar,SUV,Petrol,North,Lucknow,Kavita Joshi,1,1245000.0,0.0,1245000.0,191303.48
SL-7423,2023-09-11,Hyundai,Venue,SUV,Petrol,North,Lucknow,Anjali Desai,2,2794000.0,0.0,5588000.0,924247.3
SL-5068,2023-09-11,Honda,CR-V,SUV,Diesel,South,Chennai,Anjali Desai,1,1033000.0,0.08,950360.0,56950.7
SL-8081,2023-09-11,Toyota,Corolla,Sedan,Electric,West,Mumbai,Sneha Reddy,3,1127000.0,0.0,3381000.0,514400.87
SL-8960,2023-09-11,Maruti Suzuki,Baleno,Hatchback,Electric,West,Mumbai,Kavita Joshi,2,848000.0,0.0,1696000.0,315614.4
SL-6318,2023-09-11,Toyota,Innova,MPV,CNG,East,Bhubaneswar,Rahul Sharma,2,1127000.0,0.05,2141300.0,307415.12
SL-7538,2023-09-11,Toyota,Innova,MPV,Petrol,South,Hyderabad,Amit Patel,3,1531000.0,0.0,4593000.0,499373.47
SL-9130,2023-09-12,Toyota,Innova,MPV,Diesel,Central,Indore,Rohit Verma,2,1356000.0,0.08,2495040.0,263240.27
SL-5799,2023-09-12,Maruti Suzuki,Baleno,Hatchback,Diesel,Central,Bhopal,Priya Singh,3,733000.0,0.08,2023080.0,281869.23
SL-8782,2023-09-12,Toyota,Corolla,Sedan,Petrol,Central,Nagpur,Priya Singh,2,1715000.0,0.1,3087000.0,24791.6
SL-9048,2023-09-12,Hyundai,Verna,Sedan,CNG,West,Ahmedabad,Arjun Nair,3,1377000.0,0.02,4048380.0,447053.4
SL-8859,2023-09-12,Ford,Endeavour,SUV,Petrol,West,Ahmedabad,Anjali Desai,1,1766000.0,0.0,1766000.0,355693.82
SL-9002,2023-09-12,Ford,Figo,Hatchback,CNG,North,Lucknow,Anjali Desai,3,665000.0,0.0,1995000.0,346851.9
SL-5442,2023-09-12,Mahindra,Bolero,SUV,Diesel,West,Mumbai,Neha Gupta,1,1073000.0,0.0,1073000.0,109275.89
SL-6250,2023-09-12,Tata,Harrier,SUV,Diesel,East,Kolkata,Sneha Reddy,1,1554000.0,0.05,1476300.0,80746.93
SL-8273,2023-09-13,Ford,EcoSport,SUV,Diesel,East,Patna,Arjun Nair,3,1379000.0,0.02,4054260.0,774861.66
SL-8690,2023-09-13,Tata,Altroz,Hatchback,Petrol,Central,Bhopal,Rohit Verma,2,724000.0,0.0,1448000.0,158794.31
SL-7452,2023-09-13,Tata,Nexon,SUV,CNG,Central,Bhopal,Kavita Joshi,2,1140000.0,0.05,2166000.0,332616.92
SL-8995,2023-09-13,Hyundai,Verna,Sedan,Petrol,North,Lucknow,Neha Gupta,3,1484000.0,0.0,4452000.0,802286.0
SL-6120,2023-09-13,Tata,Altroz,Hatchback,Diesel,North,Delhi,Arjun Nair,3,761000.0,0.02,2237340.0,189255.56
SL-9032,2023-09-13,Tata,Altroz,Hatchback,Petrol,North,Lucknow,Sneha Reddy,1,747000.0,0.0,747000.0,81917.43
SL-7163,2023-09-13,Toyota,Fortuner,SUV,CNG,South,Chennai,Priya Singh,3,2458000.0,0.02,7226520.0,789277.39
SL-7273,2023-09-13,Tata,Harrier,SUV,Diesel,South,Hyderabad,Priya Singh,2,1688000.0,0.02,3308480.0,588253.03
SL-6749,2023-09-13,Hyundai,Creta,SUV,Petrol,West,Pune,Sneha Reddy,3,1156000.0,0.02,3398640.0,386991.48
SL-7214,2023-09-13,Mahindra,Scorpio,SUV,Petrol,South,Bengaluru,Amit Patel,3,2554000.0,0.05,7278900.0,1291611.16
SL-9195,2023-09-14,Honda,Civic,Sedan,Diesel,South,Hyderabad,Rahul Sharma,2,1475000.0,0.0,2950000.0,322582.98
SL-6541,2023-09-14,Honda,Civic,Sedan,CNG,West,Mumbai,Rahul Sharma,1,1413000.0,0.0,1413000.0,147873.04
SL-8982,2023-09-14,Toyota,Camry,Sedan,Diesel,South,Hyderabad,Arjun Nair,2,1063000.0,0.05,2019700.0,186172.29
SL-8384,2023-09-14,Hyundai,Venue,SUV,CNG,Central,Nagpur,Amit Patel,3,1350000.0,0.08,3726000.0,498674.38
SL-9299,2023-09-14,Honda,CR-V,SUV,Diesel,South,Hyderabad,Arjun Nair,2,2746000.0,0.0,5492000.0,1081490.5
SL-7869,2023-09-15,Ford,Figo,Hatchback,Diesel,West,Ahmedabad,Amit Patel,2,768000.0,0.1,1382400.0,162173.06
SL-6897,2023-09-15,Honda,Civic,Sedan,Diesel,West,Mumbai,Neha Gupta,2,1316000.0,0.0,2632000.0,505585.55
SL-7824,2023-09-15,Honda,Amaze,Sedan,Petrol,East,Kolkata,Arjun Nair,1,1642000.0,0.05,1559900.0,111610.53
SL-8725,2023-09-15,Tata,Altroz,Hatchback,CNG,South,Bengaluru,Amit Patel,1,772000.0,0.08,710240.0,103535.32
SL-9342,2023-09-15,Ford,Endeavour,SUV,CNG,West,Ahmedabad,Arjun Nair,2,1586000.0,0.05,3013400.0,297592.06
SL-5940,2023-09-15,Ford,Endeavour,SUV,Petrol,West,Pune,Sneha Reddy,1,1560000.0,0.08,1435200.0,63818.02
SL-7418,2023-09-15,Kia,Seltos,SUV,Electric,North,Lucknow,Neha Gupta,2,1532000.0,0.0,3064000.0,539078.37
SL-5648,2023-09-15,Hyundai,Creta,SUV,Petrol,West,Pune,Rohit Verma,3,1455000.0,0.0,4365000.0,660328.74
SL-8062,2023-09-15,Kia,Seltos,SUV,Diesel,Central,Indore,Neha Gupta,3,2622000.0,0.0,7866000.0,1144380.97
SL-9157,2023-09-16,Honda,CR-V,SUV,CNG,North,Delhi,Vikram Iyer,3,2479000.0,0.02,7288260.0,893884.44
SL-8090,2023-09-16,Maruti Suzuki,Brezza,SUV,Diesel,Central,Nagpur,Anjali Desai,1,2702000.0,0.08,2485840.0,286743.42
SL-6532,2023-09-16,Ford,Figo,Hatchback,CNG,West,Mumbai,Kavita Joshi,1,789000.0,0.0,789000.0,79225.56
SL-9448,2023-09-17,Toyota,Fortuner,SUV,Petrol,West,Ahmedabad,Arjun Nair,1,2290000.0,0.02,2244200.0,241527.65
SL-7529,2023-09-17,Tata,Punch,SUV,CNG,East,Bhubaneswar,Neha Gupta,3,1659000.0,0.02,4877460.0,916123.18
SL-6157,2023-09-17,Toyota,Camry,Sedan,Petrol,West,Pune,Rohit Verma,2,924000.0,0.0,1848000.0,230606.39
SL-7644,2023-09-17,Mahindra,XUV700,SUV,Petrol,West,Ahmedabad,Sneha Reddy,1,1489000.0,0.0,1489000.0,198108.83
SL-6117,2023-09-17,Maruti Suzuki,Swift,Hatchback,Diesel,South,Bengaluru,Arjun Nair,2,837000.0,0.1,1506600.0,6905.1
SL-6586,2023-09-17,Honda,Amaze,Sedan,Diesel,North,Chandigarh,Sneha Reddy,3,1792000.0,0.0,5376000.0,659897.1
SL-5390,2023-09-18,Maruti Suzuki,Ertiga,MPV,CNG,South,Hyderabad,Priya Singh,3,1076000.0,0.0,3228000.0,620648.52
SL-6621,2023-09-18,Tata,Harrier,SUV,Petrol,North,Chandigarh,Anjali Desai,2,1925000.0,0.05,3657500.0,356470.96
SL-8143,2023-09-19,Tata,Punch,SUV,Petrol,Central,Nagpur,Arjun Nair,1,2469000.0,0.05,2345550.0,404574.97
SL-9117,2023-09-19,Kia,Carens,MPV,Diesel,North,Chandigarh,Kavita Joshi,1,1401000.0,0.02,1372980.0,257870.09
SL-8704,2023-09-19,Honda,Amaze,Sedan,Electric,West,Mumbai,Neha Gupta,3,1007000.0,0.0,3021000.0,304152.47
SL-6022,2023-09-20,Honda,Amaze,Sedan,Diesel,East,Bhubaneswar,Vikram Iyer,2,1532000.0,0.0,3064000.0,636616.85
SL-9316,2023-09-20,Hyundai,Venue,SUV,Electric,North,Chandigarh,Kavita Joshi,3,2351000.0,0.05,6700350.0,1111933.48
SL-7743,2023-09-20,Ford,Figo,Hatchback,Diesel,East,Patna,Arjun Nair,1,710000.0,0.08,653200.0,53561.69
SL-8706,2023-09-20,Ford,Figo,Hatchback,CNG,Central,Bhopal,Vikram Iyer,1,876000.0,0.08,805920.0,40933.17
SL-9190,2023-09-20,Maruti Suzuki,Brezza,SUV,Petrol,South,Bengaluru,Vikram Iyer,2,1809000.0,0.02,3545640.0,409341.36
SL-8575,2023-09-20,Honda,Civic,Sedan,CNG,West,Mumbai,Kavita Joshi,2,922000.0,0.0,1844000.0,291621.93
SL-8322,2023-09-20,Maruti Suzuki,Baleno,Hatchback,Petrol,West,Mumbai,Amit Patel,1,617000.0,0.05,586150.0,63682.88
SL-7845,2023-09-21,Ford,Endeavour,SUV,Petrol,South,Hyderabad,Amit Patel,3,1866000.0,0.05,5318100.0,520953.25
SL-6015,2023-09-21,Mahindra,Scorpio,SUV,Diesel,Central,Bhopal,Vikram Iyer,3,1774000.0,0.0,5322000.0,656126.2
SL-6671,2023-09-21,Honda,Amaze,Sedan,Petrol,North,Chandigarh,Rohit Verma,1,1797000.0,0.0,1797000.0,285101.8
SL-6846,2023-09-21,Honda,Amaze,Sedan,Petrol,West,Ahmedabad,Anjali Desai,2,1455000.0,0.02,2851800.0,364938.76
SL-5502,2023-09-21,Honda,City,Sedan,Diesel,North,Lucknow,Sneha Reddy,3,1209000.0,0.0,3627000.0,542627.46
SL-8556,2023-09-22,Honda,Civic,Sedan,Petrol,West,Ahmedabad,Rohit Verma,1,927000.0,0.02,908460.0,124136.56
SL-8900,2023-09-22,Kia,Seltos,SUV,Petrol,Central,Bhopal,Rohit Verma,3,2478000.0,0.05,7062300.0,1055239.92
SL-8348,2023-09-22,Kia,Seltos,SUV,Diesel,Central,Nagpur,Arjun Nair,2,1777000.0,0.02,3482920.0,326322.34
SL-5699,2023-09-22,Ford,Endeavour,SUV,Petrol,East,Bhubaneswar,Anjali Desai,2,1992000.0,0.0,3984000.0,436135.1
SL-8501,2023-09-22,Ford,Figo,Hatchback,CNG,North,Delhi,Arjun Nair,2,708000.0,0.05,1345200.0,141544.83
SL-6002,2023-09-23,Hyundai,i20,Hatchback,CNG,North,Lucknow,Vikram Iyer,1,874000.0,0.05,830300.0,146360.34
SL-8346,2023-09-23,Ford,Endeavour,SUV,Diesel,South,Bengaluru,Vikram Iyer,1,1225000.0,0.02,1200500.0,150445.91
SL-7805,2023-09-23,Mahindra,Thar,SUV,Petrol,Central,Bhopal,Anjali Desai,3,1144000.0,0.08,3157440.0,317594.63
SL-6444,2023-09-23,Maruti Suzuki,Ertiga,MPV,CNG,West,Pune,Sneha Reddy,1,1516000.0,0.0,1516000.0,277142.59
SL-6645,2023-09-23,Mahindra,Scorpio,SUV,Diesel,West,Pune,Vikram Iyer,2,1978000.0,0.0,3956000.0,678681.15
SL-7851,2023-09-23,Toyota,Fortuner,SUV,Petrol,South,Bengaluru,Vikram Iyer,1,2036000.0,0.05,1934200.0,185482.88
SL-9253,2023-09-23,Hyundai,i20,Hatchback,CNG,Central,Nagpur,Arjun Nair,2,852000.0,0.0,1704000.0,315576.99
SL-9443,2023-09-23,Honda,Civic,Sedan,Diesel,West,Mumbai,Rahul Sharma,3,1021000.0,0.0,3063000.0,474701.33
SL-9145,2023-09-23,Tata,Altroz,Hatchback,Diesel,South,Bengaluru,Amit Patel,2,659000.0,0.05,1252100.0,198315.19
SL-6459,2023-09-23,Maruti Suzuki,Ertiga,MPV,Petrol,North,Chandigarh,Amit Patel,2,1587000.0,0.0,3174000.0,428787.08
SL-6857,2023-09-24,Hyundai,Creta,SUV,Diesel,South,Bengaluru,Sneha Reddy,3,1018000.0,0.0,3054000.0,546663.3
SL-8905,2023-09-24,Honda,Civic,Sedan,Diesel,Central,Indore,Neha Gupta,2,1363000.0,0.08,2507920.0,144920.91
SL-5430,2023-09-24,Tata,Punch,SUV,Petrol,South,Bengaluru,Amit Patel,2,1347000.0,0.0,2694000.0,357951.29
SL-9466,2023-09-24,Hyundai,Creta,SUV,Diesel,South,Bengaluru,Vikram Iyer,1,1234000.0,0.05,1172300.0,208459.51
SL-5213,2023-09-24,Tata,Nexon,SUV,Diesel,West,Pune,Vikram Iyer,2,2225000.0,0.08,4094000.0,543542.95
SL-9357,2023-09-25,Ford,EcoSport,SUV,Diesel,West,Pune,Vikram Iyer,2,1129000.0,0.02,2212840.0,447668.47
SL-8825,2023-09-25,Honda,Civic,Sedan,CNG,Central,Bhopal,Priya Singh,3,969000.0,0.1,2616300.0,78442.01
SL-7856,2023-09-25,Maruti Suzuki,Swift,Hatchback,Petrol,East,Kolkata,Vikram Iyer,3,621000.0,0.08,1713960.0,66135.11
SL-6876,2023-09-25,Hyundai,Creta,SUV,Petrol,Central,Nagpur,Vikram Iyer,3,2724000.0,0.0,8172000.0,1275727.32
SL-5655,2023-09-25,Toyota,Fortuner,SUV,Diesel,East,Kolkata,Rohit Verma,3,1731000.0,0.02,5089140.0,662696.09
SL-8540,2023-09-25,Maruti Suzuki,Swift,Hatchback,Petrol,Central,Nagpur,Anjali Desai,1,774000.0,0.05,735300.0,72474.57
SL-6877,2023-09-25,Mahindra,Bolero,SUV,Petrol,East,Patna,Rahul Sharma,3,2554000.0,0.0,7662000.0,1211219.35
SL-7748,2023-09-26,Maruti Suzuki,Baleno,Hatchback,Electric,North,Chandigarh,Amit Patel,2,854000.0,0.05,1622600.0,205575.06
SL-5362,2023-09-26,Toyota,Corolla,Sedan,Petrol,North,Chandigarh,Sneha Reddy,3,1309000.0,0.05,3730650.0,517743.9
SL-6908,2023-09-26,Kia,Seltos,SUV,Petrol,East,Kolkata,Rahul Sharma,2,1166000.0,0.0,2332000.0,483065.63
SL-6530,2023-09-26,Maruti Suzuki,Brezza,SUV,Petrol,West,Pune,Arjun Nair,1,1318000.0,0.0,1318000.0,172403.11
SL-6363,2023-09-26,Ford,Endeavour,SUV,CNG,East,Patna,Rahul Sharma,1,2538000.0,0.05,2411100.0,301221.78
SL-9230,2023-09-26,Honda,City,Sedan,Diesel,North,Delhi,Rohit Verma,1,1198000.0,0.0,1198000.0,248927.09
SL-5755,2023-09-27,Maruti Suzuki,Ertiga,MPV,Petrol,South,Chennai,Sneha Reddy,2,965000.0,0.05,1833500.0,307771.79
SL-5256,2023-09-27,Honda,City,Sedan,Diesel,West,Ahmedabad,Amit Patel,2,1387000.0,0.0,2774000.0,290211.44
SL-5547,2023-09-27,Hyundai,i20,Hatchback,Diesel,Central,Indore,Vikram Iyer,3,884000.0,0.0,2652000.0,504944.05
SL-8522,2023-09-28,Toyota,Camry,Sedan,Diesel,Central,Indore,Sneha Reddy,2,1392000.0,0.0,2784000.0,283895.66
SL-7432,2023-09-28,Toyota,Innova,MPV,CNG,West,Ahmedabad,Sneha Reddy,3,1100000.0,0.0,3300000.0,718753.21
SL-8914,2023-09-28,Ford,Endeavour,SUV,Diesel,North,Delhi,Anjali Desai,1,1626000.0,0.0,1626000.0,212459.17
SL-6413,2023-09-28,Hyundai,Venue,SUV,Petrol,West,Ahmedabad,Kavita Joshi,1,1029000.0,0.0,1029000.0,173977.96
SL-5675,2023-09-28,Maruti Suzuki,Brezza,SUV,Petrol,East,Patna,Vikram Iyer,2,1245000.0,0.0,2490000.0,543462.89
SL-5886,2023-09-28,Kia,Carens,MPV,Petrol,East,Bhubaneswar,Neha Gupta,1,954000.0,0.0,954000.0,98100.21
SL-5802,2023-09-29,Honda,City,Sedan,CNG,South,Hyderabad,Neha Gupta,3,1087000.0,0.0,3261000.0,362730.89
SL-5845,2023-09-29,Mahindra,Thar,SUV,Diesel,Central,Indore,Priya Singh,1,1022000.0,0.02,1001560.0,92009.98
SL-9089,2023-09-29,Tata,Nexon,SUV,Diesel,Central,Nagpur,Rohit Verma,2,1164000.0,0.0,2328000.0,432833.31
SL-9188,2023-09-29,Kia,Sonet,SUV,Petrol,West,Ahmedabad,Rohit Verma,3,2089000.0,0.0,6267000.0,1167689.91
SL-8618,2023-09-29,Tata,Harrier,SUV,CNG,West,Mumbai,Arjun Nair,1,1753000.0,0.0,1753000.0,339229.74
SL-7282,2023-09-29,Kia,Carens,MPV,Petrol,East,Kolkata,Neha Gupta,2,1559000.0,0.02,3055640.0,570207.23
SL-9438,2023-09-29,Hyundai,i20,Hatchback,Diesel,North,Delhi,Kavita Joshi,2,810000.0,0.02,1587600.0,286964.13
SL-8976,2023-09-29,Tata,Altroz,Hatchback,CNG,West,Mumbai,Vikram Iyer,3,663000.0,0.02,1949220.0,369913.47
SL-8150,2023-09-29,Maruti Suzuki,Brezza,SUV,Diesel,West,Pune,Rohit Verma,1,2647000.0,0.0,2647000.0,558445.34
SL-7029,2023-09-29,Tata,Altroz,Hatchback,Petrol,East,Patna,Amit Patel,3,603000.0,0.02,1772820.0,355408.62
SL-5252,2023-09-29,Hyundai,Verna,Sedan,Diesel,South,Chennai,Priya Singh,3,1757000.0,0.05,5007450.0,415983.98
SL-5423,2023-09-30,Maruti Suzuki,Swift,Hatchback,Petrol,West,Mumbai,Kavita Joshi,1,730000.0,0.02,715400.0,116284.3
SL-8844,2023-09-30,Toyota,Camry,Sedan,Petrol,South,Bengaluru,Anjali Desai,1,1791000.0,0.0,1791000.0,352289.14
SL-5108,2023-09-30,Tata,Punch,SUV,Petrol,West,Mumbai,Neha Gupta,3,1587000.0,0.1,4284900.0,485861.59
SL-7114,2023-09-30,Ford,EcoSport,SUV,Diesel,South,Chennai,Rahul Sharma,1,1203000.0,0.0,1203000.0,174439.33
SL-6394,2023-09-30,Hyundai,i20,Hatchback,Petrol,Central,Indore,Anjali Desai,2,724000.0,0.0,1448000.0,262149.27
SL-8458,2023-09-30,Kia,Seltos,SUV,Electric,North,Delhi,Amit Patel,3,2304000.0,0.08,6359040.0,515636.9
SL-5524,2023-09-30,Tata,Punch,SUV,CNG,West,Pune,Kavita Joshi,2,2662000.0,0.08,4898080.0,430044.83
SL-5035,2023-09-30,Toyota,Camry,Sedan,Petrol,West,Mumbai,Neha Gupta,1,948000.0,0.0,948000.0,100480.95
SL-7034,2023-09-30,Mahindra,XUV700,SUV,Petrol,East,Bhubaneswar,Arjun Nair,1,1573000.0,0.0,1573000.0,297472.25
SL-7592,2023-09-30,Honda,Amaze,Sedan,Diesel,East,Kolkata,Anjali Desai,1,1356000.0,0.0,1356000.0,295115.4
SL-5842,2023-09-30,Toyota,Corolla,Sedan,Petrol,West,Mumbai,Priya Singh,1,1541000.0,0.02,1510180.0,136159.46
SL-7286,2023-09-30,Honda,CR-V,SUV,Petrol,South,Hyderabad,Anjali Desai,3,1765000.0,0.0,5295000.0,536645.64
SL-5789,2023-09-30,Ford,Figo,Hatchback,CNG,Central,Nagpur,Amit Patel,2,603000.0,0.05,1145700.0,103412.49
SL-5617,2023-09-30,Maruti Suzuki,Brezza,SUV,Petrol,Central,Bhopal,Sneha Reddy,2,1684000.0,0.08,3098560.0,425828.51
SL-9332,2023-10-01,Tata,Punch,SUV,Diesel,North,Delhi,Amit Patel,2,2101000.0,0.1,3781800.0,76088.41
SL-5902,2023-10-01,Honda,Amaze,Sedan,Diesel,West,Mumbai,Sneha Reddy,2,1173000.0,0.0,2346000.0,506248.52
SL-6011,2023-10-01,Maruti Suzuki,Ertiga,MPV,Diesel,West,Mumbai,Vikram Iyer,2,1776000.0,0.0,3552000.0,548899.42
SL-9409,2023-10-01,Toyota,Innova,MPV,Petrol,West,Pune,Vikram Iyer,2,1292000.0,0.08,2377280.0,244410.26
SL-5109,2023-10-01,Tata,Punch,SUV,Petrol,South,Chennai,Neha Gupta,2,2404000.0,0.05,4567600.0,733168.8
SL-8657,2023-10-02,Toyota,Corolla,Sedan,Petrol,South,Hyderabad,Rahul Sharma,3,1130000.0,0.0,3390000.0,504193.1
SL-6135,2023-10-02,Maruti Suzuki,Baleno,Hatchback,Diesel,East,Patna,Sneha Reddy,2,651000.0,0.0,1302000.0,255333.18
SL-8316,2023-10-02,Maruti Suzuki,Ertiga,MPV,Petrol,North,Lucknow,Kavita Joshi,2,1881000.0,0.0,3762000.0,480930.41
SL-7441,2023-10-02,Tata,Punch,SUV,Petrol,North,Delhi,Kavita Joshi,3,2617000.0,0.0,7851000.0,1525811.57
SL-8266,2023-10-02,Maruti Suzuki,Ertiga,MPV,Diesel,North,Lucknow,Anjali Desai,3,1465000.0,0.0,4395000.0,683586.61
SL-5458,2023-10-02,Hyundai,Venue,SUV,Diesel,South,Chennai,Sneha Reddy,1,2239000.0,0.1,2015100.0,191431.49
SL-5358,2023-10-03,Toyota,Fortuner,SUV,Electric,West,Ahmedabad,Neha Gupta,3,2213000.0,0.02,6506220.0,650654.4
SL-5880,2023-10-03,Maruti Suzuki,Swift,Hatchback,Diesel,Central,Indore,Amit Patel,3,774000.0,0.0,2322000.0,434573.47
SL-9476,2023-10-03,Ford,EcoSport,SUV,Diesel,West,Pune,Vikram Iyer,1,1739000.0,0.05,1652050.0,179228.35
SL-7361,2023-10-03,Hyundai,Venue,SUV,Diesel,Central,Bhopal,Neha Gupta,3,2471000.0,0.0,7413000.0,1360169.83
SL-8983,2023-10-03,Toyota,Camry,Sedan,Petrol,East,Patna,Rohit Verma,3,1439000.0,0.02,4230660.0,606917.22
SL-8242,2023-10-04,Kia,Carens,MPV,Petrol,South,Chennai,Kavita Joshi,3,1640000.0,0.02,4821600.0,895948.8
SL-6169,2023-10-04,Hyundai,Creta,SUV,CNG,South,Hyderabad,Rohit Verma,1,2782000.0,0.05,2642900.0,436264.42
SL-9150,2023-10-04,Mahindra,Thar,SUV,Diesel,East,Kolkata,Arjun Nair,1,2258000.0,0.08,2077360.0,91672.54
SL-7595,2023-10-04,Maruti Suzuki,Baleno,Hatchback,Petrol,North,Chandigarh,Kavita Joshi,3,899000.0,0.02,2643060.0,461649.14
SL-5640,2023-10-04,Ford,Figo,Hatchback,Diesel,Central,Nagpur,Rohit Verma,3,803000.0,0.02,2360820.0,416697.13
SL-5274,2023-10-04,Ford,Figo,Hatchback,Petrol,South,Bengaluru,Arjun Nair,2,843000.0,0.08,1551120.0,58743.05
SL-8543,2023-10-04,Honda,Amaze,Sedan,Diesel,North,Delhi,Sneha Reddy,2,1792000.0,0.0,3584000.0,590906.49
SL-9207,2023-10-05,Tata,Punch,SUV,Diesel,East,Bhubaneswar,Rahul Sharma,1,1358000.0,0.0,1358000.0,156513.42
SL-7713,2023-10-05,Toyota,Innova,MPV,Petrol,East,Bhubaneswar,Sneha Reddy,2,1134000.0,0.02,2222640.0,271412.86
SL-9175,2023-10-05,Kia,Carens,MPV,Petrol,West,Pune,Priya Singh,1,1860000.0,0.0,1860000.0,364644.31
SL-8936,2023-10-05,Honda,Civic,Sedan,Petrol,Central,Nagpur,Sneha Reddy,2,1106000.0,0.0,2212000.0,419551.72
SL-5697,2023-10-05,Maruti Suzuki,Ertiga,MPV,Petrol,South,Hyderabad,Rohit Verma,3,1547000.0,0.1,4176900.0,540860.47
SL-6686,2023-10-06,Kia,Carens,MPV,Diesel,East,Bhubaneswar,Kavita Joshi,2,1312000.0,0.02,2571520.0,374776.77
SL-5464,2023-10-06,Kia,Seltos,SUV,Petrol,West,Ahmedabad,Kavita Joshi,2,2707000.0,0.0,5414000.0,557704.19
SL-7941,2023-10-06,Kia,Seltos,SUV,Petrol,North,Lucknow,Amit Patel,3,1495000.0,0.02,4395300.0,440618.39
SL-5312,2023-10-06,Tata,Punch,SUV,Petrol,East,Bhubaneswar,Arjun Nair,3,2107000.0,0.02,6194580.0,506015.49
SL-5606,2023-10-06,Toyota,Camry,Sedan,Petrol,South,Bengaluru,Priya Singh,2,1720000.0,0.02,3371200.0,502218.56
SL-8078,2023-10-06,Ford,Figo,Hatchback,Petrol,South,Chennai,Vikram Iyer,1,741000.0,0.08,681720.0,27292.24
SL-6149,2023-10-06,Honda,Civic,Sedan,Petrol,Central,Indore,Vikram Iyer,1,1492000.0,0.0,1492000.0,219498.91
SL-6127,2023-10-07,Toyota,Innova,MPV,Petrol,South,Bengaluru,Sneha Reddy,2,1572000.0,0.05,2986800.0,190616.74
SL-5743,2023-10-07,Ford,EcoSport,SUV,Diesel,West,Mumbai,Rohit Verma,1,1164000.0,0.0,1164000.0,198425.92
SL-5137,2023-10-07,Maruti Suzuki,Baleno,Hatchback,Diesel,East,Bhubaneswar,Neha Gupta,3,682000.0,0.02,2005080.0,319104.94
SL-5533,2023-10-07,Kia,Sonet,SUV,Petrol,Central,Bhopal,Kavita Joshi,3,1482000.0,0.0,4446000.0,897339.5
SL-8253,2023-10-08,Toyota,Innova,MPV,Diesel,East,Bhubaneswar,Rahul Sharma,3,951000.0,0.0,2853000.0,321636.22
SL-7382,2023-10-08,Ford,Endeavour,SUV,CNG,Central,Bhopal,Priya Singh,3,2258000.0,0.02,6638520.0,760086.57
SL-9449,2023-10-08,Mahindra,XUV700,SUV,Diesel,West,Mumbai,Priya Singh,1,2603000.0,0.0,2603000.0,463972.69
SL-5162,2023-10-08,Kia,Seltos,SUV,Petrol,South,Chennai,Kavita Joshi,2,1179000.0,0.05,2240100.0,312879.55
SL-7551,2023-10-08,Maruti Suzuki,Ertiga,MPV,CNG,Central,Bhopal,Vikram Iyer,1,1747000.0,0.08,1607240.0,105185.07
SL-5446,2023-10-08,Mahindra,Bolero,SUV,Diesel,South,Bengaluru,Amit Patel,2,1977000.0,0.05,3756300.0,485351.06
SL-5938,2023-10-08,Mahindra,Scorpio,SUV,Petrol,South,Hyderabad,Priya Singh,2,1837000.0,0.0,3674000.0,797094.22
SL-8243,2023-10-09,Ford,Endeavour,SUV,Petrol,Central,Bhopal,Sneha Reddy,1,1832000.0,0.0,1832000.0,247491.54
SL-7998,2023-10-09,Ford,Figo,Hatchback,Electric,West,Ahmedabad,Anjali Desai,2,900000.0,0.0,1800000.0,246579.07
SL-5264,2023-10-10,Honda,City,Sedan,Diesel,North,Chandigarh,Rohit Verma,1,902000.0,0.0,902000.0,96181.75
SL-7188,2023-10-10,Maruti Suzuki,Swift,Hatchback,Diesel,South,Chennai,Arjun Nair,2,876000.0,0.02,1716960.0,299592.81
SL-7647,2023-10-10,Toyota,Camry,Sedan,Petrol,Central,Nagpur,Arjun Nair,2,1096000.0,0.0,2192000.0,348455.8
SL-6044,2023-10-10,Kia,Seltos,SUV,Petrol,West,Ahmedabad,Priya Singh,3,1678000.0,0.0,5034000.0,622346.63
SL-7671,2023-10-11,Maruti Suzuki,Baleno,Hatchback,Diesel,West,Ahmedabad,Arjun Nair,2,682000.0,0.02,1336720.0,120558.79
SL-8606,2023-10-11,Ford,Figo,Hatchback,Petrol,North,Chandigarh,Neha Gupta,1,791000.0,0.0,791000.0,109478.46
SL-7866,2023-10-11,Honda,CR-V,SUV,Electric,Central,Bhopal,Rahul Sharma,2,2548000.0,0.05,4841200.0,444823.27
SL-7565,2023-10-11,Kia,Seltos,SUV,Petrol,North,Chandigarh,Arjun Nair,1,1431000.0,0.0,1431000.0,156947.83
SL-5537,2023-10-11,Ford,Figo,Hatchback,CNG,North,Chandigarh,Amit Patel,2,647000.0,0.08,1190480.0,128217.63
SL-6965,2023-10-11,Maruti Suzuki,Baleno,Hatchback,Petrol,East,Bhubaneswar,Vikram Iyer,2,682000.0,0.05,1295800.0,84750.38
SL-7912,2023-10-11,Mahindra,XUV700,SUV,Petrol,West,Ahmedabad,Arjun Nair,1,2724000.0,0.0,2724000.0,361351.75
SL-5803,2023-10-12,Kia,Seltos,SUV,Diesel,Central,Bhopal,Vikram Iyer,1,2249000.0,0.05,2136550.0,366596.75
SL-9104,2023-10-12,Mahindra,Thar,SUV,Diesel,South,Hyderabad,Rohit Verma,1,2422000.0,0.05,2300900.0,314656.23
SL-9102,2023-10-12,Mahindra,Bolero,SUV,Petrol,West,Ahmedabad,Rahul Sharma,2,2434000.0,0.0,4868000.0,1040983.55
SL-9068,2023-10-12,Tata,Altroz,Hatchback,CNG,East,Bhubaneswar,Kavita Joshi,3,614000.0,0.02,1805160.0,332371.74
SL-5104,2023-10-12,Maruti Suzuki,Swift,Hatchback,Petrol,East,Kolkata,Rohit Verma,2,838000.0,0.0,1676000.0,342305.88
SL-8715,2023-10-12,Toyota,Camry,Sedan,Petrol,West,Pune,Amit Patel,3,1381000.0,0.1,3728700.0,164909.26
SL-5639,2023-10-12,Toyota,Corolla,Sedan,Diesel,West,Mumbai,Anjali Desai,3,1578000.0,0.02,4639320.0,801359.49
SL-7876,2023-10-12,Hyundai,Creta,SUV,Diesel,South,Bengaluru,Rohit Verma,3,1246000.0,0.02,3663240.0,615764.89
SL-6265,2023-10-12,Toyota,Camry,Sedan,Petrol,North,Lucknow,Arjun Nair,1,1699000.0,0.0,1699000.0,240051.57
SL-7801,2023-10-13,Maruti Suzuki,Baleno,Hatchback,Diesel,West,Ahmedabad,Rahul Sharma,3,817000.0,0.02,2401980.0,460460.24
SL-9057,2023-10-13,Honda,CR-V,SUV,CNG,North,Delhi,Amit Patel,1,2491000.0,0.1,2241900.0,200304.19
SL-5750,2023-10-13,Maruti Suzuki,Brezza,SUV,Diesel,West,Ahmedabad,Rohit Verma,2,1764000.0,0.0,3528000.0,583883.66
SL-6599,2023-10-13,Mahindra,Scorpio,SUV,Diesel,East,Kolkata,Neha Gupta,2,1991000.0,0.02,3902360.0,482164.32
SL-8951,2023-10-13,Ford,EcoSport,SUV,CNG,Central,Indore,Vikram Iyer,3,2620000.0,0.0,7860000.0,1198489.39
SL-8671,2023-10-13,Mahindra,Bolero,SUV,CNG,South,Hyderabad,Kavita Joshi,2,1050000.0,0.0,2100000.0,261013.93
SL-5500,2023-10-13,Mahindra,Thar,SUV,Diesel,East,Kolkata,Amit Patel,2,2434000.0,0.05,4624600.0,409913.16
SL-9073,2023-10-13,Mahindra,Scorpio,SUV,Petrol,East,Bhubaneswar,Kavita Joshi,1,2090000.0,0.05,1985500.0,231125.91
SL-6982,2023-10-14,Ford,EcoSport,SUV,Diesel,West,Mumbai,Neha Gupta,2,1516000.0,0.0,3032000.0,662681.67
SL-9410,2023-10-14,Tata,Punch,SUV,CNG,West,Mumbai,Amit Patel,2,1398000.0,0.05,2656200.0,447278.74
SL-5140,2023-10-14,Mahindra,XUV700,SUV,CNG,South,Chennai,Rohit Verma,2,2766000.0,0.0,5532000.0,951958.12
SL-6223,2023-10-14,Hyundai,i20,Hatchback,Electric,South,Chennai,Rohit Verma,3,882000.0,0.0,2646000.0,281235.99
SL-8319,2023-10-15,Mahindra,XUV700,SUV,Diesel,West,Pune,Anjali Desai,2,2719000.0,0.08,5002960.0,501689.78
SL-7161,2023-10-15,Maruti Suzuki,Brezza,SUV,Diesel,West,Mumbai,Amit Patel,1,2302000.0,0.02,2255960.0,457348.55
SL-6368,2023-10-15,Honda,Civic,Sedan,CNG,South,Chennai,Neha Gupta,3,945000.0,0.0,2835000.0,572267.57
SL-7921,2023-10-15,Ford,EcoSport,SUV,Petrol,West,Mumbai,Anjali Desai,1,1060000.0,0.0,1060000.0,150946.06
SL-7807,2023-10-15,Honda,City,Sedan,Electric,South,Chennai,Rohit Verma,1,1401000.0,0.02,1372980.0,247529.97
SL-8237,2023-10-15,Honda,CR-V,SUV,CNG,North,Delhi,Kavita Joshi,1,1837000.0,0.0,1837000.0,301665.64
SL-7863,2023-10-15,Mahindra,Bolero,SUV,Petrol,North,Lucknow,Kavita Joshi,1,1679000.0,0.02,1645420.0,222434.94
SL-6365,2023-10-16,Honda,CR-V,SUV,Petrol,West,Mumbai,Sneha Reddy,1,1048000.0,0.02,1027040.0,131680.73
SL-6283,2023-10-16,Toyota,Corolla,Sedan,Petrol,Central,Nagpur,Arjun Nair,1,1035000.0,0.08,952200.0,103595.68
SL-8650,2023-10-16,Toyota,Camry,Sedan,CNG,South,Bengaluru,Sneha Reddy,3,1407000.0,0.0,4221000.0,809323.89
SL-5381,2023-10-16,Hyundai,Venue,SUV,Electric,East,Kolkata,Rahul Sharma,2,1827000.0,0.02,3580920.0,293843.14
SL-7765,2023-10-16,Mahindra,Thar,SUV,Petrol,Central,Bhopal,Rahul Sharma,3,2267000.0,0.05,6460950.0,978215.33
SL-5277,2023-10-16,Tata,Nexon,SUV,Petrol,East,Bhubaneswar,Amit Patel,3,1400000.0,0.0,4200000.0,894902.99
SL-6529,2023-10-16,Honda,Civic,Sedan,Petrol,West,Pune,Rahul Sharma,2,1446000.0,0.05,2747400.0,411866.06
SL-5772,2023-10-16,Toyota,Innova,MPV,Petrol,West,Pune,Arjun Nair,3,1383000.0,0.0,4149000.0,566003.0
SL-5957,2023-10-17,Kia,Carens,MPV,Diesel,East,Bhubaneswar,Neha Gupta,2,1604000.0,0.05,3047600.0,498567.82
SL-7838,2023-10-17,Kia,Carens,MPV,CNG,Central,Indore,Neha Gupta,2,1857000.0,0.1,3342600.0,196949.54
SL-7363,2023-10-17,Tata,Harrier,SUV,Petrol,North,Lucknow,Arjun Nair,1,1278000.0,0.02,1252440.0,191173.0
SL-7937,2023-10-17,Honda,Civic,Sedan,Petrol,North,Lucknow,Sneha Reddy,1,908000.0,0.05,862600.0,128085.69
SL-9309,2023-10-17,Maruti Suzuki,Baleno,Hatchback,Petrol,Central,Nagpur,Rohit Verma,1,669000.0,0.02,655620.0,62852.71
SL-8827,2023-10-17,Kia,Sonet,SUV,Diesel,South,Chennai,Neha Gupta,1,1612000.0,0.02,1579760.0,318371.51
SL-8990,2023-10-17,Mahindra,Thar,SUV,Petrol,West,Pune,Vikram Iyer,2,1178000.0,0.0,2356000.0,400409.7
SL-7617,2023-10-18,Ford,EcoSport,SUV,Diesel,Central,Nagpur,Rohit Verma,2,1891000.0,0.0,3782000.0,604938.2
SL-7296,2023-10-18,Kia,Seltos,SUV,Petrol,North,Delhi,Sneha Reddy,1,2567000.0,0.05,2438650.0,351979.92
SL-7751,2023-10-18,Mahindra,Thar,SUV,CNG,West,Mumbai,Kavita Joshi,3,1684000.0,0.02,4950960.0,496838.01
SL-6682,2023-10-19,Mahindra,Thar,SUV,Petrol,East,Patna,Vikram Iyer,1,1311000.0,0.05,1245450.0,97266.32
SL-9279,2023-10-19,Hyundai,Creta,SUV,Diesel,Central,Bhopal,Neha Gupta,3,1072000.0,0.05,3055200.0,320715.53
SL-8309,2023-10-19,Toyota,Corolla,Sedan,Petrol,North,Chandigarh,Rohit Verma,1,942000.0,0.05,894900.0,96622.49
SL-8486,2023-10-19,Ford,Figo,Hatchback,Petrol,East,Bhubaneswar,Amit Patel,1,757000.0,0.02,741860.0,115102.97
SL-8874,2023-10-19,Ford,EcoSport,SUV,Petrol,North,Lucknow,Neha Gupta,1,1110000.0,0.0,1110000.0,211411.24
SL-6626,2023-10-19,Mahindra,Bolero,SUV,Petrol,East,Bhubaneswar,Arjun Nair,2,2053000.0,0.08,3777520.0,363317.81
SL-5631,2023-10-19,Tata,Harrier,SUV,Diesel,North,Delhi,Amit Patel,1,2693000.0,0.0,2693000.0,540052.91
SL-6647,2023-10-20,Mahindra,Scorpio,SUV,Petrol,East,Patna,Priya Singh,3,2558000.0,0.05,7290300.0,1284336.57
SL-6259,2023-10-20,Tata,Punch,SUV,Petrol,East,Patna,Kavita Joshi,2,1490000.0,0.02,2920400.0,543830.01
SL-6847,2023-10-20,Ford,EcoSport,SUV,Diesel,South,Bengaluru,Arjun Nair,1,1404000.0,0.0,1404000.0,155573.13
SL-7490,2023-10-20,Hyundai,i20,Hatchback,Diesel,West,Mumbai,Amit Patel,2,834000.0,0.0,1668000.0,247507.21
SL-6371,2023-10-20,Mahindra,XUV700,SUV,Electric,Central,Bhopal,Neha Gupta,3,1958000.0,0.02,5756520.0,594864.19
SL-6366,2023-10-20,Ford,Figo,Hatchback,Petrol,West,Pune,Vikram Iyer,3,895000.0,0.0,2685000.0,304469.22
SL-5374,2023-10-21,Ford,EcoSport,SUV,Petrol,East,Patna,Kavita Joshi,3,1013000.0,0.02,2978220.0,245095.84
SL-6889,2023-10-21,Mahindra,Thar,SUV,Diesel,East,Bhubaneswar,Rohit Verma,1,2511000.0,0.02,2460780.0,334425.72
SL-9387,2023-10-21,Toyota,Camry,Sedan,Petrol,Central,Indore,Rahul Sharma,3,961000.0,0.05,2738850.0,486365.97
SL-7044,2023-10-21,Honda,Amaze,Sedan,Petrol,West,Ahmedabad,Sneha Reddy,1,1183000.0,0.0,1183000.0,176946.54
SL-5801,2023-10-21,Kia,Carens,MPV,Diesel,North,Delhi,Anjali Desai,3,1566000.0,0.0,4698000.0,686161.28
SL-9176,2023-10-22,Ford,Endeavour,SUV,CNG,South,Bengaluru,Rohit Verma,1,1858000.0,0.08,1709360.0,81053.16
SL-6707,2023-10-22,Maruti Suzuki,Brezza,SUV,Petrol,Central,Nagpur,Vikram Iyer,3,1261000.0,0.1,3404700.0,274401.17
SL-6151,2023-10-22,Toyota,Camry,Sedan,Diesel,West,Ahmedabad,Sneha Reddy,2,1409000.0,0.0,2818000.0,335783.35
SL-6600,2023-10-23,Honda,City,Sedan,CNG,East,Bhubaneswar,Priya Singh,1,1122000.0,0.05,1065900.0,162949.11
SL-7510,2023-10-23,Ford,Figo,Hatchback,Diesel,North,Delhi,Rahul Sharma,3,836000.0,0.0,2508000.0,321631.47
SL-6177,2023-10-23,Mahindra,Scorpio,SUV,CNG,North,Lucknow,Kavita Joshi,3,1560000.0,0.0,4680000.0,716850.22
SL-5303,2023-10-23,Maruti Suzuki,Brezza,SUV,Petrol,East,Bhubaneswar,Kavita Joshi,1,1658000.0,0.0,1658000.0,322877.54
SL-8361,2023-10-23,Ford,Figo,Hatchback,CNG,East,Bhubaneswar,Anjali Desai,3,745000.0,0.08,2056200.0,49135.99
SL-8752,2023-10-23,Toyota,Innova,MPV,Petrol,North,Delhi,Rohit Verma,2,1537000.0,0.0,3074000.0,468537.68
SL-8139,2023-10-23,Hyundai,Creta,SUV,Petrol,West,Mumbai,Rohit Verma,1,1780000.0,0.08,1637600.0,87904.97
SL-8016,2023-10-24,Maruti Suzuki,Ertiga,MPV,CNG,North,Lucknow,Arjun Nair,1,1258000.0,0.0,1258000.0,234221.49
SL-6072,2023-10-24,Hyundai,Verna,Sedan,Petrol,South,Hyderabad,Neha Gupta,2,1312000.0,0.0,2624000.0,506032.23
SL-9395,2023-10-24,Ford,EcoSport,SUV,Petrol,East,Patna,Vikram Iyer,3,1426000.0,0.08,3935760.0,237163.97
SL-9456,2023-10-24,Toyota,Fortuner,SUV,CNG,North,Delhi,Rohit Verma,2,2464000.0,0.05,4681600.0,324247.63
SL-8811,2023-10-24,Tata,Altroz,Hatchback,Petrol,Central,Indore,Anjali Desai,2,844000.0,0.02,1654240.0,268045.32
SL-6848,2023-10-24,Hyundai,Venue,SUV,Petrol,South,Hyderabad,Rohit Verma,2,2386000.0,0.0,4772000.0,979469.54
SL-6227,2023-10-24,Toyota,Innova,MPV,Diesel,West,Ahmedabad,Arjun Nair,1,1016000.0,0.1,914400.0,36106.28
SL-9415,2023-10-25,Mahindra,Scorpio,SUV,Petrol,North,Delhi,Neha Gupta,1,2666000.0,0.08,2452720.0,118098.35
SL-6317,2023-10-25,Tata,Harrier,SUV,Petrol,Central,Nagpur,Kavita Joshi,2,2669000.0,0.02,5231240.0,761343.81
SL-8405,2023-10-25,Ford,EcoSport,SUV,Electric,East,Patna,Sneha Reddy,3,2434000.0,0.0,7302000.0,1229325.78
SL-6067,2023-10-26,Honda,CR-V,SUV,Petrol,North,Delhi,Priya Singh,3,1271000.0,0.02,3736740.0,560210.05
SL-5510,2023-10-26,Kia,Sonet,SUV,Petrol,North,Lucknow,Priya Singh,2,1734000.0,0.05,3294600.0,333084.44
SL-5292,2023-10-26,Ford,Figo,Hatchback,Petrol,East,Kolkata,Anjali Desai,3,740000.0,0.0,2220000.0,392382.29
SL-5918,2023-10-27,Mahindra,Bolero,SUV,Petrol,North,Delhi,Arjun Nair,1,1698000.0,0.05,1613100.0,239084.8
SL-8298,2023-10-27,Ford,Figo,Hatchback,CNG,South,Bengaluru,Sneha Reddy,2,755000.0,0.1,1359000.0,71415.49
SL-9158,2023-10-27,Mahindra,Scorpio,SUV,Petrol,West,Mumbai,Rahul Sharma,3,2363000.0,0.0,7089000.0,928563.83
SL-7960,2023-10-27,Honda,Civic,Sedan,CNG,West,Ahmedabad,Neha Gupta,1,1275000.0,0.05,1211250.0,155668.14
SL-7785,2023-10-27,Tata,Altroz,Hatchback,Petrol,North,Chandigarh,Kavita Joshi,2,851000.0,0.02,1667960.0,243047.97
SL-8469,2023-10-28,Tata,Nexon,SUV,Petrol,East,Bhubaneswar,Neha Gupta,1,2558000.0,0.05,2430100.0,166290.68
SL-7119,2023-10-28,Honda,Civic,Sedan,Electric,South,Chennai,Arjun Nair,1,1577000.0,0.05,1498150.0,165132.88
SL-6978,2023-10-28,Honda,City,Sedan,Petrol,Central,Indore,Kavita Joshi,3,1218000.0,0.02,3580920.0,412614.59
SL-7205,2023-10-29,Hyundai,Verna,Sedan,CNG,Central,Bhopal,Anjali Desai,2,1286000.0,0.02,2520560.0,418224.87
SL-5160,2023-10-29,Kia,Sonet,SUV,Diesel,West,Ahmedabad,Neha Gupta,1,2310000.0,0.05,2194500.0,166009.91
SL-7340,2023-10-29,Honda,City,Sedan,Petrol,North,Lucknow,Neha Gupta,3,1318000.0,0.05,3756300.0,203904.5
SL-5974,2023-10-29,Tata,Altroz,Hatchback,Diesel,North,Chandigarh,Sneha Reddy,3,649000.0,0.05,1849650.0,116771.36
SL-6855,2023-10-29,Toyota,Corolla,Sedan,CNG,North,Lucknow,Anjali Desai,2,1558000.0,0.02,3053680.0,261602.51
SL-6751,2023-10-29,Kia,Sonet,SUV,Diesel,Central,Nagpur,Priya Singh,1,1965000.0,0.08,1807800.0,165066.67
SL-5864,2023-10-29,Kia,Seltos,SUV,Electric,East,Patna,Amit Patel,2,2627000.0,0.0,5254000.0,1037521.2
SL-6179,2023-10-29,Tata,Nexon,SUV,Petrol,North,Delhi,Amit Patel,3,1764000.0,0.0,5292000.0,611011.99
SL-9434,2023-10-29,Tata,Altroz,Hatchback,CNG,North,Chandigarh,Sneha Reddy,3,701000.0,0.02,2060940.0,208474.86
SL-5597,2023-10-30,Kia,Sonet,SUV,Petrol,North,Lucknow,Kavita Joshi,1,2154000.0,0.05,2046300.0,119078.27
SL-6526,2023-10-30,Maruti Suzuki,Swift,Hatchback,CNG,North,Lucknow,Kavita Joshi,1,604000.0,0.0,604000.0,60799.88
SL-6389,2023-10-30,Toyota,Innova,MPV,Petrol,South,Hyderabad,Rohit Verma,1,1686000.0,0.0,1686000.0,243107.14
SL-8894,2023-10-30,Tata,Altroz,Hatchback,CNG,West,Mumbai,Kavita Joshi,3,769000.0,0.02,2260860.0,330257.18
SL-9022,2023-10-30,Maruti Suzuki,Brezza,SUV,Diesel,Central,Nagpur,Anjali Desai,3,2750000.0,0.02,8085000.0,1282158.3
SL-6736,2023-10-30,Maruti Suzuki,Swift,Hatchback,Diesel,South,Chennai,Neha Gupta,3,722000.0,0.05,2057700.0,267641.08
SL-6655,2023-10-30,Maruti Suzuki,Brezza,SUV,Petrol,East,Bhubaneswar,Neha Gupta,3,1304000.0,0.0,3912000.0,626986.86
SL-9261,2023-10-31,Tata,Altroz,Hatchback,Petrol,West,Pune,Anjali Desai,2,702000.0,0.08,1291680.0,85258.33
SL-7138,2023-10-31,Maruti Suzuki,Baleno,Hatchback,Diesel,South,Hyderabad,Kavita Joshi,2,693000.0,0.0,1386000.0,191400.48
SL-5017,2023-10-31,Tata,Punch,SUV,Petrol,Central,Bhopal,Arjun Nair,1,2615000.0,0.02,2562700.0,496596.88
SL-8901,2023-10-31,Mahindra,XUV700,SUV,CNG,Central,Nagpur,Vikram Iyer,1,2147000.0,0.02,2104060.0,382578.26
SL-6821,2023-10-31,Hyundai,Venue,SUV,Petrol,West,Pune,Priya Singh,1,1549000.0,0.05,1471550.0,118834.36
SL-9481,2023-10-31,Hyundai,Creta,SUV,Petrol,South,Chennai,Anjali Desai,1,1406000.0,0.0,1406000.0,284942.51
SL-5812,2023-10-31,Maruti Suzuki,Baleno,Hatchback,Electric,South,Hyderabad,Arjun Nair,2,604000.0,0.0,1208000.0,200739.27
SL-7329,2023-11-01,Toyota,Fortuner,SUV,Diesel,East,Bhubaneswar,Anjali Desai,2,1667000.0,0.05,3167300.0,174550.18
SL-6651,2023-11-01,Tata,Punch,SUV,CNG,South,Hyderabad,Arjun Nair,1,1923000.0,0.02,1884540.0,199787.37
SL-5175,2023-11-01,Hyundai,Verna,Sedan,Petrol,North,Delhi,Rohit Verma,2,1548000.0,0.02,3034080.0,424749.81
SL-5210,2023-11-01,Ford,Endeavour,SUV,CNG,Central,Nagpur,Vikram Iyer,1,1467000.0,0.02,1437660.0,174152.74
SL-8805,2023-11-01,Hyundai,i20,Hatchback,Petrol,East,Kolkata,Neha Gupta,2,739000.0,0.0,1478000.0,285818.12
SL-5403,2023-11-02,Honda,CR-V,SUV,Petrol,North,Lucknow,Rahul Sharma,1,2189000.0,0.1,1970100.0,148345.3
SL-6790,2023-11-02,Mahindra,Bolero,SUV,Petrol,Central,Nagpur,Amit Patel,1,2692000.0,0.0,2692000.0,453284.1
SL-7513,2023-11-02,Maruti Suzuki,Baleno,Hatchback,Petrol,West,Mumbai,Rohit Verma,2,763000.0,0.08,1403920.0,172608.84
SL-7312,2023-11-02,Maruti Suzuki,Baleno,Hatchback,Electric,East,Kolkata,Rahul Sharma,2,770000.0,0.02,1509200.0,200784.2
SL-6554,2023-11-02,Mahindra,Bolero,SUV,Petrol,Central,Nagpur,Sneha Reddy,3,1348000.0,0.0,4044000.0,867105.5
SL-6484,2023-11-02,Honda,Civic,Sedan,Diesel,West,Mumbai,Sneha Reddy,2,1636000.0,0.02,3206560.0,484591.05
SL-5048,2023-11-02,Maruti Suzuki,Swift,Hatchback,Diesel,West,Mumbai,Rohit Verma,3,744000.0,0.0,2232000.0,454514.26
SL-5049,2023-11-02,Honda,Civic,Sedan,Petrol,East,Patna,Priya Singh,3,1605000.0,0.05,4574250.0,358348.61
SL-8639,2023-11-03,Hyundai,Verna,Sedan,Petrol,East,Kolkata,Neha Gupta,1,1594000.0,0.05,1514300.0,161726.81
SL-5598,2023-11-03,Tata,Nexon,SUV,Petrol,East,Patna,Priya Singh,3,1652000.0,0.0,4956000.0,1045341.11
SL-8367,2023-11-03,Kia,Carens,MPV,Petrol,West,Ahmedabad,Arjun Nair,3,1019000.0,0.0,3057000.0,361640.6
SL-5966,2023-11-03,Mahindra,XUV700,SUV,Diesel,East,Bhubaneswar,Priya Singh,3,2059000.0,0.0,6177000.0,1123690.93
SL-6430,2023-11-03,Tata,Punch,SUV,CNG,East,Bhubaneswar,Priya Singh,2,2057000.0,0.05,3908300.0,446263.61
SL-7473,2023-11-03,Maruti Suzuki,Brezza,SUV,Petrol,South,Chennai,Anjali Desai,2,1359000.0,0.02,2663640.0,348702.02
SL-9193,2023-11-03,Mahindra,Bolero,SUV,Diesel,Central,Bhopal,Neha Gupta,1,1690000.0,0.02,1656200.0,285014.67
SL-8067,2023-11-03,Tata,Harrier,SUV,Petrol,East,Kolkata,Rahul Sharma,3,2460000.0,0.02,7232400.0,746641.37
SL-8908,2023-11-03,Ford,Figo,Hatchback,Diesel,North,Chandigarh,Sneha Reddy,3,788000.0,0.0,2364000.0,417094.22
SL-5752,2023-11-04,Maruti Suzuki,Ertiga,MPV,Petrol,Central,Indore,Rohit Verma,3,1115000.0,0.0,3345000.0,650256.06
SL-7257,2023-11-04,Honda,City,Sedan,Electric,South,Hyderabad,Arjun Nair,2,1663000.0,0.05,3159700.0,389550.86
SL-6147,2023-11-04,Toyota,Fortuner,SUV,Petrol,North,Chandigarh,Sneha Reddy,1,1414000.0,0.0,1414000.0,247901.72
SL-8088,2023-11-04,Honda,City,Sedan,Petrol,Central,Bhopal,Sneha Reddy,1,1323000.0,0.08,1217160.0,41926.32
SL-7830,2023-11-04,Honda,Civic,Sedan,Petrol,Central,Indore,Neha Gupta,2,1187000.0,0.0,2374000.0,299055.69
SL-8810,2023-11-04,Toyota,Fortuner,SUV,Petrol,East,Patna,Sneha Reddy,1,1894000.0,0.05,1799300.0,263000.99
SL-8260,2023-11-04,Hyundai,Creta,SUV,Petrol,West,Mumbai,Neha Gupta,1,2147000.0,0.0,2147000.0,221447.06
SL-8628,2023-11-04,Honda,Amaze,Sedan,Electric,West,Ahmedabad,Sneha Reddy,2,1692000.0,0.02,3316320.0,657757.54
SL-6814,2023-11-05,Maruti Suzuki,Swift,Hatchback,Petrol,East,Patna,Priya Singh,3,654000.0,0.05,1863900.0,301436.86
SL-8670,2023-11-05,Maruti Suzuki,Swift,Hatchback,Electric,West,Ahmedabad,Kavita Joshi,2,610000.0,0.05,1159000.0,198379.74
SL-7477,2023-11-05,Mahindra,Thar,SUV,Petrol,North,Lucknow,Arjun Nair,3,1791000.0,0.0,5373000.0,828946.3
SL-9101,2023-11-05,Honda,Civic,Sedan,Diesel,Central,Indore,Priya Singh,3,1076000.0,0.0,3228000.0,531450.05
SL-5728,2023-11-05,Mahindra,Thar,SUV,Petrol,East,Patna,Amit Patel,3,1798000.0,0.05,5124300.0,861831.43
SL-7519,2023-11-05,Kia,Seltos,SUV,Petrol,East,Kolkata,Priya Singh,3,2739000.0,0.05,7806150.0,696076.68
SL-8832,2023-11-06,Mahindra,XUV700,SUV,Petrol,North,Chandigarh,Vikram Iyer,3,2563000.0,0.02,7535220.0,960148.67
SL-9430,2023-11-06,Tata,Punch,SUV,CNG,East,Patna,Rahul Sharma,1,2466000.0,0.05,2342700.0,282940.63
SL-7398,2023-11-06,Kia,Carens,MPV,Electric,South,Hyderabad,Rahul Sharma,2,1412000.0,0.05,2682800.0,157332.32
SL-7100,2023-11-06,Tata,Nexon,SUV,Petrol,Central,Indore,Neha Gupta,2,1463000.0,0.0,2926000.0,329206.8
SL-5865,2023-11-06,Honda,Amaze,Sedan,Diesel,North,Delhi,Rohit Verma,2,1448000.0,0.08,2664320.0,147264.36
SL-7515,2023-11-07,Hyundai,Venue,SUV,Petrol,North,Lucknow,Sneha Reddy,2,2587000.0,0.0,5174000.0,897284.01
SL-6766,2023-11-07,Hyundai,i20,Hatchback,Petrol,Central,Indore,Neha Gupta,2,860000.0,0.0,1720000.0,233574.3
SL-6108,2023-11-07,Maruti Suzuki,Baleno,Hatchback,Petrol,West,Ahmedabad,Priya Singh,3,862000.0,0.0,2586000.0,556826.1
SL-9442,2023-11-07,Honda,CR-V,SUV,Diesel,East,Kolkata,Amit Patel,2,2684000.0,0.02,5260640.0,459126.09
SL-6716,2023-11-07,Kia,Carens,MPV,Electric,North,Lucknow,Arjun Nair,3,1344000.0,0.0,4032000.0,853290.47
SL-7095,2023-11-07,Mahindra,Bolero,SUV,Petrol,South,Bengaluru,Sneha Reddy,2,1818000.0,0.05,3454200.0,525094.71
SL-6487,2023-11-07,Tata,Nexon,SUV,Diesel,North,Lucknow,Priya Singh,3,2292000.0,0.1,6188400.0,819087.97
SL-8619,2023-11-07,Toyota,Fortuner,SUV,Diesel,Central,Indore,Rohit Verma,2,1282000.0,0.05,2435800.0,368915.29
SL-9084,2023-11-07,Toyota,Corolla,Sedan,Petrol,West,Pune,Rohit Verma,3,1532000.0,0.08,4228320.0,476041.29
SL-7297,2023-11-07,Ford,Endeavour,SUV,Petrol,East,Kolkata,Rohit Verma,2,1556000.0,0.0,3112000.0,576160.62
SL-7087,2023-11-07,Honda,Civic,Sedan,Petrol,West,Pune,Priya Singh,1,1598000.0,0.1,1438200.0,180515.06
SL-9172,2023-11-08,Honda,CR-V,SUV,Petrol,Central,Bhopal,Priya Singh,1,2016000.0,0.0,2016000.0,374164.81
SL-8519,2023-11-08,Honda,Civic,Sedan,Diesel,North,Delhi,Arjun Nair,3,1507000.0,0.02,4430580.0,389928.94
SL-8664,2023-11-08,Hyundai,Verna,Sedan,Electric,West,Mumbai,Rohit Verma,1,1700000.0,0.02,1666000.0,261234.16
SL-7178,2023-11-08,Honda,CR-V,SUV,Electric,Central,Bhopal,Arjun Nair,2,2727000.0,0.0,5454000.0,744538.28
SL-7926,2023-11-08,Mahindra,Scorpio,SUV,Diesel,North,Delhi,Anjali Desai,1,2755000.0,0.02,2699900.0,248538.02
SL-6985,2023-11-08,Tata,Altroz,Hatchback,Petrol,Central,Nagpur,Arjun Nair,3,696000.0,0.02,2046240.0,332337.82
SL-9460,2023-11-08,Honda,Amaze,Sedan,Diesel,East,Patna,Neha Gupta,2,1060000.0,0.02,2077600.0,375880.99
SL-5532,2023-11-09,Hyundai,Venue,SUV,CNG,West,Ahmedabad,Arjun Nair,3,2381000.0,0.0,7143000.0,1226658.46
SL-8329,2023-11-09,Honda,City,Sedan,Petrol,North,Delhi,Neha Gupta,3,1094000.0,0.0,3282000.0,452345.66
SL-5869,2023-11-09,Tata,Harrier,SUV,Diesel,West,Pune,Sneha Reddy,2,1832000.0,0.05,3480800.0,406506.15
SL-8560,2023-11-09,Kia,Sonet,SUV,Petrol,Central,Bhopal,Priya Singh,2,1670000.0,0.08,3072800.0,337017.91
SL-9294,2023-11-09,Toyota,Fortuner,SUV,Petrol,West,Pune,Sneha Reddy,2,1082000.0,0.0,2164000.0,338752.21
SL-7579,2023-11-09,Mahindra,XUV700,SUV,CNG,North,Lucknow,Sneha Reddy,1,1908000.0,0.02,1869840.0,174977.34
SL-8464,2023-11-10,Hyundai,i20,Hatchback,Petrol,North,Lucknow,Anjali Desai,3,744000.0,0.02,2187360.0,237143.64
SL-7435,2023-11-10,Ford,Endeavour,SUV,Petrol,Central,Nagpur,Neha Gupta,2,1008000.0,0.05,1915200.0,106374.03
SL-7581,2023-11-10,Ford,Figo,Hatchback,Petrol,Central,Nagpur,Kavita Joshi,1,719000.0,0.02,704620.0,77171.98
SL-7362,2023-11-10,Maruti Suzuki,Ertiga,MPV,Diesel,Central,Nagpur,Rohit Verma,2,981000.0,0.05,1863900.0,209435.32
SL-9271,2023-11-10,Hyundai,Creta,SUV,Diesel,South,Bengaluru,Rahul Sharma,3,1735000.0,0.0,5205000.0,667642.5
SL-5113,2023-11-10,Tata,Harrier,SUV,Petrol,East,Patna,Rohit Verma,1,2068000.0,0.08,1902560.0,235119.86
SL-5186,2023-11-10,Hyundai,i20,Hatchback,Petrol,North,Delhi,Amit Patel,3,822000.0,0.0,2466000.0,289290.23
SL-8190,2023-11-11,Toyota,Fortuner,SUV,Petrol,West,Mumbai,Vikram Iyer,2,2048000.0,0.02,4014080.0,738797.45
SL-7573,2023-11-11,Maruti Suzuki,Baleno,Hatchback,Diesel,North,Lucknow,Arjun Nair,2,640000.0,0.0,1280000.0,180012.99
SL-7493,2023-11-11,Mahindra,Scorpio,SUV,Diesel,East,Bhubaneswar,Rohit Verma,3,2640000.0,0.0,7920000.0,1226595.78
SL-8646,2023-11-11,Maruti Suzuki,Swift,Hatchback,CNG,West,Mumbai,Sneha Reddy,2,758000.0,0.0,1516000.0,206104.88
SL-6442,2023-11-12,Toyota,Corolla,Sedan,Diesel,West,Mumbai,Amit Patel,1,1514000.0,0.02,1483720.0,185152.25
SL-6486,2023-11-12,Toyota,Camry,Sedan,CNG,North,Chandigarh,Arjun Nair,3,1247000.0,0.05,3553950.0,247220.56
SL-6906,2023-11-13,Tata,Punch,SUV,Petrol,West,Mumbai,Priya Singh,3,1330000.0,0.0,3990000.0,797418.37
SL-7758,2023-11-13,Hyundai,Venue,SUV,Diesel,North,Chandigarh,Sneha Reddy,3,1377000.0,0.05,3924450.0,534922.63
SL-6180,2023-11-13,Mahindra,XUV700,SUV,Petrol,Central,Bhopal,Arjun Nair,3,2221000.0,0.0,6663000.0,1244460.48
SL-9204,2023-11-13,Toyota,Camry,Sedan,Electric,Central,Bhopal,Rahul Sharma,2,1401000.0,0.02,2745960.0,489213.42
SL-7083,2023-11-13,Toyota,Innova,MPV,Petrol,West,Ahmedabad,Anjali Desai,2,1346000.0,0.02,2638160.0,417781.35
SL-6176,2023-11-14,Mahindra,Scorpio,SUV,CNG,South,Chennai,Neha Gupta,1,2361000.0,0.02,2313780.0,307508.07
SL-5790,2023-11-14,Kia,Carens,MPV,Electric,Central,Bhopal,Rohit Verma,1,1837000.0,0.05,1745150.0,291725.73
SL-8224,2023-11-14,Honda,Amaze,Sedan,Petrol,East,Kolkata,Vikram Iyer,2,1688000.0,0.02,3308480.0,658062.67
SL-6885,2023-11-14,Tata,Harrier,SUV,Petrol,North,Delhi,Amit Patel,1,1877000.0,0.0,1877000.0,205580.93
SL-6976,2023-11-15,Toyota,Fortuner,SUV,Petrol,North,Delhi,Arjun Nair,2,2540000.0,0.05,4826000.0,716502.52
SL-5983,2023-11-15,Honda,CR-V,SUV,Petrol,West,Pune,Vikram Iyer,3,2728000.0,0.08,7529280.0,738569.93
SL-7446,2023-11-15,Kia,Carens,MPV,CNG,West,Mumbai,Amit Patel,2,1893000.0,0.0,3786000.0,794332.91
SL-6951,2023-11-15,Ford,EcoSport,SUV,CNG,North,Chandigarh,Amit Patel,2,1255000.0,0.05,2384500.0,130679.88
SL-9451,2023-11-15,Mahindra,Thar,SUV,CNG,South,Bengaluru,Sneha Reddy,3,1397000.0,0.08,3855720.0,360188.56
SL-7586,2023-11-16,Ford,Endeavour,SUV,Petrol,East,Kolkata,Priya Singh,1,2549000.0,0.02,2498020.0,417048.53
SL-5971,2023-11-16,Mahindra,XUV700,SUV,Diesel,North,Delhi,Arjun Nair,2,1356000.0,0.02,2657760.0,450506.79
SL-5651,2023-11-16,Tata,Punch,SUV,Diesel,East,Kolkata,Sneha Reddy,1,2217000.0,0.0,2217000.0,428657.25
SL-9256,2023-11-16,Honda,City,Sedan,Diesel,East,Patna,Anjali Desai,2,1165000.0,0.0,2330000.0,258448.79
SL-5580,2023-11-16,Toyota,Fortuner,SUV,Petrol,West,Mumbai,Rohit Verma,2,1114000.0,0.0,2228000.0,230146.39
SL-5217,2023-11-16,Tata,Nexon,SUV,Petrol,West,Pune,Rohit Verma,2,1016000.0,0.05,1930400.0,273600.01
SL-7571,2023-11-16,Kia,Carens,MPV,Petrol,West,Mumbai,Neha Gupta,3,1067000.0,0.0,3201000.0,559907.95
SL-7622,2023-11-16,Mahindra,XUV700,SUV,CNG,North,Lucknow,Amit Patel,3,2693000.0,0.02,7917420.0,905955.11
SL-8418,2023-11-16,Mahindra,XUV700,SUV,Petrol,West,Ahmedabad,Neha Gupta,2,1245000.0,0.0,2490000.0,384524.43
SL-5574,2023-11-17,Toyota,Fortuner,SUV,Diesel,East,Patna,Vikram Iyer,2,2227000.0,0.05,4231300.0,640780.52
SL-6605,2023-11-17,Honda,Civic,Sedan,Petrol,West,Mumbai,Rahul Sharma,2,1209000.0,0.05,2297100.0,384494.19
SL-7852,2023-11-17,Mahindra,Bolero,SUV,CNG,East,Bhubaneswar,Sneha Reddy,3,1177000.0,0.0,3531000.0,606467.26
SL-6604,2023-11-17,Mahindra,Thar,SUV,Diesel,East,Patna,Amit Patel,3,1716000.0,0.0,5148000.0,673369.42
SL-5347,2023-11-17,Mahindra,Bolero,SUV,Petrol,Central,Nagpur,Arjun Nair,3,1227000.0,0.1,3312900.0,382052.4
SL-7395,2023-11-18,Honda,Civic,Sedan,Petrol,East,Bhubaneswar,Neha Gupta,3,1700000.0,0.0,5100000.0,802985.06
SL-7414,2023-11-18,Maruti Suzuki,Ertiga,MPV,Diesel,North,Chandigarh,Amit Patel,1,1377000.0,0.0,1377000.0,195715.02
SL-9312,2023-11-18,Hyundai,Creta,SUV,Diesel,South,Bengaluru,Neha Gupta,2,1024000.0,0.02,2007040.0,264524.47
SL-8515,2023-11-18,Ford,EcoSport,SUV,Diesel,Central,Bhopal,Priya Singh,2,1386000.0,0.02,2716560.0,395000.42
SL-6764,2023-11-19,Maruti Suzuki,Swift,Hatchback,Diesel,Central,Indore,Rohit Verma,1,802000.0,0.05,761900.0,97651.89
SL-6596,2023-11-19,Mahindra,Bolero,SUV,Diesel,North,Delhi,Priya Singh,1,1984000.0,0.0,1984000.0,285843.18
SL-9003,2023-11-19,Maruti Suzuki,Brezza,SUV,Petrol,North,Delhi,Kavita Joshi,2,2389000.0,0.05,4539100.0,675556.37
SL-6966,2023-11-20,Toyota,Fortuner,SUV,CNG,West,Ahmedabad,Vikram Iyer,1,2000000.0,0.08,1840000.0,131702.22
SL-9384,2023-11-20,Tata,Altroz,Hatchback,Petrol,North,Delhi,Kavita Joshi,2,876000.0,0.05,1664400.0,292427.95
SL-6051,2023-11-20,Tata,Harrier,SUV,Electric,Central,Bhopal,Priya Singh,1,2540000.0,0.0,2540000.0,548688.52
SL-7938,2023-11-20,Honda,CR-V,SUV,Diesel,East,Kolkata,Rohit Verma,1,1881000.0,0.02,1843380.0,350753.33
SL-8588,2023-11-21,Kia,Carens,MPV,Diesel,South,Bengaluru,Amit Patel,1,1745000.0,0.05,1657750.0,281186.54
SL-6679,2023-11-21,Honda,City,Sedan,Diesel,West,Mumbai,Priya Singh,1,1074000.0,0.0,1074000.0,143626.9
SL-8860,2023-11-21,Tata,Punch,SUV,Petrol,Central,Bhopal,Priya Singh,3,2576000.0,0.02,7573440.0,1392356.94
SL-8108,2023-11-21,Kia,Sonet,SUV,Petrol,Central,Nagpur,Neha Gupta,1,1683000.0,0.0,1683000.0,342716.26
SL-6025,2023-11-21,Maruti Suzuki,Baleno,Hatchback,Diesel,South,Bengaluru,Anjali Desai,3,627000.0,0.0,1881000.0,391612.43
SL-6346,2023-11-22,Kia,Carens,MPV,Petrol,Central,Indore,Amit Patel,2,1598000.0,0.0,3196000.0,478088.64
SL-7537,2023-11-22,Maruti Suzuki,Swift,Hatchback,Petrol,South,Chennai,Kavita Joshi,1,855000.0,0.0,855000.0,134348.32
SL-8546,2023-11-22,Ford,Figo,Hatchback,Petrol,North,Delhi,Arjun Nair,1,659000.0,0.05,626050.0,77330.31
SL-7262,2023-11-23,Tata,Altroz,Hatchback,Petrol,West,Pune,Sneha Reddy,2,654000.0,0.0,1308000.0,270251.31
SL-8128,2023-11-23,Hyundai,i20,Hatchback,Diesel,East,Bhubaneswar,Neha Gupta,2,738000.0,0.0,1476000.0,296582.62
SL-6572,2023-11-23,Honda,City,Sedan,Petrol,East,Kolkata,Priya Singh,3,1617000.0,0.0,4851000.0,929159.95
SL-7488,2023-11-23,Honda,CR-V,SUV,CNG,East,Patna,Kavita Joshi,1,1133000.0,0.05,1076350.0,148751.15
SL-7448,2023-11-23,Tata,Punch,SUV,Diesel,West,Pune,Arjun Nair,2,2706000.0,0.02,5303760.0,967370.8
SL-7969,2023-11-23,Kia,Seltos,SUV,Diesel,West,Ahmedabad,Neha Gupta,1,2517000.0,0.02,2466660.0,377290.87
SL-7065,2023-11-24,Honda,Civic,Sedan,Electric,East,Kolkata,Vikram Iyer,3,1330000.0,0.08,3670800.0,548390.99
SL-8439,2023-11-24,Honda,Amaze,Sedan,Petrol,South,Hyderabad,Priya Singh,3,1504000.0,0.05,4286400.0,721531.84
SL-7060,2023-11-24,Ford,EcoSport,SUV,Petrol,North,Lucknow,Sneha Reddy,1,1404000.0,0.0,1404000.0,274554.84
SL-7396,2023-11-24,Toyota,Innova,MPV,Petrol,Central,Nagpur,Rahul Sharma,2,1521000.0,0.0,3042000.0,654940.03
SL-9211,2023-11-24,Toyota,Camry,Sedan,Diesel,Central,Indore,Anjali Desai,3,1415000.0,0.0,4245000.0,933462.82
SL-9240,2023-11-24,Kia,Carens,MPV,Petrol,South,Chennai,Priya Singh,1,1208000.0,0.02,1183840.0,138563.9
SL-6557,2023-11-24,Mahindra,XUV700,SUV,Petrol,South,Chennai,Neha Gupta,1,2502000.0,0.0,2502000.0,333827.17
SL-7831,2023-11-25,Kia,Seltos,SUV,Diesel,West,Pune,Priya Singh,2,1216000.0,0.02,2383360.0,272719.88
SL-6224,2023-11-25,Hyundai,Venue,SUV,Petrol,West,Pune,Amit Patel,1,2603000.0,0.05,2472850.0,187272.12
SL-7695,2023-11-25,Ford,Endeavour,SUV,Diesel,Central,Indore,Anjali Desai,1,1667000.0,0.0,1667000.0,339215.27
SL-6808,2023-11-25,Toyota,Camry,Sedan,Petrol,East,Patna,Kavita Joshi,1,1418000.0,0.0,1418000.0,292132.27
SL-8944,2023-11-26,Tata,Punch,SUV,Petrol,West,Mumbai,Priya Singh,1,1688000.0,0.05,1603600.0,121854.39
SL-6756,2023-11-26,Kia,Seltos,SUV,Petrol,South,Hyderabad,Sneha Reddy,2,2404000.0,0.0,4808000.0,1018236.53
SL-9045,2023-11-26,Mahindra,Thar,SUV,Petrol,East,Patna,Kavita Joshi,3,1386000.0,0.02,4074840.0,694723.15
SL-7567,2023-11-26,Mahindra,XUV700,SUV,CNG,South,Bengaluru,Kavita Joshi,3,1261000.0,0.08,3480360.0,228978.86
SL-5432,2023-11-26,Honda,Civic,Sedan,Diesel,Central,Indore,Rohit Verma,2,1376000.0,0.05,2614400.0,382810.14
SL-9355,2023-11-26,Maruti Suzuki,Baleno,Hatchback,Petrol,South,Bengaluru,Arjun Nair,2,789000.0,0.0,1578000.0,236429.51
SL-9088,2023-11-26,Kia,Seltos,SUV,CNG,Central,Bhopal,Arjun Nair,3,1248000.0,0.0,3744000.0,387730.33
SL-8758,2023-11-26,Toyota,Corolla,Sedan,Diesel,Central,Bhopal,Kavita Joshi,3,1403000.0,0.02,4124820.0,763537.36
SL-5840,2023-11-27,Hyundai,Venue,SUV,Diesel,Central,Indore,Amit Patel,3,1333000.0,0.02,3919020.0,541853.41
SL-9233,2023-11-27,Ford,Figo,Hatchback,Petrol,West,Ahmedabad,Priya Singh,1,812000.0,0.05,771400.0,131827.2
SL-8545,2023-11-27,Hyundai,Venue,SUV,Petrol,Central,Nagpur,Arjun Nair,3,1527000.0,0.02,4489380.0,733109.36
SL-7222,2023-11-27,Kia,Carens,MPV,CNG,Central,Indore,Vikram Iyer,2,1553000.0,0.05,2950700.0,215967.76
SL-5239,2023-11-27,Ford,Endeavour,SUV,Petrol,East,Patna,Neha Gupta,2,1732000.0,0.02,3394720.0,584913.67
SL-8222,2023-11-27,Kia,Sonet,SUV,Petrol,West,Pune,Arjun Nair,1,1867000.0,0.0,1867000.0,214208.58
SL-7823,2023-11-27,Honda,Civic,Sedan,Petrol,Central,Indore,Kavita Joshi,3,1515000.0,0.0,4545000.0,677459.11
SL-5592,2023-11-27,Ford,EcoSport,SUV,CNG,East,Kolkata,Priya Singh,2,1201000.0,0.0,2402000.0,406867.79
SL-8653,2023-11-27,Kia,Seltos,SUV,Diesel,West,Pune,Amit Patel,1,1835000.0,0.0,1835000.0,403696.31
SL-7746,2023-11-27,Hyundai,Verna,Sedan,CNG,Central,Indore,Priya Singh,3,1324000.0,0.05,3773400.0,221909.94
SL-8592,2023-11-27,Mahindra,XUV700,SUV,Diesel,Central,Nagpur,Priya Singh,3,2091000.0,0.0,6273000.0,1288144.4
SL-8753,2023-11-28,Mahindra,Scorpio,SUV,Petrol,South,Bengaluru,Amit Patel,1,1308000.0,0.05,1242600.0,175997.53
SL-7496,2023-11-28,Tata,Altroz,Hatchback,Petrol,North,Lucknow,Sneha Reddy,1,622000.0,0.0,622000.0,134443.2
SL-9379,2023-11-28,Ford,Figo,Hatchback,Diesel,South,Hyderabad,Sneha Reddy,2,653000.0,0.1,1175400.0,137658.08
SL-5696,2023-11-28,Tata,Nexon,SUV,Petrol,East,Patna,Anjali Desai,2,2387000.0,0.1,4296600.0,192852.83
SL-9258,2023-11-28,Mahindra,XUV700,SUV,Petrol,East,Bhubaneswar,Vikram Iyer,3,1493000.0,0.02,4389420.0,740930.98
SL-8731,2023-11-28,Toyota,Fortuner,SUV,CNG,South,Bengaluru,Arjun Nair,3,1862000.0,0.0,5586000.0,654914.31
SL-7880,2023-11-29,Toyota,Innova,MPV,Petrol,South,Chennai,Rahul Sharma,1,979000.0,0.02,959420.0,105566.43
SL-5939,2023-11-29,Maruti Suzuki,Swift,Hatchback,Petrol,South,Hyderabad,Arjun Nair,3,773000.0,0.02,2272620.0,194075.59
SL-8117,2023-11-29,Maruti Suzuki,Swift,Hatchback,Electric,North,Lucknow,Rohit Verma,3,721000.0,0.05,2054850.0,221198.12
SL-8791,2023-11-29,Toyota,Innova,MPV,Petrol,West,Ahmedabad,Neha Gupta,2,1724000.0,0.08,3172160.0,351216.2
SL-8688,2023-11-29,Honda,Civic,Sedan,Petrol,East,Patna,Anjali Desai,3,1179000.0,0.0,3537000.0,579926.08
SL-9047,2023-11-30,Mahindra,XUV700,SUV,Diesel,South,Chennai,Neha Gupta,1,1713000.0,0.02,1678740.0,211790.11
SL-9080,2023-11-30,Hyundai,Verna,Sedan,Diesel,North,Lucknow,Rahul Sharma,2,1029000.0,0.0,2058000.0,247103.04
SL-8778,2023-11-30,Ford,Figo,Hatchback,CNG,South,Chennai,Neha Gupta,3,619000.0,0.05,1764150.0,309858.69
SL-8152,2023-11-30,Toyota,Corolla,Sedan,Petrol,North,Delhi,Kavita Joshi,1,1554000.0,0.05,1476300.0,225332.3
SL-5619,2023-11-30,Toyota,Corolla,Sedan,Petrol,East,Bhubaneswar,Vikram Iyer,1,1245000.0,0.08,1145400.0,163654.01
SL-7888,2023-12-01,Maruti Suzuki,Baleno,Hatchback,Diesel,South,Chennai,Anjali Desai,3,637000.0,0.0,1911000.0,374981.42
SL-9163,2023-12-01,Hyundai,Creta,SUV,Petrol,Central,Bhopal,Sneha Reddy,3,1325000.0,0.0,3975000.0,778923.95
SL-6818,2023-12-01,Toyota,Innova,MPV,Diesel,East,Patna,Amit Patel,3,1393000.0,0.0,4179000.0,568546.37
SL-9090,2023-12-01,Honda,Amaze,Sedan,Petrol,North,Delhi,Rahul Sharma,3,1351000.0,0.0,4053000.0,564969.19
SL-5344,2023-12-01,Toyota,Innova,MPV,Petrol,North,Chandigarh,Priya Singh,2,983000.0,0.0,1966000.0,327646.89
SL-8550,2023-12-01,Honda,Amaze,Sedan,CNG,Central,Indore,Amit Patel,2,1437000.0,0.02,2816520.0,538768.73
SL-8829,2023-12-01,Maruti Suzuki,Ertiga,MPV,CNG,North,Chandigarh,Priya Singh,2,1802000.0,0.08,3315680.0,410050.87
SL-6650,2023-12-02,Honda,City,Sedan,Diesel,South,Chennai,Sneha Reddy,2,1334000.0,0.05,2534600.0,199636.5
SL-8056,2023-12-02,Mahindra,Scorpio,SUV,Diesel,West,Ahmedabad,Kavita Joshi,2,1177000.0,0.05,2236300.0,265265.31
SL-9493,2023-12-02,Mahindra,Scorpio,SUV,Petrol,South,Hyderabad,Rohit Verma,3,2205000.0,0.1,5953500.0,158788.61
SL-5897,2023-12-02,Toyota,Camry,Sedan,Diesel,East,Kolkata,Priya Singh,1,1250000.0,0.05,1187500.0,98565.72
SL-5166,2023-12-02,Honda,Amaze,Sedan,Diesel,West,Pune,Kavita Joshi,2,1143000.0,0.0,2286000.0,312153.58
SL-5031,2023-12-02,Mahindra,Scorpio,SUV,Diesel,North,Lucknow,Sneha Reddy,1,1825000.0,0.02,1788500.0,185326.52
SL-7714,2023-12-02,Ford,Endeavour,SUV,Petrol,East,Bhubaneswar,Kavita Joshi,2,2346000.0,0.0,4692000.0,792338.61
SL-8215,2023-12-03,Maruti Suzuki,Ertiga,MPV,Diesel,North,Lucknow,Rohit Verma,1,1587000.0,0.05,1507650.0,147037.53
SL-9123,2023-12-03,Tata,Harrier,SUV,Diesel,Central,Bhopal,Anjali Desai,2,2595000.0,0.0,5190000.0,647144.64
SL-5427,2023-12-03,Tata,Punch,SUV,CNG,West,Pune,Sneha Reddy,2,2262000.0,0.02,4433520.0,719329.87
SL-8576,2023-12-04,Hyundai,Creta,SUV,CNG,South,Bengaluru,Vikram Iyer,3,1734000.0,0.0,5202000.0,942127.85
SL-5006,2023-12-04,Mahindra,XUV700,SUV,Petrol,South,Bengaluru,Rohit Verma,3,1762000.0,0.05,5021700.0,450246.25
SL-5857,2023-12-04,Toyota,Fortuner,SUV,Diesel,South,Chennai,Kavita Joshi,1,1197000.0,0.0,1197000.0,181777.17
SL-6866,2023-12-04,Mahindra,XUV700,SUV,Petrol,North,Delhi,Vikram Iyer,1,1706000.0,0.05,1620700.0,186828.53
SL-9296,2023-12-05,Hyundai,Venue,SUV,Petrol,Central,Indore,Amit Patel,2,1433000.0,0.02,2808680.0,373080.35
SL-6443,2023-12-05,Toyota,Camry,Sedan,Petrol,West,Ahmedabad,Rahul Sharma,1,1084000.0,0.0,1084000.0,222659.8
SL-7794,2023-12-05,Mahindra,Scorpio,SUV,Petrol,Central,Indore,Sneha Reddy,1,2054000.0,0.08,1889680.0,64354.61
SL-9469,2023-12-05,Hyundai,Verna,Sedan,Diesel,Central,Bhopal,Rohit Verma,3,995000.0,0.05,2835750.0,297119.49
SL-8763,2023-12-06,Tata,Harrier,SUV,Diesel,East,Patna,Neha Gupta,3,1095000.0,0.0,3285000.0,707666.29
SL-5565,2023-12-06,Ford,Figo,Hatchback,CNG,North,Lucknow,Rahul Sharma,1,862000.0,0.0,862000.0,169876.53
SL-6280,2023-12-06,Honda,Amaze,Sedan,Petrol,South,Bengaluru,Arjun Nair,1,1603000.0,0.05,1522850.0,159232.56
SL-6273,2023-12-06,Honda,CR-V,SUV,Petrol,South,Chennai,Kavita Joshi,1,2206000.0,0.05,2095700.0,239285.58
SL-7462,2023-12-06,Toyota,Fortuner,SUV,Diesel,Central,Bhopal,Rohit Verma,2,2098000.0,0.0,4196000.0,882823.58
SL-5290,2023-12-06,Honda,City,Sedan,Petrol,West,Mumbai,Kavita Joshi,1,930000.0,0.02,911400.0,90233.76
SL-5124,2023-12-07,Toyota,Fortuner,SUV,Electric,Central,Nagpur,Vikram Iyer,2,2762000.0,0.02,5413520.0,695241.42
SL-9396,2023-12-07,Honda,CR-V,SUV,CNG,East,Kolkata,Anjali Desai,2,2249000.0,0.1,4048200.0,17581.95
SL-7053,2023-12-07,Hyundai,Verna,Sedan,Petrol,South,Chennai,Arjun Nair,1,970000.0,0.02,950600.0,161143.65
SL-8193,2023-12-07,Ford,Figo,Hatchback,Petrol,North,Chandigarh,Anjali Desai,2,769000.0,0.05,1461100.0,191108.09
SL-5567,2023-12-07,Toyota,Fortuner,SUV,Diesel,West,Ahmedabad,Rohit Verma,3,1966000.0,0.0,5898000.0,1236162.79
SL-7883,2023-12-07,Tata,Nexon,SUV,CNG,East,Kolkata,Kavita Joshi,1,1640000.0,0.0,1640000.0,360374.89
SL-6972,2023-12-07,Kia,Sonet,SUV,Petrol,Central,Nagpur,Rahul Sharma,3,1755000.0,0.05,5001750.0,835247.36
SL-6923,2023-12-07,Tata,Harrier,SUV,CNG,Central,Bhopal,Priya Singh,2,1857000.0,0.0,3714000.0,691189.11
SL-6419,2023-12-08,Ford,Figo,Hatchback,Diesel,South,Bengaluru,Kavita Joshi,1,795000.0,0.0,795000.0,124934.16
SL-6666,2023-12-08,Ford,EcoSport,SUV,CNG,West,Mumbai,Rahul Sharma,2,1225000.0,0.05,2327500.0,171134.7
SL-5795,2023-12-08,Hyundai,Verna,Sedan,Petrol,West,Mumbai,Priya Singh,3,1142000.0,0.0,3426000.0,628675.69
SL-8063,2023-12-09,Hyundai,i20,Hatchback,CNG,North,Chandigarh,Neha Gupta,3,890000.0,0.0,2670000.0,282003.43
SL-7162,2023-12-09,Tata,Nexon,SUV,Diesel,West,Ahmedabad,Vikram Iyer,3,1669000.0,0.0,5007000.0,712775.48
SL-5600,2023-12-09,Ford,Figo,Hatchback,Petrol,Central,Bhopal,Kavita Joshi,2,609000.0,0.0,1218000.0,136959.49
SL-8482,2023-12-09,Toyota,Innova,MPV,Petrol,North,Chandigarh,Anjali Desai,1,1009000.0,0.0,1009000.0,140061.93
SL-6784,2023-12-09,Kia,Sonet,SUV,CNG,East,Patna,Priya Singh,1,1873000.0,0.05,1779350.0,217068.82
SL-7380,2023-12-09,Mahindra,Bolero,SUV,Petrol,East,Patna,Rohit Verma,2,1055000.0,0.02,2067800.0,316191.98
SL-5383,2023-12-09,Hyundai,Verna,Sedan,Diesel,Central,Indore,Priya Singh,2,1325000.0,0.0,2650000.0,319855.4
SL-8460,2023-12-09,Ford,EcoSport,SUV,Diesel,East,Bhubaneswar,Amit Patel,1,1016000.0,0.0,1016000.0,162371.38
SL-7090,2023-12-09,Tata,Altroz,Hatchback,Petrol,South,Bengaluru,Kavita Joshi,2,621000.0,0.0,1242000.0,266556.98
SL-7919,2023-12-09,Maruti Suzuki,Baleno,Hatchback,Petrol,North,Delhi,Kavita Joshi,1,650000.0,0.05,617500.0,66433.55
SL-8203,2023-12-10,Kia,Seltos,SUV,Diesel,West,Ahmedabad,Neha Gupta,1,1404000.0,0.05,1333800.0,94906.82
SL-7693,2023-12-10,Hyundai,i20,Hatchback,CNG,Central,Indore,Amit Patel,2,704000.0,0.0,1408000.0,306095.45
SL-5559,2023-12-10,Kia,Seltos,SUV,Petrol,West,Pune,Arjun Nair,1,2345000.0,0.0,2345000.0,452397.99
SL-8892,2023-12-10,Kia,Seltos,SUV,Petrol,South,Hyderabad,Rahul Sharma,3,1306000.0,0.0,3918000.0,811187.16
SL-8801,2023-12-10,Maruti Suzuki,Baleno,Hatchback,Petrol,South,Chennai,Anjali Desai,3,635000.0,0.0,1905000.0,399961.33
SL-9310,2023-12-10,Ford,Figo,Hatchback,Diesel,East,Kolkata,Priya Singh,3,704000.0,0.02,2069760.0,353055.13
SL-7139,2023-12-11,Tata,Altroz,Hatchback,Diesel,North,Chandigarh,Anjali Desai,1,861000.0,0.05,817950.0,89340.78
SL-6793,2023-12-11,Tata,Harrier,SUV,Electric,West,Ahmedabad,Amit Patel,1,1893000.0,0.05,1798350.0,195030.09
SL-8638,2023-12-11,Honda,City,Sedan,CNG,West,Pune,Rohit Verma,3,1733000.0,0.0,5199000.0,912957.47
SL-5004,2023-12-12,Ford,Endeavour,SUV,Diesel,West,Ahmedabad,Arjun Nair,2,1704000.0,0.02,3339840.0,596560.18
SL-7118,2023-12-12,Maruti Suzuki,Brezza,SUV,Petrol,South,Bengaluru,Amit Patel,1,2676000.0,0.05,2542200.0,246845.7
SL-8714,2023-12-12,Kia,Seltos,SUV,Diesel,West,Mumbai,Vikram Iyer,3,2030000.0,0.0,6090000.0,906014.78
SL-6110,2023-12-12,Hyundai,Verna,Sedan,Diesel,West,Ahmedabad,Amit Patel,1,1513000.0,0.08,1391960.0,134009.95
SL-9425,2023-12-12,Toyota,Corolla,Sedan,Diesel,West,Pune,Rohit Verma,1,900000.0,0.08,828000.0,31549.02
SL-5715,2023-12-13,Maruti Suzuki,Ertiga,MPV,Petrol,North,Chandigarh,Kavita Joshi,1,1070000.0,0.08,984400.0,90147.57
SL-7632,2023-12-13,Ford,EcoSport,SUV,Petrol,West,Pune,Anjali Desai,2,2529000.0,0.0,5058000.0,519358.77
SL-7121,2023-12-13,Maruti Suzuki,Ertiga,MPV,Petrol,Central,Nagpur,Vikram Iyer,3,1758000.0,0.0,5274000.0,824027.82
SL-6296,2023-12-13,Kia,Seltos,SUV,Petrol,East,Patna,Arjun Nair,3,1406000.0,0.02,4133640.0,769159.1
SL-6193,2023-12-13,Toyota,Innova,MPV,Petrol,West,Pune,Rahul Sharma,1,1102000.0,0.05,1046900.0,105536.74
SL-8046,2023-12-13,Hyundai,Venue,SUV,Petrol,East,Bhubaneswar,Neha Gupta,2,1984000.0,0.02,3888640.0,356129.46
SL-7725,2023-12-14,Ford,EcoSport,SUV,Petrol,West,Mumbai,Rahul Sharma,3,1979000.0,0.0,5937000.0,601706.3
SL-6328,2023-12-14,Maruti Suzuki,Ertiga,MPV,Petrol,Central,Bhopal,Priya Singh,3,957000.0,0.08,2641320.0,375318.34
SL-5011,2023-12-14,Toyota,Fortuner,SUV,Diesel,North,Delhi,Rohit Verma,3,1549000.0,0.02,4554060.0,805543.8
SL-8701,2023-12-15,Mahindra,Bolero,SUV,Diesel,Central,Bhopal,Anjali Desai,1,2024000.0,0.02,1983520.0,224468.98
SL-9371,2023-12-15,Mahindra,Thar,SUV,Petrol,East,Kolkata,Priya Singh,2,1378000.0,0.02,2700880.0,378630.62
SL-8231,2023-12-16,Ford,Endeavour,SUV,Petrol,West,Mumbai,Kavita Joshi,3,2314000.0,0.08,6386640.0,788362.46
SL-7862,2023-12-16,Kia,Sonet,SUV,Petrol,West,Pune,Arjun Nair,2,1722000.0,0.05,3271800.0,474752.68
SL-7786,2023-12-16,Mahindra,Scorpio,SUV,Petrol,North,Delhi,Anjali Desai,3,2711000.0,0.05,7726350.0,512776.06
SL-9165,2023-12-16,Hyundai,Creta,SUV,Petrol,Central,Bhopal,Priya Singh,2,2588000.0,0.05,4917200.0,631385.79
SL-7475,2023-12-16,Ford,Figo,Hatchback,Diesel,West,Mumbai,Kavita Joshi,1,832000.0,0.02,815360.0,122941.8
SL-6274,2023-12-17,Honda,Amaze,Sedan,Petrol,East,Bhubaneswar,Amit Patel,2,1107000.0,0.08,2036880.0,226125.35
SL-8239,2023-12-17,Tata,Punch,SUV,Petrol,West,Mumbai,Kavita Joshi,2,2738000.0,0.05,5202200.0,409276.09
SL-7649,2023-12-17,Tata,Nexon,SUV,Petrol,East,Kolkata,Amit Patel,2,2291000.0,0.05,4352900.0,565158.48
SL-6004,2023-12-17,Toyota,Camry,Sedan,Petrol,West,Mumbai,Rohit Verma,1,988000.0,0.02,968240.0,106053.6
SL-7651,2023-12-17,Hyundai,Venue,SUV,Petrol,South,Bengaluru,Neha Gupta,1,1469000.0,0.05,1395550.0,133888.28
SL-6027,2023-12-18,Mahindra,Scorpio,SUV,CNG,West,Ahmedabad,Vikram Iyer,3,1987000.0,0.02,5841780.0,749648.18
SL-7640,2023-12-18,Maruti Suzuki,Swift,Hatchback,Petrol,Central,Nagpur,Rahul Sharma,2,871000.0,0.08,1602640.0,209802.93
SL-6463,2023-12-18,Toyota,Camry,Sedan,Electric,Central,Bhopal,Rohit Verma,2,932000.0,0.05,1770800.0,191213.47
SL-5401,2023-12-18,Ford,Endeavour,SUV,Petrol,West,Mumbai,Rahul Sharma,3,1309000.0,0.08,3612840.0,311558.38
SL-7048,2023-12-18,Maruti Suzuki,Ertiga,MPV,Diesel,Central,Indore,Sneha Reddy,3,1599000.0,0.02,4701060.0,936672.99
SL-9260,2023-12-19,Toyota,Fortuner,SUV,Petrol,East,Bhubaneswar,Kavita Joshi,3,2513000.0,0.0,7539000.0,1624193.72
SL-6907,2023-12-19,Toyota,Corolla,Sedan,Diesel,West,Mumbai,Priya Singh,1,1398000.0,0.02,1370040.0,141845.2
SL-6674,2023-12-19,Maruti Suzuki,Baleno,Hatchback,Diesel,South,Hyderabad,Rohit Verma,3,854000.0,0.0,2562000.0,496073.32
SL-5729,2023-12-19,Honda,City,Sedan,Petrol,Central,Nagpur,Rohit Verma,1,932000.0,0.0,932000.0,184772.57
SL-6661,2023-12-19,Honda,CR-V,SUV,Petrol,North,Delhi,Arjun Nair,3,2578000.0,0.1,6960600.0,868864.09
SL-8407,2023-12-19,Mahindra,Thar,SUV,Diesel,Central,Nagpur,Arjun Nair,1,1581000.0,0.0,1581000.0,186116.17
SL-8525,2023-12-19,Mahindra,Scorpio,SUV,Diesel,South,Chennai,Sneha Reddy,1,1175000.0,0.05,1116250.0,109515.45
SL-6412,2023-12-20,Maruti Suzuki,Brezza,SUV,Petrol,South,Chennai,Amit Patel,3,1685000.0,0.0,5055000.0,820025.93
SL-7835,2023-12-20,Honda,Amaze,Sedan,Diesel,East,Patna,Arjun Nair,3,1796000.0,0.02,5280240.0,895545.05
SL-7480,2023-12-20,Toyota,Camry,Sedan,Petrol,South,Bengaluru,Kavita Joshi,1,1414000.0,0.08,1300880.0,188751.5
SL-5882,2023-12-20,Maruti Suzuki,Swift,Hatchback,CNG,South,Hyderabad,Kavita Joshi,1,655000.0,0.05,622250.0,38550.04
SL-6309,2023-12-20,Honda,Amaze,Sedan,Diesel,East,Bhubaneswar,Rohit Verma,3,1349000.0,0.0,4047000.0,814816.98
SL-7676,2023-12-20,Hyundai,Verna,Sedan,Diesel,North,Chandigarh,Arjun Nair,3,1092000.0,0.0,3276000.0,567491.0
SL-8096,2023-12-20,Hyundai,Venue,SUV,Petrol,East,Patna,Kavita Joshi,1,1989000.0,0.05,1889550.0,133398.96
SL-7584,2023-12-20,Kia,Carens,MPV,CNG,Central,Indore,Vikram Iyer,3,1633000.0,0.08,4507080.0,222900.24
SL-5294,2023-12-21,Hyundai,Venue,SUV,Petrol,Central,Bhopal,Anjali Desai,1,2319000.0,0.0,2319000.0,446488.54
SL-7828,2023-12-21,Mahindra,Thar,SUV,Diesel,West,Mumbai,Rahul Sharma,2,1105000.0,0.08,2033200.0,197365.05
SL-6935,2023-12-21,Toyota,Corolla,Sedan,Petrol,Central,Bhopal,Neha Gupta,3,1294000.0,0.0,3882000.0,653524.76
SL-7323,2023-12-21,Ford,Endeavour,SUV,Petrol,Central,Bhopal,Arjun Nair,3,2293000.0,0.0,6879000.0,1390413.5
SL-8444,2023-12-21,Ford,Figo,Hatchback,Diesel,West,Mumbai,Kavita Joshi,2,809000.0,0.0,1618000.0,296966.56
SL-8879,2023-12-22,Kia,Carens,MPV,Petrol,North,Lucknow,Anjali Desai,2,1778000.0,0.05,3378200.0,550981.49
SL-6288,2023-12-22,Tata,Altroz,Hatchback,Diesel,East,Patna,Amit Patel,2,887000.0,0.02,1738520.0,170159.49
SL-9479,2023-12-22,Kia,Seltos,SUV,Diesel,South,Chennai,Rohit Verma,3,1431000.0,0.05,4078350.0,585788.85
SL-8946,2023-12-22,Tata,Nexon,SUV,Diesel,Central,Nagpur,Rohit Verma,3,1292000.0,0.0,3876000.0,705740.98
SL-8970,2023-12-22,Hyundai,Verna,Sedan,Diesel,West,Ahmedabad,Anjali Desai,2,1218000.0,0.0,2436000.0,493040.14
SL-9013,2023-12-22,Kia,Seltos,SUV,Diesel,Central,Bhopal,Rohit Verma,2,2593000.0,0.05,4926700.0,727535.71
SL-8340,2023-12-22,Ford,EcoSport,SUV,Petrol,West,Mumbai,Vikram Iyer,2,2494000.0,0.1,4489200.0,505655.64
SL-7788,2023-12-22,Hyundai,i20,Hatchback,Diesel,South,Chennai,Sneha Reddy,2,692000.0,0.05,1314800.0,130953.34
SL-6844,2023-12-23,Hyundai,i20,Hatchback,Petrol,Central,Bhopal,Rahul Sharma,3,850000.0,0.0,2550000.0,327847.04
SL-8341,2023-12-23,Honda,Amaze,Sedan,Diesel,West,Pune,Neha Gupta,3,1775000.0,0.02,5218500.0,970825.34
SL-5911,2023-12-23,Hyundai,Creta,SUV,Petrol,North,Delhi,Neha Gupta,1,2224000.0,0.0,2224000.0,236052.02
SL-7733,2023-12-23,Kia,Seltos,SUV,CNG,South,Chennai,Priya Singh,3,2640000.0,0.05,7524000.0,1327369.89
SL-5916,2023-12-23,Mahindra,Bolero,SUV,Petrol,West,Ahmedabad,Anjali Desai,2,2287000.0,0.02,4482520.0,591540.61
SL-7113,2023-12-23,Ford,Figo,Hatchback,Petrol,Central,Nagpur,Amit Patel,2,691000.0,0.02,1354360.0,214747.14
SL-6780,2023-12-23,Kia,Sonet,SUV,Petrol,West,Ahmedabad,Neha Gupta,2,1531000.0,0.02,3000760.0,336055.93
SL-8768,2023-12-23,Toyota,Camry,Sedan,Diesel,North,Chandigarh,Arjun Nair,1,1718000.0,0.08,1580560.0,150854.8
SL-8862,2023-12-23,Mahindra,XUV700,SUV,Diesel,West,Pune,Anjali Desai,1,1306000.0,0.0,1306000.0,254283.42
SL-7588,2023-12-23,Toyota,Corolla,Sedan,Diesel,Central,Indore,Sneha Reddy,2,954000.0,0.0,1908000.0,375844.37
SL-8852,2023-12-23,Ford,Figo,Hatchback,Diesel,Central,Indore,Arjun Nair,3,738000.0,0.1,1992600.0,123681.63
SL-6058,2023-12-23,Kia,Carens,MPV,Petrol,Central,Indore,Arjun Nair,2,1871000.0,0.0,3742000.0,535198.42
SL-5030,2023-12-23,Mahindra,Scorpio,SUV,CNG,South,Chennai,Vikram Iyer,1,2680000.0,0.05,2546000.0,257542.27
SL-5096,2023-12-23,Honda,Amaze,Sedan,Petrol,North,Lucknow,Rohit Verma,3,932000.0,0.0,2796000.0,478075.78
SL-5781,2023-12-24,Kia,Seltos,SUV,Petrol,South,Hyderabad,Rahul Sharma,3,2537000.0,0.02,7458780.0,1126757.05
SL-7386,2023-12-24,Kia,Sonet,SUV,Petrol,Central,Indore,Rahul Sharma,2,2454000.0,0.05,4662600.0,304128.96
SL-5453,2023-12-24,Hyundai,Venue,SUV,Petrol,East,Kolkata,Kavita Joshi,1,2379000.0,0.05,2260050.0,366051.95
SL-8624,2023-12-24,Tata,Altroz,Hatchback,Petrol,Central,Indore,Rahul Sharma,2,774000.0,0.05,1470600.0,257930.03
SL-7102,2023-12-25,Tata,Punch,SUV,CNG,Central,Indore,Rohit Verma,2,2722000.0,0.02,5335120.0,995852.03
SL-7978,2023-12-25,Mahindra,Thar,SUV,Petrol,South,Bengaluru,Rohit Verma,1,2028000.0,0.05,1926600.0,263724.57
SL-5896,2023-12-25,Tata,Altroz,Hatchback,Diesel,West,Pune,Vikram Iyer,1,852000.0,0.0,852000.0,96502.96
SL-8300,2023-12-25,Mahindra,Scorpio,SUV,Petrol,Central,Nagpur,Sneha Reddy,3,1128000.0,0.0,3384000.0,634971.8
SL-7440,2023-12-25,Honda,City,Sedan,Diesel,East,Kolkata,Neha Gupta,1,1416000.0,0.0,1416000.0,192325.36
SL-8148,2023-12-25,Kia,Seltos,SUV,Petrol,North,Lucknow,Sneha Reddy,3,1207000.0,0.0,3621000.0,573669.44
SL-8585,2023-12-26,Toyota,Innova,MPV,CNG,North,Lucknow,Sneha Reddy,2,1666000.0,0.0,3332000.0,396078.0
SL-5073,2023-12-26,Toyota,Fortuner,SUV,Petrol,North,Delhi,Arjun Nair,1,1843000.0,0.02,1806140.0,243679.73
SL-6883,2023-12-26,Tata,Harrier,SUV,Diesel,North,Chandigarh,Priya Singh,3,1985000.0,0.02,5835900.0,644374.42
SL-7528,2023-12-26,Mahindra,Bolero,SUV,Diesel,West,Ahmedabad,Arjun Nair,2,1444000.0,0.05,2743600.0,238381.17
SL-6096,2023-12-26,Toyota,Corolla,Sedan,Petrol,West,Ahmedabad,Vikram Iyer,1,1586000.0,0.0,1586000.0,318166.67
SL-5975,2023-12-26,Maruti Suzuki,Baleno,Hatchback,Diesel,West,Ahmedabad,Sneha Reddy,1,635000.0,0.0,635000.0,139366.7
SL-9189,2023-12-26,Toyota,Corolla,Sedan,Petrol,North,Chandigarh,Arjun Nair,1,1151000.0,0.0,1151000.0,209037.26
SL-5970,2023-12-26,Kia,Sonet,SUV,Petrol,South,Hyderabad,Sneha Reddy,1,2058000.0,0.05,1955100.0,339404.96
SL-7268,2023-12-27,Ford,EcoSport,SUV,Electric,West,Ahmedabad,Vikram Iyer,1,1348000.0,0.02,1321040.0,173199.56
SL-9313,2023-12-27,Maruti Suzuki,Baleno,Hatchback,Diesel,West,Mumbai,Kavita Joshi,1,877000.0,0.08,806840.0,61508.65
SL-5261,2023-12-27,Toyota,Innova,MPV,Petrol,South,Chennai,Anjali Desai,2,1651000.0,0.02,3235960.0,579392.47
SL-9135,2023-12-27,Ford,Endeavour,SUV,Diesel,South,Bengaluru,Vikram Iyer,2,1772000.0,0.02,3473120.0,676128.82
SL-8906,2023-12-27,Hyundai,Verna,Sedan,Diesel,North,Delhi,Priya Singh,2,948000.0,0.02,1858080.0,289574.89
SL-7185,2023-12-27,Hyundai,Creta,SUV,CNG,West,Mumbai,Sneha Reddy,2,1421000.0,0.05,2699900.0,410165.51
SL-5349,2023-12-27,Tata,Harrier,SUV,Petrol,Central,Nagpur,Neha Gupta,1,2794000.0,0.08,2570480.0,279856.59
SL-6031,2023-12-28,Honda,CR-V,SUV,Petrol,Central,Indore,Amit Patel,1,1405000.0,0.02,1376900.0,268745.76
SL-6841,2023-12-28,Maruti Suzuki,Swift,Hatchback,Diesel,Central,Indore,Anjali Desai,1,728000.0,0.02,713440.0,101329.64
SL-6869,2023-12-28,Tata,Altroz,Hatchback,Petrol,North,Lucknow,Sneha Reddy,2,851000.0,0.02,1667960.0,213275.27
SL-7975,2023-12-28,Honda,Amaze,Sedan,Diesel,East,Bhubaneswar,Rahul Sharma,1,1740000.0,0.02,1705200.0,160598.2
SL-8494,2023-12-28,Kia,Carens,MPV,Petrol,East,Bhubaneswar,Vikram Iyer,3,1821000.0,0.02,5353740.0,549376.74
SL-6664,2023-12-28,Kia,Seltos,SUV,Petrol,West,Pune,Rohit Verma,1,1900000.0,0.05,1805000.0,261094.22
SL-7543,2023-12-28,Ford,Figo,Hatchback,CNG,Central,Nagpur,Amit Patel,3,847000.0,0.05,2413950.0,241064.57
SL-7300,2023-12-28,Toyota,Fortuner,SUV,Petrol,North,Chandigarh,Arjun Nair,2,1630000.0,0.1,2934000.0,320711.11
SL-8095,2023-12-28,Mahindra,Thar,SUV,CNG,West,Mumbai,Vikram Iyer,1,1762000.0,0.0,1762000.0,282269.73
SL-8085,2023-12-28,Maruti Suzuki,Brezza,SUV,Electric,West,Ahmedabad,Rahul Sharma,3,1011000.0,0.05,2881350.0,152026.0
SL-7288,2023-12-28,Maruti Suzuki,Brezza,SUV,Diesel,North,Delhi,Anjali Desai,2,2022000.0,0.05,3841800.0,493607.61
SL-8889,2023-12-28,Kia,Seltos,SUV,Diesel,North,Chandigarh,Neha Gupta,2,2255000.0,0.02,4419800.0,476830.64
SL-8392,2023-12-29,Hyundai,Verna,Sedan,Petrol,North,Delhi,Neha Gupta,1,1738000.0,0.0,1738000.0,323381.91
SL-8530,2023-12-29,Hyundai,Venue,SUV,Diesel,North,Chandigarh,Arjun Nair,3,2317000.0,0.0,6951000.0,1390276.22
SL-5208,2023-12-29,Kia,Carens,MPV,Petrol,South,Hyderabad,Priya Singh,1,1744000.0,0.1,1569600.0,143573.05
SL-6183,2023-12-29,Honda,City,Sedan,Diesel,North,Lucknow,Rahul Sharma,3,912000.0,0.0,2736000.0,369100.46
SL-5116,2023-12-30,Tata,Punch,SUV,Diesel,West,Pune,Rahul Sharma,3,1712000.0,0.08,4725120.0,459124.96
SL-6992,2023-12-30,Toyota,Innova,MPV,Petrol,North,Chandigarh,Priya Singh,2,1254000.0,0.08,2307360.0,178960.72
SL-7375,2023-12-30,Maruti Suzuki,Baleno,Hatchback,Petrol,North,Chandigarh,Rohit Verma,1,799000.0,0.0,799000.0,148653.39
SL-8008,2023-12-30,Kia,Seltos,SUV,CNG,South,Bengaluru,Vikram Iyer,3,1060000.0,0.05,3021000.0,493159.75
SL-8353,2023-12-30,Ford,Endeavour,SUV,Diesel,Central,Nagpur,Amit Patel,2,1300000.0,0.0,2600000.0,537378.49
SL-8234,2023-12-30,Honda,Civic,Sedan,Petrol,North,Chandigarh,Neha Gupta,1,908000.0,0.0,908000.0,197195.77
SL-8015,2023-12-30,Mahindra,XUV700,SUV,Diesel,Central,Bhopal,Rahul Sharma,3,2491000.0,0.05,7099350.0,1211603.61
SL-9380,2023-12-30,Hyundai,Venue,SUV,Petrol,East,Bhubaneswar,Rohit Verma,1,1201000.0,0.0,1201000.0,194131.55
SL-6397,2023-12-31,Tata,Punch,SUV,Diesel,West,Ahmedabad,Vikram Iyer,3,2447000.0,0.0,7341000.0,1599785.39
SL-9041,2023-12-31,Ford,Figo,Hatchback,CNG,North,Lucknow,Rahul Sharma,2,621000.0,0.02,1217160.0,223620.58
SL-8580,2023-12-31,Toyota,Camry,Sedan,Petrol,South,Bengaluru,Sneha Reddy,2,1282000.0,0.08,2358880.0,270441.59
SL-8596,2023-12-31,Ford,Endeavour,SUV,CNG,East,Patna,Kavita Joshi,1,2091000.0,0.0,2091000.0,344731.13
SL-9202,2023-12-31,Maruti Suzuki,Ertiga,MPV,Electric,South,Hyderabad,Priya Singh,2,1615000.0,0.08,2971600.0,314148.3
SL-7682,2023-12-31,Tata,Punch,SUV,CNG,South,Hyderabad,Kavita Joshi,3,1249000.0,0.05,3559650.0,303752.49
SL-6381,2023-12-31,Hyundai,Verna,Sedan,Diesel,West,Ahmedabad,Arjun Nair,3,1388000.0,0.02,4080720.0,408677.32
SL-5461,2023-12-31,Maruti Suzuki,Brezza,SUV,Diesel,North,Delhi,Rahul Sharma,2,1334000.0,0.02,2614640.0,224015.36
SL-7850,2024-01-01,Honda,CR-V,SUV,Diesel,West,Ahmedabad,Kavita Joshi,1,1175000.0,0.0,1175000.0,205680.64
SL-9245,2024-01-02,Kia,Carens,MPV,Diesel,Central,Nagpur,Neha Gupta,2,1534000.0,0.0,3068000.0,637931.51
SL-9021,2024-01-02,Hyundai,Creta,SUV,Petrol,Central,Nagpur,Anjali Desai,1,1989000.0,0.02,1949220.0,170881.12
SL-5535,2024-01-02,Honda,Civic,Sedan,CNG,West,Ahmedabad,Kavita Joshi,2,1728000.0,0.02,3386880.0,519026.64
SL-7230,2024-01-02,Kia,Seltos,SUV,Petrol,East,Bhubaneswar,Sneha Reddy,2,1026000.0,0.0,2052000.0,358227.91
SL-9347,2024-01-02,Mahindra,Thar,SUV,Petrol,West,Ahmedabad,Vikram Iyer,1,1068000.0,0.1,961200.0,115759.48
SL-6018,2024-01-02,Kia,Seltos,SUV,Petrol,South,Hyderabad,Priya Singh,1,2426000.0,0.05,2304700.0,206465.76
SL-6542,2024-01-02,Mahindra,Bolero,SUV,Diesel,West,Mumbai,Rahul Sharma,1,1471000.0,0.0,1471000.0,317289.57
SL-5394,2024-01-02,Tata,Punch,SUV,Petrol,North,Lucknow,Rohit Verma,2,2184000.0,0.0,4368000.0,928236.0
SL-6139,2024-01-02,Honda,Civic,Sedan,Petrol,West,Ahmedabad,Arjun Nair,2,1068000.0,0.05,2029200.0,214150.57
SL-7607,2024-01-02,Honda,City,Sedan,Petrol,East,Patna,Amit Patel,2,1456000.0,0.0,2912000.0,373481.93
SL-5379,2024-01-02,Honda,Civic,Sedan,Petrol,South,Hyderabad,Priya Singh,3,1293000.0,0.1,3491100.0,353452.69
SL-6560,2024-01-02,Maruti Suzuki,Baleno,Hatchback,Petrol,West,Pune,Anjali Desai,2,713000.0,0.0,1426000.0,244985.99
SL-5700,2024-01-02,Toyota,Fortuner,SUV,Petrol,East,Bhubaneswar,Sneha Reddy,2,1326000.0,0.02,2598960.0,281125.76
SL-5363,2024-01-02,Toyota,Camry,Sedan,Petrol,North,Chandigarh,Amit Patel,2,955000.0,0.0,1910000.0,328358.6
SL-7598,2024-01-03,Mahindra,Bolero,SUV,Petrol,East,Kolkata,Rahul Sharma,3,1139000.0,0.0,3417000.0,687251.12
SL-6767,2024-01-03,Ford,Figo,Hatchback,Diesel,Central,Bhopal,Neha Gupta,1,872000.0,0.0,872000.0,164952.91
SL-8915,2024-01-03,Honda,Civic,Sedan,Diesel,South,Hyderabad,Anjali Desai,2,1287000.0,0.0,2574000.0,401342.35
SL-6705,2024-01-03,Tata,Altroz,Hatchback,Petrol,North,Lucknow,Kavita Joshi,3,710000.0,0.0,2130000.0,340359.18
SL-5268,2024-01-04,Ford,Figo,Hatchback,Petrol,West,Ahmedabad,Rahul Sharma,3,681000.0,0.0,2043000.0,303076.0
SL-8903,2024-01-04,Honda,City,Sedan,Petrol,Central,Indore,Amit Patel,2,1477000.0,0.0,2954000.0,378548.95
SL-7055,2024-01-04,Hyundai,Creta,SUV,Diesel,East,Bhubaneswar,Neha Gupta,1,1335000.0,0.02,1308300.0,196876.62
SL-8472,2024-01-04,Tata,Harrier,SUV,CNG,Central,Nagpur,Sneha Reddy,1,2457000.0,0.02,2407860.0,251407.92
SL-9215,2024-01-04,Kia,Carens,MPV,CNG,South,Hyderabad,Amit Patel,3,962000.0,0.1,2597400.0,1906.98
SL-7562,2024-01-04,Toyota,Camry,Sedan,Petrol,Central,Indore,Anjali Desai,2,1617000.0,0.0,3234000.0,568601.84
SL-6986,2024-01-04,Honda,Civic,Sedan,Diesel,Central,Nagpur,Vikram Iyer,2,1743000.0,0.05,3311700.0,570052.69
SL-9015,2024-01-04,Ford,Endeavour,SUV,Diesel,South,Bengaluru,Anjali Desai,3,2667000.0,0.02,7840980.0,1311936.3
SL-7966,2024-01-04,Honda,Amaze,Sedan,Petrol,South,Bengaluru,Anjali Desai,3,1079000.0,0.0,3237000.0,595375.75
SL-5543,2024-01-04,Toyota,Fortuner,SUV,Petrol,East,Bhubaneswar,Rohit Verma,2,1481000.0,0.05,2813900.0,443741.99
SL-7272,2024-01-05,Toyota,Fortuner,SUV,CNG,Central,Nagpur,Rohit Verma,1,1868000.0,0.05,1774600.0,232044.08
SL-9446,2024-01-05,Maruti Suzuki,Swift,Hatchback,Petrol,West,Pune,Vikram Iyer,2,632000.0,0.05,1200800.0,74051.31
SL-9144,2024-01-05,Maruti Suzuki,Baleno,Hatchback,Diesel,West,Mumbai,Priya Singh,1,723000.0,0.02,708540.0,129211.07
SL-7008,2024-01-05,Honda,City,Sedan,CNG,North,Chandigarh,Kavita Joshi,3,1532000.0,0.1,4136400.0,292375.8
SL-5117,2024-01-06,Honda,Civic,Sedan,Diesel,Central,Indore,Priya Singh,3,1018000.0,0.02,2992920.0,474158.43
SL-6418,2024-01-06,Kia,Carens,MPV,Diesel,South,Hyderabad,Sneha Reddy,3,1578000.0,0.0,4734000.0,693084.27
SL-7211,2024-01-06,Tata,Harrier,SUV,Diesel,Central,Bhopal,Rohit Verma,3,1183000.0,0.0,3549000.0,430496.95
SL-6822,2024-01-06,Toyota,Camry,Sedan,Petrol,Central,Indore,Neha Gupta,1,1047000.0,0.02,1026060.0,144696.92
SL-5945,2024-01-06,Mahindra,XUV700,SUV,Diesel,East,Patna,Neha Gupta,3,1911000.0,0.08,5274360.0,361300.29
SL-5531,2024-01-06,Kia,Sonet,SUV,Diesel,East,Bhubaneswar,Kavita Joshi,2,2687000.0,0.0,5374000.0,588585.33
SL-8786,2024-01-07,Honda,CR-V,SUV,Diesel,South,Bengaluru,Vikram Iyer,2,2509000.0,0.08,4616560.0,512023.82
SL-8221,2024-01-07,Ford,Endeavour,SUV,Petrol,South,Bengaluru,Rohit Verma,2,2677000.0,0.0,5354000.0,767225.53
SL-8259,2024-01-07,Ford,Endeavour,SUV,Diesel,West,Ahmedabad,Vikram Iyer,3,2497000.0,0.02,7341180.0,733416.2
SL-8566,2024-01-07,Honda,City,Sedan,Petrol,West,Pune,Arjun Nair,1,1788000.0,0.02,1752240.0,306150.41
SL-8647,2024-01-07,Honda,Amaze,Sedan,Petrol,East,Bhubaneswar,Rahul Sharma,1,1164000.0,0.0,1164000.0,242734.19
SL-7763,2024-01-07,Kia,Sonet,SUV,Diesel,East,Bhubaneswar,Arjun Nair,2,2379000.0,0.02,4662840.0,664749.5
SL-5730,2024-01-07,Ford,EcoSport,SUV,Electric,Central,Bhopal,Rahul Sharma,3,1306000.0,0.0,3918000.0,730016.38
SL-8651,2024-01-07,Ford,Endeavour,SUV,Diesel,North,Lucknow,Sneha Reddy,1,2195000.0,0.0,2195000.0,454213.89
SL-7740,2024-01-07,Toyota,Camry,Sedan,CNG,West,Ahmedabad,Vikram Iyer,2,1299000.0,0.02,2546040.0,505174.8
SL-8871,2024-01-08,Maruti Suzuki,Swift,Hatchback,Petrol,East,Patna,Priya Singh,3,609000.0,0.0,1827000.0,195280.67
SL-6591,2024-01-08,Maruti Suzuki,Brezza,SUV,Petrol,West,Ahmedabad,Kavita Joshi,1,1421000.0,0.0,1421000.0,196976.87
SL-6680,2024-01-08,Hyundai,Creta,SUV,Diesel,North,Lucknow,Kavita Joshi,3,2330000.0,0.0,6990000.0,1478341.24
SL-8125,2024-01-08,Toyota,Fortuner,SUV,Petrol,West,Pune,Vikram Iyer,1,1045000.0,0.02,1024100.0,156999.26
SL-5953,2024-01-08,Kia,Carens,MPV,Diesel,South,Hyderabad,Arjun Nair,3,1266000.0,0.02,3722040.0,322990.1
SL-5847,2024-01-08,Toyota,Corolla,Sedan,Petrol,East,Kolkata,Priya Singh,3,1375000.0,0.02,4042500.0,786129.04
SL-7511,2024-01-08,Honda,City,Sedan,Diesel,East,Bhubaneswar,Anjali Desai,2,1140000.0,0.02,2234400.0,385525.47
SL-7907,2024-01-08,Ford,Figo,Hatchback,Petrol,West,Ahmedabad,Anjali Desai,1,803000.0,0.02,786940.0,85755.57
SL-5087,2024-01-09,Kia,Sonet,SUV,Diesel,North,Chandigarh,Rohit Verma,3,2206000.0,0.1,5956200.0,352760.65
SL-9181,2024-01-09,Ford,Endeavour,SUV,Petrol,North,Lucknow,Sneha Reddy,2,1993000.0,0.05,3786700.0,213794.0
SL-7658,2024-01-09,Hyundai,Creta,SUV,Diesel,West,Pune,Sneha Reddy,1,1634000.0,0.08,1503280.0,207208.86
SL-8158,2024-01-09,Maruti Suzuki,Baleno,Hatchback,Petrol,South,Hyderabad,Anjali Desai,1,661000.0,0.0,661000.0,78747.98
SL-8156,2024-01-09,Tata,Punch,SUV,Petrol,South,Bengaluru,Amit Patel,3,1494000.0,0.0,4482000.0,968123.44
SL-6798,2024-01-09,Maruti Suzuki,Ertiga,MPV,Petrol,East,Kolkata,Amit Patel,3,1047000.0,0.02,3078180.0,360162.01
SL-8511,2024-01-09,Kia,Seltos,SUV,Petrol,South,Bengaluru,Neha Gupta,3,2585000.0,0.0,7755000.0,1396756.9
SL-8294,2024-01-09,Kia,Sonet,SUV,Petrol,East,Kolkata,Neha Gupta,1,2675000.0,0.08,2461000.0,242626.32
SL-5994,2024-01-09,Tata,Punch,SUV,Petrol,East,Kolkata,Anjali Desai,3,2358000.0,0.05,6720300.0,891611.04
SL-9138,2024-01-10,Ford,Figo,Hatchback,Diesel,East,Patna,Priya Singh,1,657000.0,0.0,657000.0,99575.9
SL-8211,2024-01-10,Honda,CR-V,SUV,Diesel,North,Delhi,Rahul Sharma,1,2630000.0,0.0,2630000.0,399305.54
SL-5258,2024-01-10,Hyundai,Creta,SUV,Petrol,East,Patna,Priya Singh,1,1036000.0,0.0,1036000.0,150680.92
SL-6997,2024-01-10,Tata,Altroz,Hatchback,Diesel,East,Patna,Priya Singh,1,799000.0,0.0,799000.0,173863.1
SL-6492,2024-01-10,Tata,Punch,SUV,Petrol,North,Chandigarh,Priya Singh,3,1857000.0,0.0,5571000.0,835792.62
SL-7955,2024-01-11,Kia,Sonet,SUV,Petrol,West,Ahmedabad,Priya Singh,3,2241000.0,0.05,6386850.0,624593.78
SL-8318,2024-01-11,Hyundai,Venue,SUV,Petrol,North,Lucknow,Sneha Reddy,2,1879000.0,0.02,3682840.0,366066.2
SL-8881,2024-01-11,Honda,Civic,Sedan,Diesel,South,Chennai,Rohit Verma,3,1371000.0,0.02,4030740.0,473682.2
SL-8910,2024-01-11,Tata,Punch,SUV,CNG,North,Delhi,Rohit Verma,2,1010000.0,0.0,2020000.0,277796.81
SL-9407,2024-01-11,Ford,Figo,Hatchback,Diesel,South,Hyderabad,Sneha Reddy,3,697000.0,0.05,1986450.0,130725.03
SL-5764,2024-01-11,Tata,Harrier,SUV,Petrol,West,Mumbai,Sneha Reddy,3,2765000.0,0.02,8129100.0,1158470.02
SL-7430,2024-01-11,Mahindra,Bolero,SUV,Diesel,North,Lucknow,Rahul Sharma,2,2017000.0,0.02,3953320.0,470466.49
SL-9362,2024-01-12,Ford,Figo,Hatchback,Diesel,West,Mumbai,Vikram Iyer,2,881000.0,0.0,1762000.0,264485.25
SL-6819,2024-01-12,Maruti Suzuki,Ertiga,MPV,Diesel,South,Chennai,Kavita Joshi,3,1598000.0,0.1,4314600.0,312671.95
SL-7181,2024-01-12,Toyota,Camry,Sedan,CNG,Central,Indore,Anjali Desai,2,924000.0,0.0,1848000.0,358320.29
SL-6323,2024-01-12,Honda,Civic,Sedan,Diesel,South,Chennai,Amit Patel,2,983000.0,0.0,1966000.0,287417.13
SL-6670,2024-01-12,Toyota,Corolla,Sedan,Petrol,Central,Bhopal,Amit Patel,3,988000.0,0.0,2964000.0,625518.02
SL-6797,2024-01-12,Ford,EcoSport,SUV,Petrol,West,Ahmedabad,Sneha Reddy,2,2622000.0,0.05,4981800.0,587616.34
SL-8748,2024-01-12,Hyundai,Venue,SUV,Diesel,Central,Bhopal,Rohit Verma,2,1914000.0,0.05,3636600.0,282906.9
SL-7585,2024-01-12,Kia,Carens,MPV,Petrol,West,Pune,Sneha Reddy,2,1704000.0,0.0,3408000.0,555816.52
SL-9343,2024-01-12,Hyundai,Creta,SUV,Petrol,East,Kolkata,Kavita Joshi,3,2499000.0,0.05,7122150.0,486224.93
SL-8963,2024-01-13,Honda,Amaze,Sedan,Diesel,East,Kolkata,Rohit Verma,2,1155000.0,0.02,2263800.0,436827.36
SL-9112,2024-01-13,Ford,EcoSport,SUV,Diesel,Central,Nagpur,Neha Gupta,3,2480000.0,0.0,7440000.0,979402.58
SL-6069,2024-01-13,Maruti Suzuki,Ertiga,MPV,Petrol,Central,Bhopal,Rohit Verma,2,1243000.0,0.05,2361700.0,283031.41
SL-5591,2024-01-13,Maruti Suzuki,Swift,Hatchback,Petrol,North,Delhi,Rohit Verma,1,761000.0,0.05,722950.0,85275.7
SL-7619,2024-01-13,Mahindra,Bolero,SUV,CNG,South,Bengaluru,Priya Singh,2,2641000.0,0.1,4753800.0,516578.14
SL-9490,2024-01-13,Toyota,Camry,Sedan,Petrol,East,Kolkata,Rahul Sharma,1,985000.0,0.08,906200.0,125978.32
SL-5134,2024-01-13,Toyota,Corolla,Sedan,Petrol,South,Bengaluru,Anjali Desai,1,1559000.0,0.0,1559000.0,226268.4
SL-6320,2024-01-14,Toyota,Fortuner,SUV,Petrol,Central,Nagpur,Kavita Joshi,2,1575000.0,0.08,2898000.0,279407.32
SL-6308,2024-01-14,Toyota,Fortuner,SUV,Electric,Central,Bhopal,Anjali Desai,1,1588000.0,0.05,1508600.0,147773.0
SL-8958,2024-01-14,Mahindra,Thar,SUV,Petrol,South,Hyderabad,Rahul Sharma,2,1030000.0,0.02,2018800.0,261423.43
SL-6057,2024-01-14,Tata,Altroz,Hatchback,Petrol,West,Pune,Sneha Reddy,3,727000.0,0.0,2181000.0,397671.49
SL-6567,2024-01-14,Honda,Amaze,Sedan,Petrol,South,Chennai,Anjali Desai,1,1175000.0,0.0,1175000.0,191957.16
SL-5180,2024-01-14,Honda,Amaze,Sedan,Petrol,East,Kolkata,Amit Patel,1,985000.0,0.02,965300.0,102686.55
SL-8447,2024-01-14,Mahindra,XUV700,SUV,Petrol,South,Hyderabad,Kavita Joshi,3,2313000.0,0.1,6245100.0,406036.27
SL-9060,2024-01-14,Tata,Punch,SUV,Petrol,North,Delhi,Vikram Iyer,3,1233000.0,0.05,3514050.0,585841.92
SL-6200,2024-01-14,Tata,Harrier,SUV,Diesel,West,Pune,Rohit Verma,3,1072000.0,0.0,3216000.0,382297.84
SL-7544,2024-01-15,Kia,Carens,MPV,Petrol,North,Lucknow,Arjun Nair,1,1335000.0,0.0,1335000.0,269327.46
SL-8026,2024-01-15,Honda,City,Sedan,Diesel,West,Mumbai,Rohit Verma,1,1480000.0,0.0,1480000.0,282715.38
SL-8474,2024-01-15,Maruti Suzuki,Baleno,Hatchback,Diesel,East,Patna,Kavita Joshi,1,843000.0,0.02,826140.0,134787.87
SL-5093,2024-01-15,Tata,Altroz,Hatchback,Petrol,East,Bhubaneswar,Priya Singh,1,897000.0,0.05,852150.0,139536.74
SL-7165,2024-01-15,Honda,City,Sedan,Petrol,Central,Nagpur,Anjali Desai,2,1387000.0,0.02,2718520.0,262241.03
SL-8595,2024-01-16,Kia,Carens,MPV,Petrol,West,Ahmedabad,Kavita Joshi,2,1381000.0,0.02,2706760.0,370276.31
SL-7702,2024-01-16,Toyota,Fortuner,SUV,Diesel,Central,Nagpur,Amit Patel,3,1739000.0,0.08,4799640.0,191598.52
SL-9432,2024-01-16,Kia,Seltos,SUV,Petrol,Central,Indore,Neha Gupta,1,2565000.0,0.0,2565000.0,393517.66
SL-7861,2024-01-16,Hyundai,Verna,Sedan,Petrol,West,Mumbai,Priya Singh,2,1146000.0,0.0,2292000.0,450100.82
SL-9219,2024-01-16,Honda,Civic,Sedan,Petrol,East,Kolkata,Sneha Reddy,3,1134000.0,0.05,3231900.0,381036.03
SL-6306,2024-01-16,Maruti Suzuki,Baleno,Hatchback,Electric,North,Lucknow,Rohit Verma,1,602000.0,0.02,589960.0,89838.7
SL-5198,2024-01-17,Toyota,Corolla,Sedan,CNG,Central,Bhopal,Rohit Verma,3,1692000.0,0.0,5076000.0,842252.34
SL-5549,2024-01-17,Hyundai,Venue,SUV,Diesel,West,Pune,Rahul Sharma,2,2728000.0,0.02,5346880.0,895276.07
SL-5792,2024-01-17,Tata,Altroz,Hatchback,Diesel,East,Bhubaneswar,Vikram Iyer,2,839000.0,0.02,1644440.0,152202.33
SL-7696,2024-01-17,Honda,Civic,Sedan,CNG,North,Lucknow,Anjali Desai,3,1568000.0,0.0,4704000.0,732862.15
SL-6917,2024-01-18,Toyota,Corolla,Sedan,Petrol,Central,Bhopal,Anjali Desai,1,1018000.0,0.02,997640.0,86370.35
SL-5399,2024-01-18,Toyota,Fortuner,SUV,CNG,Central,Indore,Sneha Reddy,3,2270000.0,0.08,6265200.0,360626.33
SL-8185,2024-01-19,Maruti Suzuki,Swift,Hatchback,Diesel,Central,Bhopal,Anjali Desai,3,644000.0,0.05,1835400.0,126281.68
SL-5635,2024-01-19,Mahindra,Bolero,SUV,Petrol,Central,Nagpur,Vikram Iyer,2,2235000.0,0.02,4380600.0,813247.88
SL-6175,2024-01-19,Honda,Amaze,Sedan,Petrol,South,Bengaluru,Vikram Iyer,3,901000.0,0.02,2648940.0,527688.63
SL-5314,2024-01-19,Maruti Suzuki,Baleno,Hatchback,CNG,North,Delhi,Sneha Reddy,3,899000.0,0.02,2643060.0,289102.96
SL-5036,2024-01-19,Maruti Suzuki,Ertiga,MPV,Petrol,South,Hyderabad,Vikram Iyer,1,1849000.0,0.0,1849000.0,200225.45
SL-7135,2024-01-19,Maruti Suzuki,Baleno,Hatchback,Petrol,North,Lucknow,Priya Singh,2,629000.0,0.02,1232840.0,233624.68
SL-8462,2024-01-19,Kia,Seltos,SUV,Diesel,West,Mumbai,Arjun Nair,2,1794000.0,0.0,3588000.0,472229.03
SL-8176,2024-01-19,Honda,City,Sedan,CNG,South,Chennai,Neha Gupta,1,1592000.0,0.0,1592000.0,172734.6
SL-6241,2024-01-19,Tata,Harrier,SUV,Electric,Central,Nagpur,Vikram Iyer,1,1303000.0,0.0,1303000.0,212668.1
SL-9007,2024-01-19,Hyundai,Verna,Sedan,Diesel,West,Ahmedabad,Arjun Nair,1,1208000.0,0.05,1147600.0,98736.34
SL-7898,2024-01-20,Ford,Endeavour,SUV,Diesel,Central,Indore,Neha Gupta,3,2675000.0,0.02,7864500.0,760390.56
SL-7318,2024-01-20,Tata,Punch,SUV,Petrol,South,Chennai,Sneha Reddy,1,1339000.0,0.02,1312220.0,233086.66
SL-6615,2024-01-20,Kia,Seltos,SUV,Diesel,West,Ahmedabad,Sneha Reddy,1,2492000.0,0.02,2442160.0,404827.89
SL-6488,2024-01-20,Hyundai,Creta,SUV,Diesel,North,Lucknow,Rohit Verma,1,2237000.0,0.02,2192260.0,260209.87
SL-5046,2024-01-20,Ford,Figo,Hatchback,Electric,West,Mumbai,Vikram Iyer,2,899000.0,0.0,1798000.0,343543.54
SL-7457,2024-01-20,Mahindra,Bolero,SUV,Diesel,Central,Bhopal,Arjun Nair,3,2703000.0,0.0,8109000.0,1178531.0
SL-7498,2024-01-21,Tata,Nexon,SUV,Diesel,South,Chennai,Arjun Nair,3,2504000.0,0.0,7512000.0,1302960.04
SL-8250,2024-01-21,Toyota,Fortuner,SUV,Diesel,Central,Nagpur,Neha Gupta,2,1241000.0,0.1,2233800.0,43023.38
SL-7266,2024-01-21,Tata,Nexon,SUV,Petrol,West,Pune,Priya Singh,3,2109000.0,0.0,6327000.0,1051522.18
SL-6493,2024-01-21,Ford,Figo,Hatchback,Petrol,Central,Nagpur,Rahul Sharma,3,792000.0,0.02,2328480.0,279273.04
SL-5856,2024-01-21,Toyota,Fortuner,SUV,Petrol,South,Hyderabad,Anjali Desai,1,2335000.0,0.05,2218250.0,123005.63
SL-5310,2024-01-22,Kia,Carens,MPV,Petrol,West,Mumbai,Vikram Iyer,3,1780000.0,0.02,5233200.0,586325.91
SL-8198,2024-01-22,Mahindra,XUV700,SUV,Petrol,West,Pune,Priya Singh,1,1048000.0,0.08,964160.0,67141.55
SL-7903,2024-01-22,Tata,Altroz,Hatchback,Diesel,South,Hyderabad,Vikram Iyer,3,690000.0,0.05,1966500.0,197808.1
SL-6212,2024-01-22,Honda,Amaze,Sedan,CNG,East,Bhubaneswar,Vikram Iyer,3,1068000.0,0.05,3043800.0,517219.37
SL-8075,2024-01-22,Honda,Amaze,Sedan,Diesel,West,Pune,Rohit Verma,2,1414000.0,0.0,2828000.0,599430.56
SL-8032,2024-01-22,Kia,Sonet,SUV,Petrol,South,Chennai,Kavita Joshi,2,2531000.0,0.02,4960760.0,746924.43
SL-6501,2024-01-23,Kia,Sonet,SUV,CNG,North,Delhi,Rohit Verma,3,2659000.0,0.0,7977000.0,980376.04
SL-7560,2024-01-23,Ford,EcoSport,SUV,Petrol,North,Delhi,Neha Gupta,1,2447000.0,0.0,2447000.0,507690.76
SL-7339,2024-01-23,Tata,Altroz,Hatchback,Diesel,South,Chennai,Kavita Joshi,1,739000.0,0.08,679880.0,96123.14
SL-7527,2024-01-23,Honda,CR-V,SUV,Petrol,South,Chennai,Sneha Reddy,3,2027000.0,0.05,5776950.0,853384.95
SL-5708,2024-01-23,Tata,Harrier,SUV,Diesel,East,Kolkata,Priya Singh,1,1599000.0,0.05,1519050.0,264040.44
SL-7299,2024-01-24,Tata,Harrier,SUV,Diesel,East,Bhubaneswar,Arjun Nair,2,1048000.0,0.0,2096000.0,356055.03
SL-8863,2024-01-24,Maruti Suzuki,Brezza,SUV,Petrol,South,Bengaluru,Arjun Nair,1,2613000.0,0.1,2351700.0,291929.72
SL-7078,2024-01-24,Kia,Seltos,SUV,Diesel,East,Bhubaneswar,Arjun Nair,3,2231000.0,0.02,6559140.0,1289212.35
SL-7717,2024-01-24,Tata,Punch,SUV,Petrol,South,Bengaluru,Rahul Sharma,1,2348000.0,0.0,2348000.0,267445.29
SL-7400,2024-01-25,Honda,City,Sedan,Diesel,South,Bengaluru,Anjali Desai,2,1579000.0,0.02,3094840.0,552597.16
SL-6414,2024-01-25,Honda,CR-V,SUV,Petrol,East,Bhubaneswar,Sneha Reddy,3,2739000.0,0.0,8217000.0,1198907.65
SL-7724,2024-01-25,Hyundai,Venue,SUV,Petrol,East,Kolkata,Sneha Reddy,1,2575000.0,0.0,2575000.0,508707.04
SL-7320,2024-01-25,Kia,Carens,MPV,Diesel,West,Ahmedabad,Arjun Nair,1,1390000.0,0.0,1390000.0,294077.92
SL-8841,2024-01-25,Tata,Altroz,Hatchback,CNG,South,Chennai,Anjali Desai,2,811000.0,0.02,1589560.0,169388.8
SL-7703,2024-01-25,Ford,Endeavour,SUV,Diesel,Central,Bhopal,Priya Singh,1,2749000.0,0.05,2611550.0,386380.1
SL-5615,2024-01-25,Maruti Suzuki,Swift,Hatchback,Petrol,Central,Nagpur,Neha Gupta,3,789000.0,0.02,2319660.0,398863.34
SL-6281,2024-01-26,Kia,Carens,MPV,Diesel,West,Mumbai,Anjali Desai,2,1427000.0,0.0,2854000.0,310545.25
SL-7612,2024-01-26,Kia,Carens,MPV,Petrol,North,Chandigarh,Priya Singh,1,1451000.0,0.0,1451000.0,252277.65
SL-8630,2024-01-26,Maruti Suzuki,Brezza,SUV,Petrol,South,Chennai,Vikram Iyer,1,1574000.0,0.05,1495300.0,149835.63
SL-6546,2024-01-27,Honda,City,Sedan,Diesel,Central,Nagpur,Rohit Verma,1,1497000.0,0.0,1497000.0,283779.67
SL-9464,2024-01-27,Hyundai,i20,Hatchback,Diesel,North,Chandigarh,Kavita Joshi,3,696000.0,0.0,2088000.0,245381.02
SL-7136,2024-01-27,Honda,CR-V,SUV,Diesel,North,Chandigarh,Anjali Desai,2,2287000.0,0.08,4208080.0,605817.57
SL-8907,2024-01-27,Ford,Endeavour,SUV,Diesel,Central,Indore,Rohit Verma,1,1785000.0,0.05,1695750.0,144181.2
SL-7360,2024-01-27,Toyota,Innova,MPV,Diesel,Central,Nagpur,Sneha Reddy,1,1524000.0,0.05,1447800.0,183507.65
SL-6862,2024-01-27,Ford,Figo,Hatchback,CNG,West,Pune,Rohit Verma,1,614000.0,0.02,601720.0,84444.39
SL-9402,2024-01-28,Ford,EcoSport,SUV,Petrol,South,Chennai,Vikram Iyer,1,2798000.0,0.08,2574160.0,376136.84
SL-9059,2024-01-28,Maruti Suzuki,Swift,Hatchback,CNG,Central,Bhopal,Anjali Desai,3,887000.0,0.02,2607780.0,308293.93
SL-5463,2024-01-28,Hyundai,i20,Hatchback,Petrol,East,Patna,Priya Singh,2,704000.0,0.02,1379840.0,165394.51
SL-5188,2024-01-28,Hyundai,Venue,SUV,Diesel,Central,Indore,Priya Singh,2,1304000.0,0.02,2555840.0,251026.17
SL-7050,2024-01-28,Hyundai,i20,Hatchback,Electric,West,Pune,Neha Gupta,3,807000.0,0.0,2421000.0,248254.48
SL-8076,2024-01-28,Ford,Figo,Hatchback,Petrol,West,Ahmedabad,Rahul Sharma,3,729000.0,0.1,1968300.0,163776.8
SL-8997,2024-01-29,Honda,City,Sedan,CNG,South,Chennai,Neha Gupta,2,1226000.0,0.05,2329400.0,356698.95
SL-5552,2024-01-29,Kia,Seltos,SUV,Diesel,West,Mumbai,Neha Gupta,2,1227000.0,0.05,2331300.0,342852.74
SL-7379,2024-01-29,Toyota,Camry,Sedan,CNG,West,Ahmedabad,Amit Patel,3,1087000.0,0.02,3195780.0,611433.04
SL-7857,2024-01-29,Tata,Harrier,SUV,CNG,North,Lucknow,Vikram Iyer,3,1995000.0,0.08,5506200.0,563093.86
SL-8374,2024-01-29,Hyundai,i20,Hatchback,Petrol,South,Chennai,Priya Singh,1,711000.0,0.0,711000.0,78112.29
SL-6727,2024-01-29,Ford,Endeavour,SUV,Diesel,North,Delhi,Rohit Verma,1,2077000.0,0.05,1973150.0,189361.5
SL-8480,2024-01-29,Mahindra,Bolero,SUV,Petrol,South,Hyderabad,Arjun Nair,2,2458000.0,0.02,4817680.0,654009.29
SL-7293,2024-01-29,Mahindra,XUV700,SUV,Diesel,Central,Nagpur,Amit Patel,1,1841000.0,0.05,1748950.0,213360.77
SL-8698,2024-01-29,Hyundai,i20,Hatchback,Diesel,East,Bhubaneswar,Arjun Nair,2,704000.0,0.08,1295360.0,180068.01
SL-7673,2024-01-29,Maruti Suzuki,Ertiga,MPV,Petrol,South,Bengaluru,Sneha Reddy,2,1640000.0,0.02,3214400.0,647883.26
SL-7867,2024-01-29,Tata,Harrier,SUV,Petrol,South,Bengaluru,Kavita Joshi,2,2217000.0,0.1,3990600.0,61509.9
SL-8835,2024-01-29,Ford,EcoSport,SUV,Petrol,West,Pune,Arjun Nair,2,2534000.0,0.02,4966640.0,767131.6
SL-6774,2024-01-30,Ford,Figo,Hatchback,CNG,Central,Bhopal,Neha Gupta,3,764000.0,0.08,2108640.0,305868.23
SL-7237,2024-01-30,Toyota,Innova,MPV,Petrol,Central,Nagpur,Priya Singh,3,1654000.0,0.0,4962000.0,912102.69
SL-5836,2024-01-30,Maruti Suzuki,Baleno,Hatchback,Diesel,Central,Bhopal,Anjali Desai,1,821000.0,0.02,804580.0,151306.06
SL-8336,2024-01-30,Kia,Sonet,SUV,Petrol,North,Delhi,Sneha Reddy,1,2050000.0,0.02,2009000.0,367694.79
SL-9241,2024-01-30,Honda,City,Sedan,Diesel,East,Bhubaneswar,Vikram Iyer,1,1658000.0,0.08,1525360.0,146483.03
SL-8388,2024-01-30,Hyundai,Verna,Sedan,Petrol,West,Pune,Kavita Joshi,3,1700000.0,0.05,4845000.0,283462.35
SL-9429,2024-01-30,Mahindra,XUV700,SUV,Diesel,East,Kolkata,Priya Singh,1,2173000.0,0.02,2129540.0,192755.97
SL-7715,2024-01-30,Tata,Altroz,Hatchback,Diesel,West,Mumbai,Neha Gupta,1,886000.0,0.0,886000.0,151810.46
SL-6879,2024-01-31,Toyota,Innova,MPV,Diesel,East,Kolkata,Rahul Sharma,3,1614000.0,0.02,4745160.0,895185.25
SL-5530,2024-01-31,Maruti Suzuki,Brezza,SUV,Diesel,Central,Nagpur,Priya Singh,2,1198000.0,0.05,2276200.0,180744.13
SL-5526,2024-01-31,Mahindra,Thar,SUV,Diesel,East,Kolkata,Vikram Iyer,2,1032000.0,0.08,1898880.0,131088.15
SL-7623,2024-01-31,Toyota,Corolla,Sedan,Petrol,West,Ahmedabad,Anjali Desai,1,1139000.0,0.02,1116220.0,114776.28
SL-5735,2024-01-31,Ford,Figo,Hatchback,Petrol,Central,Bhopal,Rahul Sharma,3,722000.0,0.0,2166000.0,303893.41
SL-5681,2024-01-31,Mahindra,Bolero,SUV,Petrol,West,Ahmedabad,Amit Patel,2,2131000.0,0.05,4048900.0,558764.31
SL-9156,2024-01-31,Hyundai,Venue,SUV,Petrol,West,Ahmedabad,Rahul Sharma,3,2665000.0,0.02,7835100.0,1580049.33
SL-8371,2024-01-31,Mahindra,Bolero,SUV,Electric,West,Pune,Arjun Nair,1,1024000.0,0.0,1024000.0,112548.93
SL-8607,2024-01-31,Tata,Harrier,SUV,Petrol,South,Bengaluru,Priya Singh,2,2325000.0,0.0,4650000.0,912181.97
SL-5851,2024-01-31,Tata,Punch,SUV,Diesel,South,Hyderabad,Priya Singh,1,2224000.0,0.05,2112800.0,267509.4
SL-6695,2024-01-31,Tata,Altroz,Hatchback,Petrol,Central,Bhopal,Anjali Desai,3,803000.0,0.0,2409000.0,500979.64
SL-5090,2024-02-01,Honda,City,Sedan,Petrol,Central,Nagpur,Priya Singh,3,919000.0,0.0,2757000.0,603401.84
SL-5489,2024-02-01,Honda,Amaze,Sedan,CNG,South,Chennai,Arjun Nair,1,1650000.0,0.08,1518000.0,210511.94
SL-5849,2024-02-01,Kia,Carens,MPV,Diesel,West,Pune,Priya Singh,2,1421000.0,0.05,2699900.0,232678.64
SL-7648,2024-02-01,Toyota,Innova,MPV,Petrol,North,Lucknow,Amit Patel,1,1433000.0,0.0,1433000.0,203435.05
SL-8949,2024-02-02,Honda,Civic,Sedan,Diesel,Central,Nagpur,Anjali Desai,1,1556000.0,0.0,1556000.0,220750.23
SL-8282,2024-02-02,Ford,Endeavour,SUV,Petrol,West,Ahmedabad,Kavita Joshi,1,1260000.0,0.0,1260000.0,135644.07
SL-5734,2024-02-02,Maruti Suzuki,Swift,Hatchback,Diesel,West,Pune,Rahul Sharma,2,802000.0,0.05,1523800.0,118202.38
SL-5231,2024-02-02,Honda,Amaze,Sedan,Diesel,North,Lucknow,Neha Gupta,2,909000.0,0.05,1727100.0,241023.78
SL-9266,2024-02-02,Tata,Harrier,SUV,Petrol,Central,Nagpur,Anjali Desai,1,1992000.0,0.02,1952160.0,328452.82
SL-5607,2024-02-03,Hyundai,Venue,SUV,Petrol,South,Chennai,Anjali Desai,2,2122000.0,0.05,4031800.0,691801.55
SL-6102,2024-02-03,Maruti Suzuki,Baleno,Hatchback,Diesel,South,Chennai,Priya Singh,1,780000.0,0.02,764400.0,127864.67
SL-6643,2024-02-03,Ford,Figo,Hatchback,Diesel,West,Ahmedabad,Vikram Iyer,3,815000.0,0.0,2445000.0,479924.93
SL-8807,2024-02-03,Toyota,Fortuner,SUV,Petrol,East,Bhubaneswar,Priya Singh,3,1766000.0,0.0,5298000.0,598629.49
SL-6561,2024-02-03,Mahindra,Thar,SUV,Diesel,Central,Bhopal,Amit Patel,1,1836000.0,0.0,1836000.0,277300.07
SL-7508,2024-02-03,Maruti Suzuki,Brezza,SUV,Diesel,South,Bengaluru,Priya Singh,2,2138000.0,0.08,3933920.0,360315.99
SL-6878,2024-02-03,Ford,EcoSport,SUV,Petrol,South,Chennai,Arjun Nair,3,1831000.0,0.05,5218350.0,503462.17
SL-6020,2024-02-03,Kia,Seltos,SUV,Diesel,South,Bengaluru,Sneha Reddy,3,1000000.0,0.1,2700000.0,14848.34
SL-9403,2024-02-03,Maruti Suzuki,Swift,Hatchback,Petrol,North,Delhi,Rohit Verma,2,870000.0,0.05,1653000.0,185358.14
SL-5247,2024-02-03,Honda,CR-V,SUV,Petrol,Central,Bhopal,Kavita Joshi,2,1373000.0,0.08,2526320.0,217399.58
SL-8504,2024-02-04,Kia,Sonet,SUV,Diesel,South,Bengaluru,Amit Patel,3,2675000.0,0.1,7222500.0,291763.11
SL-8702,2024-02-04,Toyota,Corolla,Sedan,Diesel,Central,Bhopal,Rohit Verma,1,1056000.0,0.02,1034880.0,91423.32
SL-5678,2024-02-04,Mahindra,Thar,SUV,Petrol,South,Hyderabad,Vikram Iyer,2,2443000.0,0.02,4788280.0,451561.63
SL-6802,2024-02-05,Maruti Suzuki,Baleno,Hatchback,Diesel,East,Kolkata,Neha Gupta,1,878000.0,0.0,878000.0,104001.38
SL-8278,2024-02-05,Tata,Altroz,Hatchback,Petrol,West,Mumbai,Sneha Reddy,3,714000.0,0.0,2142000.0,323867.65
SL-7999,2024-02-05,Mahindra,XUV700,SUV,Diesel,East,Bhubaneswar,Anjali Desai,3,2672000.0,0.02,7855680.0,1033164.47
SL-7774,2024-02-06,Mahindra,Bolero,SUV,Diesel,West,Pune,Sneha Reddy,1,2380000.0,0.02,2332400.0,210740.83
SL-6721,2024-02-06,Mahindra,Bolero,SUV,Petrol,West,Pune,Kavita Joshi,3,1194000.0,0.0,3582000.0,586261.61
SL-6959,2024-02-06,Honda,City,Sedan,Diesel,East,Bhubaneswar,Kavita Joshi,2,1422000.0,0.0,2844000.0,418004.6
SL-8917,2024-02-06,Kia,Sonet,SUV,CNG,South,Chennai,Priya Singh,3,1905000.0,0.02,5600700.0,1032293.69
SL-7516,2024-02-06,Tata,Altroz,Hatchback,CNG,East,Bhubaneswar,Vikram Iyer,1,894000.0,0.0,894000.0,125731.16
SL-6722,2024-02-07,Kia,Seltos,SUV,Petrol,East,Bhubaneswar,Arjun Nair,1,1515000.0,0.0,1515000.0,188559.84
SL-7040,2024-02-07,Hyundai,Verna,Sedan,Diesel,Central,Bhopal,Priya Singh,3,1639000.0,0.0,4917000.0,767118.28
SL-6634,2024-02-07,Hyundai,Venue,SUV,Electric,West,Ahmedabad,Vikram Iyer,1,2713000.0,0.0,2713000.0,280990.27
SL-9492,2024-02-07,Ford,Endeavour,SUV,Electric,North,Delhi,Amit Patel,3,1062000.0,0.02,3122280.0,345273.57
SL-9217,2024-02-07,Toyota,Camry,Sedan,Diesel,South,Bengaluru,Priya Singh,1,1412000.0,0.08,1299040.0,122806.45
SL-6514,2024-02-07,Maruti Suzuki,Baleno,Hatchback,Petrol,South,Chennai,Priya Singh,2,773000.0,0.08,1422320.0,201878.09
SL-7757,2024-02-07,Maruti Suzuki,Ertiga,MPV,Diesel,West,Mumbai,Arjun Nair,1,1271000.0,0.1,1143900.0,89739.37
SL-6162,2024-02-07,Kia,Carens,MPV,Petrol,West,Pune,Rohit Verma,2,1189000.0,0.0,2378000.0,414332.69
SL-7377,2024-02-07,Kia,Seltos,SUV,CNG,East,Bhubaneswar,Sneha Reddy,3,1697000.0,0.0,5091000.0,1111534.24
SL-8106,2024-02-08,Kia,Sonet,SUV,CNG,Central,Nagpur,Anjali Desai,2,2654000.0,0.0,5308000.0,619468.12
SL-7444,2024-02-08,Maruti Suzuki,Swift,Hatchback,Diesel,West,Mumbai,Neha Gupta,3,646000.0,0.0,1938000.0,331976.16
SL-6313,2024-02-08,Ford,EcoSport,SUV,Petrol,South,Chennai,Priya Singh,1,1292000.0,0.0,1292000.0,169704.51
SL-5245,2024-02-08,Maruti Suzuki,Ertiga,MPV,Petrol,South,Hyderabad,Rohit Verma,1,1218000.0,0.02,1193640.0,138487.59
SL-8682,2024-02-08,Mahindra,XUV700,SUV,CNG,South,Chennai,Priya Singh,2,2199000.0,0.0,4398000.0,669401.16
SL-8850,2024-02-08,Tata,Punch,SUV,Diesel,Central,Indore,Kavita Joshi,1,1669000.0,0.08,1535480.0,205022.62
SL-5952,2024-02-08,Honda,CR-V,SUV,Petrol,East,Kolkata,Arjun Nair,1,1593000.0,0.0,1593000.0,266354.61
SL-6385,2024-02-09,Kia,Carens,MPV,Petrol,South,Hyderabad,Kavita Joshi,2,1459000.0,0.1,2626200.0,154821.9
SL-8454,2024-02-09,Hyundai,i20,Hatchback,Petrol,Central,Indore,Arjun Nair,1,735000.0,0.05,698250.0,69275.33
SL-8668,2024-02-09,Maruti Suzuki,Baleno,Hatchback,Electric,North,Lucknow,Anjali Desai,2,891000.0,0.02,1746360.0,248374.61
SL-5163,2024-02-09,Kia,Sonet,SUV,Petrol,East,Patna,Priya Singh,2,1009000.0,0.05,1917100.0,340388.58
SL-9345,2024-02-09,Ford,EcoSport,SUV,Diesel,North,Lucknow,Sneha Reddy,1,1933000.0,0.02,1894340.0,357286.47
SL-6214,2024-02-10,Toyota,Camry,Sedan,Diesel,North,Chandigarh,Rahul Sharma,2,1178000.0,0.0,2356000.0,267611.68
SL-6122,2024-02-10,Honda,Amaze,Sedan,Petrol,West,Ahmedabad,Arjun Nair,1,1276000.0,0.0,1276000.0,188637.27
SL-5084,2024-02-10,Ford,EcoSport,SUV,Petrol,South,Hyderabad,Sneha Reddy,1,2719000.0,0.05,2583050.0,427449.12
SL-8304,2024-02-10,Tata,Punch,SUV,CNG,North,Delhi,Rohit Verma,2,1996000.0,0.02,3912160.0,354967.88
SL-8492,2024-02-11,Kia,Seltos,SUV,Petrol,Central,Indore,Amit Patel,2,1147000.0,0.0,2294000.0,431390.72
SL-6116,2024-02-11,Maruti Suzuki,Baleno,Hatchback,Petrol,North,Delhi,Sneha Reddy,1,873000.0,0.08,803160.0,49630.84
SL-5316,2024-02-11,Kia,Sonet,SUV,Diesel,South,Chennai,Vikram Iyer,1,1509000.0,0.0,1509000.0,278783.06
SL-8508,2024-02-11,Kia,Sonet,SUV,Diesel,South,Bengaluru,Rohit Verma,3,1471000.0,0.0,4413000.0,837021.12
SL-6815,2024-02-11,Ford,EcoSport,SUV,Petrol,South,Chennai,Sneha Reddy,1,2700000.0,0.0,2700000.0,460455.46
SL-5779,2024-02-11,Tata,Harrier,SUV,CNG,East,Patna,Vikram Iyer,2,1320000.0,0.02,2587200.0,518338.69
SL-6125,2024-02-11,Maruti Suzuki,Baleno,Hatchback,CNG,West,Mumbai,Amit Patel,3,899000.0,0.0,2697000.0,454612.41
SL-6523,2024-02-11,Maruti Suzuki,Baleno,Hatchback,Petrol,West,Pune,Rahul Sharma,3,801000.0,0.05,2282850.0,199678.01
SL-7197,2024-02-11,Ford,Endeavour,SUV,Diesel,East,Bhubaneswar,Vikram Iyer,2,1415000.0,0.05,2688500.0,350399.95
SL-5424,2024-02-12,Ford,Endeavour,SUV,Petrol,North,Delhi,Rohit Verma,3,2348000.0,0.05,6691800.0,736214.11
SL-8770,2024-02-12,Ford,EcoSport,SUV,Diesel,North,Lucknow,Rohit Verma,2,2370000.0,0.02,4645200.0,451310.7
SL-7864,2024-02-12,Kia,Sonet,SUV,CNG,South,Hyderabad,Priya Singh,1,2189000.0,0.0,2189000.0,308854.89
SL-7942,2024-02-12,Toyota,Innova,MPV,Petrol,Central,Bhopal,Priya Singh,2,1353000.0,0.05,2570700.0,404218.75
SL-8395,2024-02-12,Honda,Amaze,Sedan,Diesel,Central,Nagpur,Amit Patel,3,1764000.0,0.05,5027400.0,814199.39
SL-9350,2024-02-13,Tata,Harrier,SUV,Diesel,North,Lucknow,Rohit Verma,3,2728000.0,0.08,7529280.0,824237.84
SL-7469,2024-02-13,Mahindra,XUV700,SUV,Petrol,Central,Nagpur,Kavita Joshi,3,1232000.0,0.02,3622080.0,550668.38
SL-7233,2024-02-13,Ford,Endeavour,SUV,Petrol,West,Mumbai,Neha Gupta,1,1243000.0,0.0,1243000.0,179108.92
SL-9246,2024-02-13,Kia,Carens,MPV,Petrol,South,Hyderabad,Amit Patel,1,1225000.0,0.08,1127000.0,72545.25
SL-7701,2024-02-13,Tata,Nexon,SUV,Petrol,North,Lucknow,Anjali Desai,3,2021000.0,0.02,5941740.0,984789.28
SL-5771,2024-02-13,Toyota,Corolla,Sedan,Diesel,North,Delhi,Rohit Verma,1,960000.0,0.0,960000.0,180635.93
SL-5794,2024-02-13,Honda,Amaze,Sedan,Diesel,East,Patna,Amit Patel,1,917000.0,0.02,898660.0,181770.43
SL-8793,2024-02-14,Maruti Suzuki,Brezza,SUV,Petrol,South,Chennai,Anjali Desai,1,1440000.0,0.02,1411200.0,129007.01
SL-6012,2024-02-14,Tata,Punch,SUV,Diesel,Central,Bhopal,Rahul Sharma,2,2567000.0,0.02,5031320.0,522715.95
SL-5685,2024-02-14,Hyundai,Creta,SUV,Petrol,Central,Indore,Amit Patel,1,2647000.0,0.05,2514650.0,217571.14
SL-7846,2024-02-14,Maruti Suzuki,Baleno,Hatchback,Petrol,South,Bengaluru,Sneha Reddy,2,826000.0,0.02,1618960.0,187632.13
SL-6510,2024-02-15,Toyota,Camry,Sedan,CNG,Central,Bhopal,Rohit Verma,1,1435000.0,0.05,1363250.0,110219.74
SL-6184,2024-02-15,Toyota,Corolla,Sedan,CNG,East,Kolkata,Anjali Desai,1,1794000.0,0.1,1614600.0,90119.46
SL-7204,2024-02-15,Mahindra,Thar,SUV,Petrol,East,Bhubaneswar,Amit Patel,3,2234000.0,0.02,6567960.0,847842.05
SL-8280,2024-02-15,Ford,Figo,Hatchback,CNG,North,Lucknow,Amit Patel,2,749000.0,0.0,1498000.0,268862.45
SL-5566,2024-02-15,Toyota,Innova,MPV,CNG,East,Patna,Amit Patel,1,1189000.0,0.08,1093880.0,102774.13
SL-7773,2024-02-15,Maruti Suzuki,Baleno,Hatchback,Diesel,Central,Bhopal,Kavita Joshi,1,632000.0,0.0,632000.0,113178.88
SL-6359,2024-02-15,Hyundai,Venue,SUV,Petrol,Central,Bhopal,Kavita Joshi,2,1059000.0,0.02,2075640.0,298037.97
SL-5955,2024-02-16,Honda,Civic,Sedan,CNG,North,Lucknow,Anjali Desai,1,1281000.0,0.02,1255380.0,140325.33
SL-7520,2024-02-16,Toyota,Innova,MPV,Diesel,Central,Nagpur,Arjun Nair,3,1625000.0,0.0,4875000.0,887587.09
SL-5963,2024-02-16,Ford,EcoSport,SUV,CNG,North,Chandigarh,Priya Singh,2,1411000.0,0.0,2822000.0,380274.33
SL-8637,2024-02-16,Honda,Amaze,Sedan,Electric,South,Bengaluru,Vikram Iyer,3,1768000.0,0.0,5304000.0,1105621.42
SL-9113,2024-02-16,Tata,Harrier,SUV,Diesel,North,Delhi,Arjun Nair,2,1216000.0,0.0,2432000.0,394005.79
SL-7104,2024-02-17,Mahindra,Scorpio,SUV,Diesel,South,Bengaluru,Rahul Sharma,2,2075000.0,0.02,4067000.0,500912.84
SL-9066,2024-02-17,Tata,Punch,SUV,Petrol,South,Chennai,Rohit Verma,1,1994000.0,0.08,1834480.0,257747.47
SL-8183,2024-02-17,Hyundai,Creta,SUV,Petrol,South,Bengaluru,Rahul Sharma,2,1175000.0,0.05,2232500.0,266166.08
SL-9046,2024-02-17,Ford,Figo,Hatchback,Electric,West,Ahmedabad,Priya Singh,2,896000.0,0.0,1792000.0,377238.69
SL-6194,2024-02-17,Ford,Endeavour,SUV,Petrol,East,Bhubaneswar,Rohit Verma,3,2528000.0,0.0,7584000.0,1569711.03
SL-7769,2024-02-18,Mahindra,Thar,SUV,Diesel,Central,Indore,Rohit Verma,3,1932000.0,0.0,5796000.0,906314.76
SL-9242,2024-02-18,Honda,CR-V,SUV,Petrol,South,Bengaluru,Rahul Sharma,3,2080000.0,0.0,6240000.0,1216249.84
SL-7251,2024-02-18,Honda,City,Sedan,Petrol,West,Pune,Amit Patel,1,1015000.0,0.05,964250.0,171814.0
SL-8362,2024-02-18,Honda,Civic,Sedan,Petrol,South,Bengaluru,Rahul Sharma,2,1522000.0,0.02,2983120.0,583109.27
SL-6349,2024-02-18,Hyundai,i20,Hatchback,Petrol,North,Chandigarh,Rohit Verma,2,827000.0,0.05,1571300.0,98043.5
SL-5698,2024-02-18,Ford,Figo,Hatchback,Petrol,South,Bengaluru,Sneha Reddy,2,834000.0,0.0,1668000.0,287647.13
SL-9152,2024-02-18,Kia,Sonet,SUV,CNG,Central,Bhopal,Priya Singh,2,2709000.0,0.08,4984560.0,223921.57
SL-9169,2024-02-19,Mahindra,XUV700,SUV,Diesel,West,Ahmedabad,Neha Gupta,1,2343000.0,0.0,2343000.0,387653.83
SL-7541,2024-02-19,Ford,EcoSport,SUV,Petrol,East,Patna,Arjun Nair,3,2636000.0,0.02,7749840.0,878203.69
SL-7303,2024-02-19,Honda,Amaze,Sedan,Petrol,North,Lucknow,Neha Gupta,3,1589000.0,0.0,4767000.0,1010529.98
SL-8788,2024-02-19,Toyota,Corolla,Sedan,Petrol,Central,Nagpur,Priya Singh,3,1082000.0,0.05,3083700.0,431217.09
SL-5714,2024-02-19,Hyundai,Verna,Sedan,Diesel,South,Hyderabad,Priya Singh,1,1751000.0,0.05,1663450.0,117436.3
SL-8305,2024-02-19,Mahindra,Bolero,SUV,Petrol,East,Bhubaneswar,Amit Patel,3,2292000.0,0.0,6876000.0,888038.43
SL-5828,2024-02-20,Hyundai,Verna,Sedan,Petrol,North,Lucknow,Sneha Reddy,3,1526000.0,0.0,4578000.0,567227.3
SL-7578,2024-02-20,Hyundai,Creta,SUV,Petrol,East,Patna,Arjun Nair,2,2505000.0,0.0,5010000.0,919455.29
SL-5335,2024-02-20,Tata,Punch,SUV,Petrol,East,Bhubaneswar,Rahul Sharma,3,2783000.0,0.02,8182020.0,1238005.85
SL-9288,2024-02-20,Toyota,Innova,MPV,Diesel,North,Chandigarh,Sneha Reddy,1,1880000.0,0.08,1729600.0,173999.86
SL-7855,2024-02-21,Kia,Sonet,SUV,Petrol,West,Pune,Sneha Reddy,2,2600000.0,0.05,4940000.0,681928.03
SL-8112,2024-02-21,Hyundai,Verna,Sedan,Petrol,Central,Indore,Arjun Nair,2,1110000.0,0.0,2220000.0,339358.43
SL-5626,2024-02-21,Ford,Figo,Hatchback,Diesel,North,Chandigarh,Rohit Verma,2,685000.0,0.0,1370000.0,220386.75
SL-8993,2024-02-21,Ford,Endeavour,SUV,Diesel,West,Pune,Anjali Desai,1,1864000.0,0.02,1826720.0,269712.99
SL-9428,2024-02-22,Maruti Suzuki,Baleno,Hatchback,Petrol,Central,Bhopal,Arjun Nair,2,799000.0,0.0,1598000.0,164177.47
SL-8847,2024-02-22,Mahindra,Thar,SUV,Diesel,Central,Nagpur,Neha Gupta,3,1695000.0,0.02,4983300.0,738057.66
SL-8975,2024-02-22,Toyota,Camry,Sedan,Petrol,Central,Bhopal,Vikram Iyer,3,1180000.0,0.08,3256800.0,319605.11
SL-8741,2024-02-22,Toyota,Corolla,Sedan,Diesel,West,Pune,Vikram Iyer,2,938000.0,0.02,1838480.0,270951.07
SL-7795,2024-02-22,Hyundai,Venue,SUV,Petrol,North,Chandigarh,Anjali Desai,1,2520000.0,0.1,2268000.0,91436.0
SL-7719,2024-02-22,Toyota,Camry,Sedan,Petrol,West,Pune,Rahul Sharma,3,1128000.0,0.05,3214800.0,222066.33
SL-8330,2024-02-23,Ford,Figo,Hatchback,Diesel,North,Lucknow,Amit Patel,1,852000.0,0.05,809400.0,94240.62
SL-6675,2024-02-23,Maruti Suzuki,Ertiga,MPV,Diesel,Central,Bhopal,Rahul Sharma,3,1888000.0,0.0,5664000.0,897869.53
SL-9478,2024-02-23,Maruti Suzuki,Swift,Hatchback,Diesel,East,Bhubaneswar,Rohit Verma,3,821000.0,0.0,2463000.0,359424.83
SL-5330,2024-02-23,Toyota,Fortuner,SUV,CNG,East,Patna,Anjali Desai,1,1672000.0,0.02,1638560.0,183914.3
SL-5203,2024-02-23,Hyundai,i20,Hatchback,CNG,Central,Indore,Anjali Desai,2,842000.0,0.05,1599800.0,146341.05
SL-8594,2024-02-23,Mahindra,XUV700,SUV,Petrol,North,Lucknow,Kavita Joshi,2,2078000.0,0.05,3948200.0,297394.49
SL-5018,2024-02-24,Tata,Punch,SUV,Petrol,West,Pune,Amit Patel,2,1511000.0,0.05,2870900.0,277312.77
SL-8943,2024-02-24,Ford,EcoSport,SUV,CNG,South,Hyderabad,Arjun Nair,1,1698000.0,0.05,1613100.0,213198.67
SL-6427,2024-02-24,Hyundai,Venue,SUV,Petrol,North,Chandigarh,Rahul Sharma,1,1749000.0,0.0,1749000.0,311637.8
SL-8230,2024-02-24,Kia,Seltos,SUV,Diesel,East,Patna,Amit Patel,3,2068000.0,0.05,5893800.0,565109.1
SL-6424,2024-02-24,Kia,Carens,MPV,Petrol,Central,Indore,Rohit Verma,3,1171000.0,0.0,3513000.0,540293.96
SL-9306,2024-02-24,Toyota,Fortuner,SUV,Petrol,North,Delhi,Rohit Verma,1,2456000.0,0.02,2406880.0,380247.97
SL-5450,2024-02-24,Hyundai,Creta,SUV,CNG,North,Chandigarh,Priya Singh,3,1989000.0,0.08,5489640.0,677340.96
SL-8328,2024-02-24,Hyundai,Creta,SUV,Diesel,North,Delhi,Amit Patel,3,1514000.0,0.08,4178640.0,485425.26
SL-8194,2024-02-24,Ford,Figo,Hatchback,Diesel,East,Bhubaneswar,Sneha Reddy,3,679000.0,0.02,1996260.0,182775.11
SL-6905,2024-02-24,Toyota,Corolla,Sedan,Diesel,North,Delhi,Arjun Nair,1,1128000.0,0.02,1105440.0,114871.82
SL-5758,2024-02-24,Mahindra,Bolero,SUV,Electric,East,Patna,Kavita Joshi,3,2581000.0,0.0,7743000.0,1207058.95
SL-7425,2024-02-24,Hyundai,Venue,SUV,Diesel,South,Hyderabad,Priya Singh,1,1682000.0,0.02,1648360.0,292577.5
SL-6669,2024-02-25,Mahindra,Bolero,SUV,CNG,North,Delhi,Vikram Iyer,3,1605000.0,0.02,4718700.0,470425.36
SL-6207,2024-02-25,Tata,Altroz,Hatchback,Diesel,North,Delhi,Kavita Joshi,2,777000.0,0.05,1476300.0,236823.28
SL-8059,2024-02-25,Honda,Civic,Sedan,Diesel,North,Delhi,Sneha Reddy,1,1179000.0,0.02,1155420.0,209906.85
SL-8072,2024-02-25,Kia,Carens,MPV,Diesel,North,Lucknow,Kavita Joshi,2,1319000.0,0.08,2426960.0,192108.55
SL-9078,2024-02-25,Ford,EcoSport,SUV,Petrol,East,Bhubaneswar,Rahul Sharma,2,2467000.0,0.05,4687300.0,698710.73
SL-8898,2024-02-25,Ford,EcoSport,SUV,Diesel,Central,Nagpur,Vikram Iyer,2,2583000.0,0.0,5166000.0,647273.37
SL-8098,2024-02-25,Hyundai,i20,Hatchback,Petrol,Central,Nagpur,Kavita Joshi,2,721000.0,0.0,1442000.0,190849.52
SL-5719,2024-02-25,Ford,Endeavour,SUV,Diesel,West,Pune,Rohit Verma,2,1281000.0,0.02,2510760.0,346955.14
SL-5405,2024-02-26,Hyundai,Creta,SUV,CNG,North,Chandigarh,Arjun Nair,3,1922000.0,0.05,5477700.0,488264.21
SL-5891,2024-02-26,Maruti Suzuki,Ertiga,MPV,CNG,East,Patna,Amit Patel,2,1298000.0,0.05,2466200.0,402534.12
SL-5548,2024-02-26,Kia,Carens,MPV,CNG,Central,Indore,Vikram Iyer,1,1552000.0,0.1,1396800.0,134485.56
SL-8470,2024-02-26,Honda,City,Sedan,Diesel,West,Ahmedabad,Sneha Reddy,3,1690000.0,0.0,5070000.0,766918.48
SL-6297,2024-02-26,Tata,Harrier,SUV,Petrol,North,Lucknow,Priya Singh,2,2610000.0,0.0,5220000.0,892571.48
SL-8357,2024-02-26,Ford,Figo,Hatchback,Petrol,Central,Bhopal,Anjali Desai,3,610000.0,0.05,1738500.0,306635.22
SL-5434,2024-02-26,Tata,Harrier,SUV,CNG,Central,Nagpur,Anjali Desai,2,2333000.0,0.05,4432700.0,604377.52
SL-7973,2024-02-26,Mahindra,Thar,SUV,Diesel,Central,Indore,Vikram Iyer,1,1262000.0,0.02,1236760.0,220494.52
SL-6080,2024-02-26,Tata,Harrier,SUV,Diesel,North,Lucknow,Rahul Sharma,1,1291000.0,0.02,1265180.0,198115.04
SL-7672,2024-02-27,Hyundai,Verna,Sedan,Petrol,West,Pune,Rahul Sharma,2,1496000.0,0.08,2752640.0,111842.23
SL-6240,2024-02-27,Maruti Suzuki,Ertiga,MPV,Petrol,East,Bhubaneswar,Rohit Verma,2,1273000.0,0.08,2342320.0,280466.71
SL-6326,2024-02-27,Mahindra,Scorpio,SUV,CNG,North,Delhi,Anjali Desai,1,1679000.0,0.05,1595050.0,156779.97
SL-7295,2024-02-27,Maruti Suzuki,Swift,Hatchback,Diesel,East,Bhubaneswar,Rohit Verma,3,786000.0,0.02,2310840.0,285755.55
SL-7666,2024-02-27,Toyota,Camry,Sedan,Petrol,South,Chennai,Anjali Desai,2,1564000.0,0.05,2971600.0,352635.02
SL-5334,2024-02-28,Honda,CR-V,SUV,Diesel,North,Delhi,Anjali Desai,1,1490000.0,0.05,1415500.0,195306.97
SL-7943,2024-02-28,Hyundai,Venue,SUV,Petrol,North,Chandigarh,Arjun Nair,1,2055000.0,0.05,1952250.0,173595.24
SL-5305,2024-02-28,Kia,Sonet,SUV,Petrol,East,Bhubaneswar,Arjun Nair,2,2480000.0,0.02,4860800.0,560476.38
SL-8510,2024-02-28,Kia,Seltos,SUV,Petrol,Central,Nagpur,Anjali Desai,1,1223000.0,0.1,1100700.0,46568.13
SL-6891,2024-02-28,Maruti Suzuki,Brezza,SUV,Petrol,East,Bhubaneswar,Rahul Sharma,2,1843000.0,0.0,3686000.0,685261.28
SL-8426,2024-02-28,Honda,Civic,Sedan,Petrol,South,Bengaluru,Rohit Verma,2,1514000.0,0.0,3028000.0,357493.51
SL-5749,2024-02-28,Ford,Endeavour,SUV,CNG,West,Pune,Anjali Desai,1,1115000.0,0.08,1025800.0,45894.39
SL-6788,2024-02-29,Mahindra,Scorpio,SUV,Diesel,North,Lucknow,Sneha Reddy,3,2654000.0,0.02,7802760.0,749511.04
SL-7945,2024-02-29,Kia,Carens,MPV,Petrol,Central,Bhopal,Arjun Nair,3,1437000.0,0.0,4311000.0,584740.0
SL-5447,2024-02-29,Mahindra,XUV700,SUV,CNG,South,Hyderabad,Anjali Desai,1,1665000.0,0.0,1665000.0,354833.11
SL-8165,2024-02-29,Hyundai,i20,Hatchback,Petrol,Central,Nagpur,Anjali Desai,2,848000.0,0.08,1560320.0,86548.73
SL-5981,2024-02-29,Toyota,Corolla,Sedan,Diesel,Central,Indore,Arjun Nair,1,1162000.0,0.08,1069040.0,88764.46
SL-7781,2024-02-29,Mahindra,Thar,SUV,Diesel,Central,Bhopal,Amit Patel,2,2499000.0,0.02,4898040.0,898461.32
SL-8961,2024-03-01,Mahindra,Scorpio,SUV,Petrol,North,Chandigarh,Neha Gupta,2,1900000.0,0.0,3800000.0,813477.21
SL-9177,2024-03-01,Hyundai,Venue,SUV,Diesel,South,Chennai,Vikram Iyer,2,1295000.0,0.02,2538200.0,275947.76
SL-7189,2024-03-01,Mahindra,Bolero,SUV,Petrol,North,Delhi,Anjali Desai,3,2091000.0,0.0,6273000.0,1241733.82
SL-6823,2024-03-01,Mahindra,XUV700,SUV,Diesel,East,Kolkata,Priya Singh,1,2680000.0,0.08,2465600.0,248402.44
SL-6372,2024-03-01,Honda,CR-V,SUV,CNG,East,Kolkata,Amit Patel,2,2728000.0,0.0,5456000.0,562274.05
SL-8174,2024-03-01,Maruti Suzuki,Baleno,Hatchback,CNG,East,Kolkata,Rohit Verma,2,688000.0,0.0,1376000.0,230125.34
SL-7681,2024-03-01,Honda,City,Sedan,Petrol,South,Chennai,Neha Gupta,1,989000.0,0.0,989000.0,172294.59
SL-5551,2024-03-02,Maruti Suzuki,Ertiga,MPV,Petrol,South,Chennai,Kavita Joshi,2,1205000.0,0.0,2410000.0,317706.88
SL-8836,2024-03-02,Honda,Amaze,Sedan,Diesel,East,Kolkata,Arjun Nair,1,1129000.0,0.05,1072550.0,80004.55
SL-6292,2024-03-02,Mahindra,Scorpio,SUV,Petrol,West,Ahmedabad,Vikram Iyer,3,1057000.0,0.0,3171000.0,530807.3
SL-7634,2024-03-02,Kia,Seltos,SUV,Diesel,South,Chennai,Arjun Nair,2,1944000.0,0.0,3888000.0,546469.19
SL-7523,2024-03-02,Maruti Suzuki,Brezza,SUV,Petrol,East,Patna,Sneha Reddy,1,1422000.0,0.0,1422000.0,195289.7
SL-7707,2024-03-03,Tata,Punch,SUV,Petrol,South,Bengaluru,Amit Patel,3,2419000.0,0.05,6894150.0,694114.64
SL-9500,2024-03-03,Kia,Sonet,SUV,Diesel,South,Hyderabad,Neha Gupta,1,1798000.0,0.0,1798000.0,321883.02
SL-6485,2024-03-03,Maruti Suzuki,Baleno,Hatchback,Diesel,Central,Nagpur,Amit Patel,2,706000.0,0.05,1341400.0,154315.86
SL-7334,2024-03-03,Tata,Punch,SUV,Electric,North,Delhi,Sneha Reddy,2,2309000.0,0.0,4618000.0,836028.21
SL-8814,2024-03-03,Mahindra,XUV700,SUV,Electric,North,Delhi,Kavita Joshi,3,1139000.0,0.08,3143640.0,426569.18
SL-6112,2024-03-03,Honda,CR-V,SUV,Diesel,Central,Nagpur,Rohit Verma,1,1478000.0,0.05,1404100.0,149267.08
SL-7031,2024-03-03,Ford,Endeavour,SUV,Diesel,West,Ahmedabad,Sneha Reddy,1,2353000.0,0.0,2353000.0,383507.67
SL-6267,2024-03-03,Hyundai,Verna,Sedan,Diesel,West,Pune,Anjali Desai,2,1414000.0,0.08,2601760.0,276073.52
SL-7032,2024-03-04,Honda,Civic,Sedan,Petrol,Central,Indore,Sneha Reddy,2,1776000.0,0.05,3374400.0,223746.68
SL-8711,2024-03-04,Hyundai,Verna,Sedan,Petrol,Central,Indore,Arjun Nair,1,1115000.0,0.1,1003500.0,123267.32
SL-5934,2024-03-04,Kia,Sonet,SUV,Diesel,South,Chennai,Priya Singh,3,2638000.0,0.05,7518300.0,960662.61
SL-6884,2024-03-04,Hyundai,Creta,SUV,Diesel,West,Pune,Sneha Reddy,3,2263000.0,0.1,6110100.0,291362.3
SL-5282,2024-03-04,Mahindra,Thar,SUV,CNG,East,Kolkata,Rohit Verma,3,1121000.0,0.02,3295740.0,281927.36
SL-5512,2024-03-04,Toyota,Fortuner,SUV,Petrol,East,Bhubaneswar,Sneha Reddy,1,1976000.0,0.0,1976000.0,208920.09
SL-7615,2024-03-04,Mahindra,Thar,SUV,Petrol,West,Mumbai,Sneha Reddy,2,2737000.0,0.0,5474000.0,972737.89
SL-6573,2024-03-04,Ford,EcoSport,SUV,Petrol,East,Patna,Neha Gupta,3,2184000.0,0.0,6552000.0,1101750.74
SL-7710,2024-03-04,Tata,Altroz,Hatchback,Petrol,East,Patna,Amit Patel,1,713000.0,0.02,698740.0,138407.93
SL-6654,2024-03-05,Kia,Sonet,SUV,Petrol,Central,Indore,Vikram Iyer,1,2588000.0,0.02,2536240.0,296092.14
SL-6462,2024-03-06,Ford,Endeavour,SUV,Petrol,West,Ahmedabad,Rahul Sharma,2,2165000.0,0.0,4330000.0,936435.98
SL-5575,2024-03-06,Honda,Civic,Sedan,Petrol,South,Chennai,Amit Patel,3,1244000.0,0.0,3732000.0,685448.55
SL-5796,2024-03-06,Tata,Altroz,Hatchback,Electric,South,Chennai,Amit Patel,2,679000.0,0.02,1330840.0,139484.96
SL-8408,2024-03-06,Ford,Endeavour,SUV,Petrol,North,Chandigarh,Kavita Joshi,2,2539000.0,0.0,5078000.0,604670.22
SL-6896,2024-03-06,Hyundai,Verna,Sedan,Diesel,North,Chandigarh,Amit Patel,2,1054000.0,0.08,1939360.0,63728.11
SL-7547,2024-03-06,Toyota,Camry,Sedan,Petrol,Central,Nagpur,Rahul Sharma,1,1437000.0,0.05,1365150.0,211050.12
SL-8603,2024-03-06,Kia,Sonet,SUV,Diesel,West,Mumbai,Amit Patel,1,1030000.0,0.0,1030000.0,215571.52
SL-5901,2024-03-07,Maruti Suzuki,Swift,Hatchback,Petrol,East,Kolkata,Amit Patel,2,724000.0,0.05,1375600.0,153440.78
SL-5673,2024-03-07,Kia,Sonet,SUV,Diesel,West,Pune,Neha Gupta,2,2631000.0,0.08,4841040.0,377820.56
SL-8722,2024-03-07,Toyota,Corolla,Sedan,Petrol,North,Lucknow,Neha Gupta,2,1357000.0,0.02,2659720.0,377724.81
SL-6912,2024-03-07,Hyundai,Verna,Sedan,Diesel,West,Ahmedabad,Arjun Nair,3,1772000.0,0.05,5050200.0,660425.18
SL-8160,2024-03-07,Mahindra,XUV700,SUV,Petrol,North,Chandigarh,Priya Singh,1,1527000.0,0.1,1374300.0,14848.8
SL-8620,2024-03-07,Tata,Punch,SUV,Diesel,East,Patna,Neha Gupta,3,2102000.0,0.05,5990700.0,428280.53
SL-6524,2024-03-07,Maruti Suzuki,Brezza,SUV,Petrol,West,Mumbai,Vikram Iyer,1,1728000.0,0.0,1728000.0,346293.47
SL-6983,2024-03-07,Hyundai,Venue,SUV,CNG,West,Ahmedabad,Vikram Iyer,3,1241000.0,0.0,3723000.0,704077.95
SL-8493,2024-03-08,Mahindra,Thar,SUV,Diesel,Central,Nagpur,Kavita Joshi,1,1719000.0,0.05,1633050.0,88448.16
SL-9201,2024-03-08,Mahindra,Thar,SUV,Diesel,North,Delhi,Kavita Joshi,3,1351000.0,0.0,4053000.0,528981.11
SL-8815,2024-03-08,Toyota,Camry,Sedan,CNG,North,Chandigarh,Kavita Joshi,3,1578000.0,0.0,4734000.0,569383.36
SL-9014,2024-03-08,Kia,Carens,MPV,Petrol,West,Pune,Priya Singh,3,1752000.0,0.05,4993200.0,348402.43
SL-7914,2024-03-08,Toyota,Innova,MPV,Petrol,Central,Bhopal,Sneha Reddy,2,993000.0,0.0,1986000.0,267991.77
SL-9055,2024-03-09,Tata,Harrier,SUV,CNG,South,Chennai,Amit Patel,1,2786000.0,0.02,2730280.0,403600.47
SL-7059,2024-03-09,Tata,Nexon,SUV,Diesel,South,Hyderabad,Vikram Iyer,2,1100000.0,0.02,2156000.0,277993.55
SL-8093,2024-03-09,Hyundai,i20,Hatchback,Petrol,East,Bhubaneswar,Anjali Desai,2,710000.0,0.08,1306400.0,99067.6
SL-5628,2024-03-09,Hyundai,Verna,Sedan,Petrol,North,Chandigarh,Sneha Reddy,2,1298000.0,0.05,2466200.0,138327.36
SL-7847,2024-03-09,Mahindra,XUV700,SUV,Petrol,Central,Bhopal,Sneha Reddy,1,2609000.0,0.0,2609000.0,543136.2
SL-5298,2024-03-09,Kia,Seltos,SUV,CNG,East,Patna,Kavita Joshi,1,1879000.0,0.02,1841420.0,187796.59
SL-6439,2024-03-09,Hyundai,Creta,SUV,Petrol,East,Patna,Amit Patel,2,1234000.0,0.0,2468000.0,427920.52
SL-6795,2024-03-09,Hyundai,Creta,SUV,Petrol,North,Chandigarh,Rahul Sharma,2,2016000.0,0.05,3830400.0,329650.52
SL-5155,2024-03-10,Kia,Carens,MPV,Diesel,North,Delhi,Sneha Reddy,3,1686000.0,0.05,4805100.0,644485.49
SL-7208,2024-03-10,Honda,Civic,Sedan,Petrol,West,Ahmedabad,Rahul Sharma,2,1776000.0,0.0,3552000.0,638641.25
SL-5159,2024-03-10,Tata,Nexon,SUV,CNG,Central,Indore,Anjali Desai,1,2654000.0,0.0,2654000.0,272280.03
SL-9008,2024-03-10,Toyota,Corolla,Sedan,Diesel,North,Chandigarh,Sneha Reddy,1,1067000.0,0.05,1013650.0,76612.54
SL-5384,2024-03-10,Honda,Amaze,Sedan,Petrol,South,Hyderabad,Neha Gupta,1,1271000.0,0.02,1245580.0,233887.06
SL-7965,2024-03-10,Tata,Punch,SUV,CNG,South,Hyderabad,Anjali Desai,3,1388000.0,0.0,4164000.0,614078.15
SL-5612,2024-03-10,Honda,Civic,Sedan,Diesel,North,Chandigarh,Rahul Sharma,2,1577000.0,0.0,3154000.0,509771.29
SL-7415,2024-03-10,Mahindra,Thar,SUV,Diesel,West,Ahmedabad,Kavita Joshi,1,2362000.0,0.0,2362000.0,473013.6
SL-9378,2024-03-10,Tata,Harrier,SUV,Diesel,West,Pune,Amit Patel,2,1398000.0,0.02,2740080.0,423533.23
SL-9264,2024-03-11,Mahindra,XUV700,SUV,Diesel,East,Patna,Arjun Nair,1,1229000.0,0.02,1204420.0,189826.21
SL-8247,2024-03-11,Toyota,Fortuner,SUV,Petrol,West,Pune,Kavita Joshi,1,1526000.0,0.0,1526000.0,296138.12
SL-7335,2024-03-11,Mahindra,Thar,SUV,Petrol,North,Delhi,Rahul Sharma,1,2214000.0,0.02,2169720.0,377553.41
SL-7274,2024-03-11,Mahindra,Bolero,SUV,Diesel,West,Pune,Sneha Reddy,1,2162000.0,0.0,2162000.0,311010.05
SL-6178,2024-03-11,Honda,Amaze,Sedan,Diesel,South,Chennai,Rahul Sharma,3,1098000.0,0.0,3294000.0,439781.06
SL-8029,2024-03-11,Maruti Suzuki,Ertiga,MPV,Diesel,Central,Nagpur,Priya Singh,1,1158000.0,0.05,1100100.0,103940.29
SL-8126,2024-03-12,Tata,Harrier,SUV,Diesel,South,Chennai,Priya Singh,3,1142000.0,0.02,3357480.0,636878.31
SL-5511,2024-03-12,Hyundai,Creta,SUV,Diesel,South,Chennai,Rohit Verma,3,2520000.0,0.05,7182000.0,846226.55
SL-6196,2024-03-12,Kia,Carens,MPV,Petrol,Central,Indore,Neha Gupta,2,1244000.0,0.0,2488000.0,344617.13
SL-6858,2024-03-12,Toyota,Camry,Sedan,CNG,East,Bhubaneswar,Priya Singh,3,1509000.0,0.05,4300650.0,651433.09
SL-7841,2024-03-12,Honda,City,Sedan,Petrol,North,Chandigarh,Arjun Nair,2,1642000.0,0.05,3119800.0,268325.71
SL-7721,2024-03-12,Honda,CR-V,SUV,Diesel,East,Patna,Amit Patel,1,1685000.0,0.02,1651300.0,151824.31
SL-5654,2024-03-12,Mahindra,Bolero,SUV,Petrol,North,Chandigarh,Neha Gupta,1,2340000.0,0.0,2340000.0,324869.86
SL-9031,2024-03-12,Hyundai,Creta,SUV,Electric,Central,Indore,Neha Gupta,2,1290000.0,0.05,2451000.0,198950.72
SL-5357,2024-03-12,Mahindra,XUV700,SUV,Diesel,North,Chandigarh,Sneha Reddy,3,2138000.0,0.0,6414000.0,970328.25
SL-7227,2024-03-13,Ford,Endeavour,SUV,Petrol,South,Chennai,Sneha Reddy,1,2645000.0,0.0,2645000.0,392882.14
SL-6706,2024-03-13,Honda,Amaze,Sedan,Diesel,North,Chandigarh,Priya Singh,1,1040000.0,0.05,988000.0,65309.1
SL-8284,2024-03-13,Tata,Punch,SUV,CNG,South,Hyderabad,Vikram Iyer,2,1520000.0,0.0,3040000.0,502641.85
SL-9390,2024-03-13,Toyota,Camry,Sedan,Diesel,East,Kolkata,Kavita Joshi,2,1530000.0,0.05,2907000.0,237397.76
SL-8249,2024-03-13,Ford,Endeavour,SUV,Petrol,South,Hyderabad,Neha Gupta,2,1199000.0,0.0,2398000.0,351415.74
SL-6918,2024-03-13,Kia,Carens,MPV,CNG,East,Patna,Rohit Verma,3,1415000.0,0.0,4245000.0,748472.77
SL-6312,2024-03-13,Maruti Suzuki,Swift,Hatchback,Diesel,East,Bhubaneswar,Sneha Reddy,1,620000.0,0.1,558000.0,9169.81
SL-5299,2024-03-13,Honda,Amaze,Sedan,Diesel,West,Ahmedabad,Neha Gupta,3,1108000.0,0.08,3058080.0,202479.97
SL-7635,2024-03-13,Maruti Suzuki,Baleno,Hatchback,Diesel,South,Chennai,Arjun Nair,3,749000.0,0.08,2067240.0,271295.22
SL-7559,2024-03-13,Toyota,Fortuner,SUV,Diesel,West,Mumbai,Kavita Joshi,2,1251000.0,0.08,2301840.0,227832.86
SL-7653,2024-03-14,Ford,Figo,Hatchback,Diesel,West,Mumbai,Arjun Nair,3,846000.0,0.02,2487240.0,442073.63
SL-5388,2024-03-14,Honda,Civic,Sedan,Diesel,North,Delhi,Neha Gupta,2,1648000.0,0.02,3230080.0,574560.82
SL-8252,2024-03-14,Maruti Suzuki,Swift,Hatchback,CNG,West,Pune,Sneha Reddy,1,724000.0,0.05,687800.0,64118.03
SL-5135,2024-03-14,Honda,City,Sedan,Diesel,North,Lucknow,Priya Singh,3,1061000.0,0.02,3119340.0,548005.49
SL-9465,2024-03-14,Toyota,Camry,Sedan,Diesel,Central,Indore,Rahul Sharma,1,1593000.0,0.1,1433700.0,130327.44
SL-5470,2024-03-14,Hyundai,Verna,Sedan,CNG,West,Pune,Kavita Joshi,1,947000.0,0.08,871240.0,114811.01
SL-6987,2024-03-14,Honda,CR-V,SUV,Electric,East,Kolkata,Vikram Iyer,1,1784000.0,0.0,1784000.0,354367.44
SL-5014,2024-03-14,Hyundai,Venue,SUV,Petrol,East,Kolkata,Neha Gupta,1,1964000.0,0.0,1964000.0,312307.71
SL-7330,2024-03-14,Ford,Endeavour,SUV,CNG,West,Pune,Arjun Nair,3,2710000.0,0.05,7723500.0,1376386.6
SL-7153,2024-03-14,Kia,Sonet,SUV,Electric,West,Ahmedabad,Kavita Joshi,2,2648000.0,0.02,5190080.0,657840.67
SL-6340,2024-03-14,Kia,Seltos,SUV,Electric,South,Chennai,Rohit Verma,2,1819000.0,0.02,3565240.0,540711.77
SL-7172,2024-03-14,Toyota,Camry,Sedan,Petrol,West,Ahmedabad,Vikram Iyer,2,1541000.0,0.0,3082000.0,402109.3
SL-5207,2024-03-15,Maruti Suzuki,Baleno,Hatchback,Petrol,North,Lucknow,Sneha Reddy,1,892000.0,0.0,892000.0,192065.87
SL-9069,2024-03-15,Kia,Carens,MPV,Petrol,Central,Bhopal,Rohit Verma,2,1474000.0,0.1,2653200.0,291991.54
SL-5649,2024-03-15,Maruti Suzuki,Brezza,SUV,Petrol,North,Lucknow,Vikram Iyer,2,1951000.0,0.05,3706900.0,610247.63
SL-8882,2024-03-15,Toyota,Corolla,Sedan,Electric,North,Lucknow,Neha Gupta,2,1201000.0,0.08,2209840.0,221421.72
SL-8909,2024-03-15,Tata,Punch,SUV,Petrol,North,Lucknow,Rohit Verma,2,2188000.0,0.02,4288480.0,454470.7
SL-8813,2024-03-15,Kia,Sonet,SUV,Diesel,West,Pune,Kavita Joshi,1,2409000.0,0.0,2409000.0,282039.07
SL-5224,2024-03-16,Mahindra,XUV700,SUV,Diesel,South,Bengaluru,Anjali Desai,2,2050000.0,0.0,4100000.0,537475.2
SL-9344,2024-03-16,Kia,Seltos,SUV,Electric,East,Bhubaneswar,Rohit Verma,2,2101000.0,0.0,4202000.0,641631.89
SL-7021,2024-03-16,Tata,Altroz,Hatchback,CNG,South,Chennai,Sneha Reddy,2,716000.0,0.0,1432000.0,244419.86
SL-8724,2024-03-16,Mahindra,Bolero,SUV,Petrol,East,Bhubaneswar,Priya Singh,2,1388000.0,0.0,2776000.0,495278.14
SL-5066,2024-03-16,Toyota,Corolla,Sedan,Petrol,Central,Indore,Arjun Nair,2,1543000.0,0.05,2931700.0,483650.86
SL-7731,2024-03-16,Toyota,Camry,Sedan,Electric,West,Mumbai,Kavita Joshi,1,946000.0,0.0,946000.0,161120.04
SL-9270,2024-03-16,Kia,Sonet,SUV,Petrol,North,Delhi,Vikram Iyer,1,1145000.0,0.0,1145000.0,155979.95
SL-6089,2024-03-16,Ford,Endeavour,SUV,Petrol,South,Hyderabad,Neha Gupta,3,1401000.0,0.0,4203000.0,818532.32
SL-6724,2024-03-17,Toyota,Fortuner,SUV,CNG,North,Delhi,Kavita Joshi,2,1519000.0,0.08,2794960.0,145572.09
SL-5156,2024-03-17,Ford,EcoSport,SUV,Petrol,South,Chennai,Rahul Sharma,1,1687000.0,0.0,1687000.0,318361.2
SL-7336,2024-03-17,Kia,Sonet,SUV,Petrol,North,Lucknow,Neha Gupta,3,1249000.0,0.05,3559650.0,287690.63
SL-9198,2024-03-17,Tata,Harrier,SUV,Petrol,South,Hyderabad,Rohit Verma,3,2038000.0,0.0,6114000.0,1252279.13
SL-8010,2024-03-17,Toyota,Camry,Sedan,Petrol,Central,Bhopal,Rohit Verma,2,1103000.0,0.02,2161880.0,177420.7
SL-5622,2024-03-17,Toyota,Fortuner,SUV,Diesel,South,Chennai,Arjun Nair,3,1101000.0,0.0,3303000.0,404651.72
SL-7410,2024-03-18,Toyota,Fortuner,SUV,Diesel,South,Hyderabad,Amit Patel,3,1185000.0,0.02,3483900.0,584319.61
SL-5076,2024-03-18,Mahindra,XUV700,SUV,Petrol,North,Lucknow,Vikram Iyer,2,1179000.0,0.02,2310840.0,243293.68
SL-5057,2024-03-18,Kia,Carens,MPV,CNG,Central,Nagpur,Vikram Iyer,2,1413000.0,0.0,2826000.0,525038.53
SL-7720,2024-03-18,Maruti Suzuki,Ertiga,MPV,CNG,Central,Bhopal,Amit Patel,1,1118000.0,0.05,1062100.0,100013.83
SL-6465,2024-03-19,Toyota,Innova,MPV,CNG,North,Chandigarh,Anjali Desai,1,1194000.0,0.1,1074600.0,130437.16
SL-6608,2024-03-19,Tata,Altroz,Hatchback,Diesel,Central,Bhopal,Priya Singh,3,699000.0,0.08,1929240.0,180569.05
SL-5906,2024-03-19,Ford,EcoSport,SUV,Diesel,North,Lucknow,Priya Singh,1,2102000.0,0.08,1933840.0,190995.1
SL-8074,2024-03-19,Ford,EcoSport,SUV,Diesel,North,Delhi,Amit Patel,3,2153000.0,0.05,6136050.0,850179.21
SL-5542,2024-03-19,Toyota,Corolla,Sedan,Diesel,Central,Bhopal,Anjali Desai,1,1456000.0,0.02,1426880.0,213915.15
SL-7022,2024-03-19,Ford,EcoSport,SUV,Diesel,East,Kolkata,Anjali Desai,1,1505000.0,0.02,1474900.0,283669.89
SL-5271,2024-03-20,Honda,Amaze,Sedan,Diesel,East,Bhubaneswar,Anjali Desai,3,1030000.0,0.0,3090000.0,515194.67
SL-7460,2024-03-20,Kia,Sonet,SUV,Diesel,North,Delhi,Sneha Reddy,2,1108000.0,0.02,2171680.0,179134.94
SL-7970,2024-03-20,Toyota,Camry,Sedan,CNG,Central,Indore,Sneha Reddy,3,1657000.0,0.05,4722450.0,266521.75
SL-7814,2024-03-20,Hyundai,Verna,Sedan,Petrol,North,Lucknow,Anjali Desai,2,1665000.0,0.02,3263400.0,421192.17
SL-8039,2024-03-20,Maruti Suzuki,Brezza,SUV,Petrol,East,Bhubaneswar,Rohit Verma,2,2618000.0,0.05,4974200.0,671921.82
SL-5672,2024-03-20,Hyundai,Verna,Sedan,Petrol,South,Bengaluru,Priya Singh,1,1306000.0,0.02,1279880.0,199705.88
SL-9239,2024-03-20,Hyundai,i20,Hatchback,Petrol,Central,Indore,Vikram Iyer,1,899000.0,0.0,899000.0,112235.67
SL-8058,2024-03-20,Tata,Altroz,Hatchback,Petrol,West,Pune,Sneha Reddy,3,715000.0,0.02,2102100.0,303779.51
SL-5499,2024-03-20,Tata,Nexon,SUV,Petrol,West,Ahmedabad,Priya Singh,3,1114000.0,0.0,3342000.0,433318.05
SL-5506,2024-03-21,Ford,Endeavour,SUV,Diesel,South,Hyderabad,Amit Patel,1,1269000.0,0.02,1243620.0,135328.45
SL-6321,2024-03-21,Honda,CR-V,SUV,Diesel,North,Delhi,Amit Patel,3,2521000.0,0.0,7563000.0,1267522.57
SL-6230,2024-03-21,Maruti Suzuki,Ertiga,MPV,Petrol,West,Pune,Anjali Desai,3,1503000.0,0.08,4148280.0,564552.2
SL-8147,2024-03-21,Maruti Suzuki,Brezza,SUV,Electric,Central,Indore,Vikram Iyer,1,1945000.0,0.0,1945000.0,348913.78
SL-8120,2024-03-21,Ford,EcoSport,SUV,Petrol,Central,Bhopal,Amit Patel,3,1766000.0,0.0,5298000.0,787753.19
SL-8036,2024-03-21,Mahindra,Thar,SUV,Diesel,North,Chandigarh,Rohit Verma,3,1292000.0,0.05,3682200.0,595275.58
SL-6345,2024-03-21,Toyota,Corolla,Sedan,Electric,North,Delhi,Kavita Joshi,3,1150000.0,0.02,3381000.0,622745.48
SL-6791,2024-03-22,Tata,Nexon,SUV,Electric,West,Ahmedabad,Anjali Desai,2,1675000.0,0.0,3350000.0,667918.97
SL-9127,2024-03-22,Ford,EcoSport,SUV,CNG,Central,Bhopal,Anjali Desai,3,1065000.0,0.02,3131100.0,440225.68
SL-8577,2024-03-22,Mahindra,Scorpio,SUV,Diesel,Central,Indore,Rohit Verma,2,1043000.0,0.0,2086000.0,264058.59
SL-5147,2024-03-22,Tata,Punch,SUV,Diesel,Central,Indore,Priya Singh,2,2405000.0,0.02,4713800.0,526644.85
SL-5780,2024-03-22,Honda,City,Sedan,Petrol,East,Kolkata,Vikram Iyer,3,1652000.0,0.05,4708200.0,720897.18
SL-6744,2024-03-22,Honda,City,Sedan,Petrol,East,Bhubaneswar,Rahul Sharma,2,1249000.0,0.08,2298160.0,305933.94
SL-7910,2024-03-23,Toyota,Camry,Sedan,Petrol,Central,Indore,Vikram Iyer,3,1281000.0,0.0,3843000.0,801775.89
SL-6629,2024-03-23,Mahindra,Scorpio,SUV,Diesel,East,Kolkata,Sneha Reddy,1,1774000.0,0.0,1774000.0,385455.01
SL-8102,2024-03-23,Maruti Suzuki,Brezza,SUV,Electric,West,Pune,Sneha Reddy,1,1356000.0,0.1,1220400.0,21875.52
SL-6087,2024-03-23,Kia,Sonet,SUV,Petrol,West,Mumbai,Arjun Nair,1,1420000.0,0.02,1391600.0,241852.47
SL-6618,2024-03-24,Kia,Carens,MPV,Petrol,Central,Indore,Amit Patel,2,1333000.0,0.0,2666000.0,347924.4
SL-8655,2024-03-24,Ford,EcoSport,SUV,Diesel,East,Bhubaneswar,Anjali Desai,1,2300000.0,0.0,2300000.0,329154.67
SL-8052,2024-03-24,Mahindra,Thar,SUV,Petrol,Central,Indore,Neha Gupta,1,1468000.0,0.05,1394600.0,113754.8
SL-5325,2024-03-24,Kia,Carens,MPV,Diesel,East,Patna,Anjali Desai,2,1352000.0,0.0,2704000.0,280224.08
SL-8544,2024-03-24,Ford,EcoSport,SUV,Petrol,Central,Bhopal,Anjali Desai,1,1665000.0,0.05,1581750.0,126929.52
SL-6337,2024-03-24,Maruti Suzuki,Brezza,SUV,CNG,East,Kolkata,Priya Singh,1,1992000.0,0.0,1992000.0,343445.41
SL-5909,2024-03-25,Honda,Civic,Sedan,Petrol,East,Bhubaneswar,Priya Singh,2,1711000.0,0.05,3250900.0,413443.93
SL-6448,2024-03-25,Hyundai,Verna,Sedan,Petrol,West,Mumbai,Anjali Desai,1,1745000.0,0.02,1710100.0,236045.83
SL-9004,2024-03-26,Hyundai,i20,Hatchback,Petrol,North,Lucknow,Arjun Nair,2,606000.0,0.02,1187760.0,196469.85
SL-8916,2024-03-26,Mahindra,XUV700,SUV,Petrol,Central,Nagpur,Rahul Sharma,2,1224000.0,0.05,2325600.0,397148.38
SL-6863,2024-03-26,Mahindra,Bolero,SUV,Diesel,Central,Bhopal,Kavita Joshi,1,2160000.0,0.02,2116800.0,179181.28
SL-5221,2024-03-26,Kia,Carens,MPV,Diesel,East,Bhubaneswar,Arjun Nair,1,1523000.0,0.02,1492540.0,165773.42
SL-9331,2024-03-27,Tata,Punch,SUV,Petrol,East,Kolkata,Anjali Desai,1,2695000.0,0.0,2695000.0,351032.99
SL-7450,2024-03-27,Ford,Figo,Hatchback,Petrol,North,Chandigarh,Sneha Reddy,3,843000.0,0.02,2478420.0,358772.64
SL-8959,2024-03-27,Toyota,Fortuner,SUV,Diesel,East,Bhubaneswar,Vikram Iyer,1,1919000.0,0.0,1919000.0,397283.59
SL-6998,2024-03-27,Mahindra,Thar,SUV,Petrol,South,Chennai,Kavita Joshi,3,1578000.0,0.02,4639320.0,449320.24
SL-5413,2024-03-27,Tata,Harrier,SUV,Petrol,East,Bhubaneswar,Anjali Desai,1,2179000.0,0.0,2179000.0,336338.58
SL-5077,2024-03-27,Maruti Suzuki,Swift,Hatchback,CNG,Central,Nagpur,Arjun Nair,1,604000.0,0.08,555680.0,37960.76
SL-6810,2024-03-28,Hyundai,Venue,SUV,Diesel,West,Mumbai,Anjali Desai,1,2157000.0,0.02,2113860.0,384541.67
SL-7017,2024-03-28,Kia,Carens,MPV,Petrol,Central,Bhopal,Kavita Joshi,3,1560000.0,0.08,4305600.0,603311.51
SL-6449,2024-03-28,Maruti Suzuki,Baleno,Hatchback,Petrol,South,Chennai,Arjun Nair,3,783000.0,0.02,2302020.0,298832.59
SL-8662,2024-03-28,Hyundai,Creta,SUV,CNG,Central,Bhopal,Rahul Sharma,1,1327000.0,0.0,1327000.0,278364.67
SL-7514,2024-03-29,Hyundai,Venue,SUV,CNG,West,Pune,Anjali Desai,3,1057000.0,0.02,3107580.0,385243.09
SL-8142,2024-03-29,Hyundai,Verna,Sedan,Petrol,East,Patna,Kavita Joshi,2,1554000.0,0.02,3045840.0,355690.87
SL-5515,2024-03-29,Toyota,Corolla,Sedan,Petrol,East,Kolkata,Rahul Sharma,2,1452000.0,0.0,2904000.0,420441.27
SL-9441,2024-03-29,Toyota,Corolla,Sedan,CNG,North,Lucknow,Amit Patel,2,1464000.0,0.05,2781600.0,242624.76
SL-9494,2024-03-29,Maruti Suzuki,Baleno,Hatchback,Diesel,West,Ahmedabad,Sneha Reddy,3,732000.0,0.0,2196000.0,267717.67
SL-6548,2024-03-29,Hyundai,Verna,Sedan,Petrol,West,Mumbai,Priya Singh,1,1755000.0,0.02,1719900.0,308478.78
SL-5562,2024-03-30,Toyota,Corolla,Sedan,Diesel,North,Lucknow,Rahul Sharma,1,1298000.0,0.0,1298000.0,167025.71
SL-7198,2024-03-30,Kia,Seltos,SUV,Diesel,North,Chandigarh,Neha Gupta,3,1977000.0,0.0,5931000.0,1063698.87
SL-6010,2024-03-30,Toyota,Corolla,Sedan,CNG,South,Chennai,Neha Gupta,3,967000.0,0.02,2842980.0,349684.33
SL-6760,2024-03-31,Tata,Punch,SUV,Petrol,South,Chennai,Vikram Iyer,3,1191000.0,0.0,3573000.0,778430.26
SL-8134,2024-03-31,Mahindra,Bolero,SUV,Diesel,West,Pune,Sneha Reddy,1,1018000.0,0.0,1018000.0,216146.31
SL-5482,2024-03-31,Kia,Seltos,SUV,Petrol,Central,Indore,Neha Gupta,2,2368000.0,0.02,4641280.0,588089.87
SL-8888,2024-03-31,Tata,Altroz,Hatchback,CNG,South,Hyderabad,Priya Singh,2,821000.0,0.08,1510640.0,222956.93
SL-6054,2024-03-31,Tata,Harrier,SUV,CNG,South,Chennai,Rohit Verma,1,1703000.0,0.05,1617850.0,209980.32
SL-6752,2024-03-31,Tata,Altroz,Hatchback,Petrol,North,Chandigarh,Sneha Reddy,2,850000.0,0.05,1615000.0,244563.78
SL-5848,2024-03-31,Mahindra,XUV700,SUV,Diesel,Central,Bhopal,Rohit Verma,2,2247000.0,0.0,4494000.0,970072.75
SL-6311,2024-04-01,Honda,City,Sedan,Diesel,South,Chennai,Rahul Sharma,1,1527000.0,0.0,1527000.0,217160.36
SL-7416,2024-04-01,Ford,EcoSport,SUV,Petrol,East,Bhubaneswar,Rahul Sharma,1,2726000.0,0.05,2589700.0,386978.51
SL-6239,2024-04-01,Toyota,Camry,Sedan,Petrol,Central,Nagpur,Anjali Desai,1,1536000.0,0.02,1505280.0,244810.29
SL-5047,2024-04-01,Tata,Nexon,SUV,Petrol,East,Kolkata,Sneha Reddy,2,1645000.0,0.02,3224200.0,469992.02
SL-5276,2024-04-01,Ford,Figo,Hatchback,Petrol,Central,Indore,Sneha Reddy,2,635000.0,0.05,1206500.0,170669.71
SL-6029,2024-04-01,Maruti Suzuki,Swift,Hatchback,Petrol,West,Ahmedabad,Kavita Joshi,3,729000.0,0.0,2187000.0,440306.88
SL-8275,2024-04-01,Maruti Suzuki,Swift,Hatchback,Electric,South,Hyderabad,Neha Gupta,1,661000.0,0.0,661000.0,114605.94
SL-6837,2024-04-01,Toyota,Corolla,Sedan,Petrol,Central,Indore,Rahul Sharma,1,1035000.0,0.02,1014300.0,156039.05
SL-5586,2024-04-02,Honda,Amaze,Sedan,Petrol,South,Chennai,Neha Gupta,1,1078000.0,0.0,1078000.0,126823.14
SL-9436,2024-04-02,Tata,Nexon,SUV,CNG,South,Bengaluru,Rohit Verma,2,2201000.0,0.0,4402000.0,620353.95
SL-9401,2024-04-03,Honda,Amaze,Sedan,Petrol,North,Delhi,Rahul Sharma,2,1017000.0,0.0,2034000.0,241197.31
SL-6033,2024-04-03,Tata,Altroz,Hatchback,Petrol,South,Hyderabad,Rahul Sharma,3,827000.0,0.05,2356950.0,359594.03
SL-6607,2024-04-03,Honda,City,Sedan,Diesel,Central,Bhopal,Amit Patel,2,903000.0,0.08,1661520.0,144466.49
SL-7047,2024-04-03,Mahindra,Thar,SUV,Diesel,East,Patna,Rahul Sharma,1,1539000.0,0.0,1539000.0,289964.16
SL-7315,2024-04-03,Ford,EcoSport,SUV,Petrol,South,Hyderabad,Kavita Joshi,2,2720000.0,0.08,5004800.0,744437.99
SL-6199,2024-04-03,Toyota,Innova,MPV,Diesel,North,Chandigarh,Kavita Joshi,1,1601000.0,0.02,1568980.0,280956.12
SL-8884,2024-04-04,Mahindra,Bolero,SUV,Diesel,West,Mumbai,Anjali Desai,1,1230000.0,0.1,1107000.0,23968.49
SL-7232,2024-04-04,Honda,Civic,Sedan,Petrol,North,Delhi,Priya Singh,3,1768000.0,0.02,5197920.0,1003599.24
SL-5528,2024-04-04,Hyundai,i20,Hatchback,Petrol,West,Ahmedabad,Arjun Nair,2,824000.0,0.05,1565600.0,104401.49
SL-8981,2024-04-05,Tata,Altroz,Hatchback,Diesel,East,Patna,Sneha Reddy,1,830000.0,0.02,813400.0,123123.55
SL-5236,2024-04-05,Ford,Figo,Hatchback,Petrol,West,Ahmedabad,Rahul Sharma,1,875000.0,0.05,831250.0,76289.86
SL-9287,2024-04-05,Tata,Punch,SUV,Diesel,Central,Bhopal,Sneha Reddy,1,2317000.0,0.0,2317000.0,410900.59
SL-7474,2024-04-05,Ford,Figo,Hatchback,Petrol,South,Chennai,Amit Patel,2,703000.0,0.0,1406000.0,296168.23
SL-5497,2024-04-05,Maruti Suzuki,Ertiga,MPV,Diesel,North,Delhi,Kavita Joshi,1,1866000.0,0.0,1866000.0,388093.29
SL-6854,2024-04-05,Mahindra,Bolero,SUV,Petrol,East,Patna,Sneha Reddy,2,1172000.0,0.05,2226800.0,314903.04
SL-5443,2024-04-05,Mahindra,Thar,SUV,CNG,Central,Indore,Sneha Reddy,1,1016000.0,0.0,1016000.0,157882.77
SL-8678,2024-04-05,Kia,Seltos,SUV,Diesel,South,Chennai,Priya Singh,2,2223000.0,0.0,4446000.0,809298.9
SL-9293,2024-04-05,Honda,Civic,Sedan,Petrol,Central,Bhopal,Neha Gupta,1,1108000.0,0.0,1108000.0,157522.56
SL-6509,2024-04-06,Honda,Civic,Sedan,Petrol,South,Bengaluru,Kavita Joshi,2,1668000.0,0.05,3169200.0,343336.76
SL-6728,2024-04-06,Kia,Sonet,SUV,Diesel,South,Hyderabad,Anjali Desai,2,1101000.0,0.08,2025840.0,304162.67
SL-6892,2024-04-06,Toyota,Corolla,Sedan,Diesel,Central,Nagpur,Neha Gupta,1,1014000.0,0.05,963300.0,68400.16
SL-8837,2024-04-06,Tata,Punch,SUV,CNG,West,Mumbai,Priya Singh,1,2216000.0,0.08,2038720.0,240022.3
SL-5788,2024-04-06,Hyundai,Creta,SUV,CNG,North,Lucknow,Anjali Desai,1,1514000.0,0.0,1514000.0,193069.67
SL-6521,2024-04-06,Maruti Suzuki,Brezza,SUV,Petrol,West,Ahmedabad,Vikram Iyer,2,2621000.0,0.02,5137160.0,965420.4
SL-9237,2024-04-06,Tata,Punch,SUV,Petrol,Central,Indore,Rahul Sharma,2,1526000.0,0.02,2990960.0,313532.5
SL-5852,2024-04-06,Hyundai,Venue,SUV,Petrol,Central,Nagpur,Rohit Verma,3,2135000.0,0.08,5892600.0,822182.6
SL-9323,2024-04-06,Kia,Seltos,SUV,Petrol,West,Mumbai,Sneha Reddy,1,2795000.0,0.02,2739100.0,445003.43
SL-6813,2024-04-07,Hyundai,i20,Hatchback,Petrol,North,Chandigarh,Amit Patel,3,815000.0,0.08,2249400.0,140943.46
SL-5686,2024-04-07,Tata,Altroz,Hatchback,Diesel,Central,Bhopal,Amit Patel,3,666000.0,0.0,1998000.0,281375.07
SL-6898,2024-04-07,Maruti Suzuki,Ertiga,MPV,Petrol,Central,Indore,Anjali Desai,2,1242000.0,0.02,2434320.0,459825.11
SL-8896,2024-04-07,Toyota,Corolla,Sedan,Petrol,South,Hyderabad,Vikram Iyer,3,1283000.0,0.02,3772020.0,464944.05
SL-7889,2024-04-07,Hyundai,Creta,SUV,Petrol,Central,Nagpur,Rohit Verma,2,1261000.0,0.05,2395900.0,400668.99
SL-6066,2024-04-07,Maruti Suzuki,Ertiga,MPV,Diesel,East,Bhubaneswar,Vikram Iyer,2,1207000.0,0.1,2172600.0,248318.08
SL-8409,2024-04-08,Kia,Seltos,SUV,Petrol,North,Lucknow,Kavita Joshi,2,1514000.0,0.02,2967440.0,514760.82
SL-6252,2024-04-08,Maruti Suzuki,Brezza,SUV,Petrol,West,Mumbai,Neha Gupta,3,1303000.0,0.0,3909000.0,633909.58
SL-6739,2024-04-08,Mahindra,XUV700,SUV,CNG,East,Patna,Vikram Iyer,3,2629000.0,0.05,7492650.0,641551.5
SL-5680,2024-04-08,Hyundai,Venue,SUV,Diesel,East,Patna,Rahul Sharma,1,1804000.0,0.02,1767920.0,220556.24
SL-8747,2024-04-08,Ford,Endeavour,SUV,Petrol,Central,Indore,Kavita Joshi,1,1136000.0,0.0,1136000.0,236601.85
SL-5015,2024-04-08,Ford,Figo,Hatchback,Petrol,West,Ahmedabad,Sneha Reddy,1,754000.0,0.0,754000.0,119033.86
SL-8743,2024-04-09,Tata,Harrier,SUV,Diesel,East,Bhubaneswar,Rahul Sharma,1,1864000.0,0.0,1864000.0,305389.32
SL-6748,2024-04-09,Honda,Amaze,Sedan,Petrol,South,Hyderabad,Sneha Reddy,3,1139000.0,0.08,3143640.0,459352.36
SL-8695,2024-04-09,Honda,Civic,Sedan,CNG,Central,Bhopal,Kavita Joshi,3,1746000.0,0.02,5133240.0,449178.04
SL-5191,2024-04-09,Tata,Nexon,SUV,Petrol,North,Delhi,Vikram Iyer,2,1087000.0,0.05,2065300.0,214820.36
SL-9433,2024-04-09,Toyota,Camry,Sedan,Petrol,West,Mumbai,Sneha Reddy,2,936000.0,0.1,1684800.0,107750.88
SL-5215,2024-04-09,Hyundai,i20,Hatchback,Diesel,East,Bhubaneswar,Amit Patel,1,777000.0,0.02,761460.0,76428.62
SL-8360,2024-04-09,Kia,Carens,MPV,Petrol,Central,Bhopal,Amit Patel,2,1837000.0,0.05,3490300.0,429779.23
SL-8972,2024-04-09,Kia,Sonet,SUV,Diesel,Central,Indore,Sneha Reddy,3,1685000.0,0.08,4650600.0,244556.83
SL-5874,2024-04-10,Maruti Suzuki,Ertiga,MPV,Petrol,East,Patna,Rahul Sharma,3,1443000.0,0.0,4329000.0,705304.6
SL-7689,2024-04-10,Ford,Figo,Hatchback,Petrol,South,Hyderabad,Sneha Reddy,1,791000.0,0.0,791000.0,164110.02
SL-7927,2024-04-10,Hyundai,Creta,SUV,Diesel,South,Chennai,Anjali Desai,2,1997000.0,0.0,3994000.0,798805.67
SL-8055,2024-04-10,Honda,Civic,Sedan,Petrol,West,Mumbai,Amit Patel,2,1192000.0,0.08,2193280.0,333253.08
SL-6698,2024-04-10,Hyundai,Verna,Sedan,Petrol,East,Kolkata,Amit Patel,1,1069000.0,0.02,1047620.0,137200.88
SL-7899,2024-04-11,Honda,CR-V,SUV,Petrol,East,Patna,Rohit Verma,2,1230000.0,0.05,2337000.0,385940.13
SL-5747,2024-04-11,Maruti Suzuki,Baleno,Hatchback,Diesel,Central,Indore,Priya Singh,2,607000.0,0.02,1189720.0,102529.03
SL-8865,2024-04-11,Kia,Seltos,SUV,CNG,Central,Nagpur,Priya Singh,1,2240000.0,0.0,2240000.0,452014.59
SL-8466,2024-04-11,Mahindra,Scorpio,SUV,Petrol,North,Lucknow,Rohit Verma,3,1429000.0,0.05,4072650.0,720170.03
SL-7316,2024-04-11,Hyundai,Creta,SUV,Diesel,Central,Indore,Rohit Verma,1,1275000.0,0.0,1275000.0,206012.17
SL-7413,2024-04-12,Ford,Endeavour,SUV,Petrol,North,Delhi,Sneha Reddy,3,1190000.0,0.02,3498600.0,531190.68
SL-7151,2024-04-12,Ford,EcoSport,SUV,Petrol,East,Patna,Priya Singh,3,1017000.0,0.02,2989980.0,383256.03
SL-9491,2024-04-12,Tata,Harrier,SUV,Petrol,Central,Indore,Rohit Verma,1,2110000.0,0.02,2067800.0,216369.44
SL-6152,2024-04-13,Honda,Civic,Sedan,Petrol,West,Mumbai,Rahul Sharma,2,1313000.0,0.02,2573480.0,426808.66
SL-7934,2024-04-13,Toyota,Innova,MPV,Diesel,North,Chandigarh,Amit Patel,1,1712000.0,0.0,1712000.0,268885.76
SL-5165,2024-04-13,Tata,Punch,SUV,Petrol,Central,Nagpur,Neha Gupta,1,1724000.0,0.02,1689520.0,331383.09
SL-5665,2024-04-13,Honda,Amaze,Sedan,Diesel,East,Bhubaneswar,Kavita Joshi,1,1562000.0,0.02,1530760.0,303696.48
SL-7819,2024-04-13,Maruti Suzuki,Swift,Hatchback,Diesel,South,Hyderabad,Kavita Joshi,1,865000.0,0.0,865000.0,119890.48
SL-6460,2024-04-14,Tata,Nexon,SUV,Petrol,Central,Nagpur,Sneha Reddy,3,2442000.0,0.0,7326000.0,1157815.78
SL-8420,2024-04-14,Toyota,Camry,Sedan,CNG,East,Bhubaneswar,Rohit Verma,3,1524000.0,0.05,4343400.0,766343.49
SL-8468,2024-04-14,Maruti Suzuki,Swift,Hatchback,Petrol,South,Bengaluru,Anjali Desai,1,612000.0,0.0,612000.0,67876.47
SL-6014,2024-04-15,Tata,Punch,SUV,Petrol,Central,Nagpur,Amit Patel,2,2741000.0,0.0,5482000.0,1099685.47
SL-5343,2024-04-15,Honda,City,Sedan,Petrol,East,Bhubaneswar,Neha Gupta,3,1706000.0,0.02,5015640.0,486137.5
SL-7125,2024-04-15,Kia,Seltos,SUV,Diesel,Central,Bhopal,Amit Patel,3,2402000.0,0.05,6845700.0,591820.75
SL-8979,2024-04-15,Hyundai,Creta,SUV,Diesel,South,Chennai,Kavita Joshi,1,2058000.0,0.02,2016840.0,183251.08
SL-8877,2024-04-15,Mahindra,XUV700,SUV,Diesel,West,Pune,Amit Patel,2,2285000.0,0.08,4204400.0,526234.78
SL-8745,2024-04-15,Tata,Punch,SUV,Diesel,South,Hyderabad,Vikram Iyer,2,1299000.0,0.02,2546040.0,482387.45
SL-9422,2024-04-15,Ford,EcoSport,SUV,Electric,East,Kolkata,Rohit Verma,2,1118000.0,0.1,2012400.0,50704.44
SL-9317,2024-04-16,Maruti Suzuki,Swift,Hatchback,Petrol,North,Lucknow,Vikram Iyer,3,782000.0,0.02,2299080.0,212467.16
SL-9019,2024-04-16,Mahindra,Bolero,SUV,Diesel,West,Mumbai,Neha Gupta,1,2388000.0,0.02,2340240.0,381946.95
SL-8265,2024-04-16,Maruti Suzuki,Swift,Hatchback,CNG,North,Lucknow,Amit Patel,2,724000.0,0.02,1419040.0,123052.27
SL-7532,2024-04-16,Mahindra,XUV700,SUV,Electric,North,Chandigarh,Neha Gupta,3,2385000.0,0.0,7155000.0,1219526.88
SL-6549,2024-04-16,Honda,Civic,Sedan,CNG,West,Ahmedabad,Vikram Iyer,2,1664000.0,0.08,3061760.0,237265.16
SL-9418,2024-04-17,Maruti Suzuki,Ertiga,MPV,CNG,North,Chandigarh,Amit Patel,2,1320000.0,0.0,2640000.0,486693.55
SL-6633,2024-04-17,Maruti Suzuki,Baleno,Hatchback,Petrol,South,Hyderabad,Sneha Reddy,1,698000.0,0.0,698000.0,94241.51
SL-8025,2024-04-17,Ford,Figo,Hatchback,Diesel,Central,Bhopal,Amit Patel,1,664000.0,0.0,664000.0,101394.37
SL-7007,2024-04-18,Kia,Sonet,SUV,Diesel,South,Chennai,Rohit Verma,1,1415000.0,0.08,1301800.0,120515.43
SL-8518,2024-04-18,Maruti Suzuki,Baleno,Hatchback,CNG,Central,Nagpur,Priya Singh,3,733000.0,0.1,1979100.0,94140.76
SL-6977,2024-04-18,Kia,Sonet,SUV,CNG,East,Bhubaneswar,Kavita Joshi,3,1221000.0,0.02,3589740.0,349662.98
SL-6481,2024-04-18,Kia,Carens,MPV,CNG,South,Hyderabad,Rahul Sharma,3,1713000.0,0.0,5139000.0,790581.16
SL-5823,2024-04-18,Toyota,Camry,Sedan,CNG,South,Bengaluru,Priya Singh,2,1086000.0,0.05,2063400.0,175631.0
SL-6504,2024-04-18,Honda,Civic,Sedan,Petrol,West,Pune,Arjun Nair,2,1550000.0,0.05,2945000.0,262014.47
SL-7599,2024-04-18,Toyota,Camry,Sedan,CNG,West,Mumbai,Anjali Desai,1,1457000.0,0.05,1384150.0,77787.85
SL-9340,2024-04-18,Ford,Endeavour,SUV,Diesel,West,Pune,Amit Patel,2,1023000.0,0.0,2046000.0,325505.43
SL-5884,2024-04-19,Maruti Suzuki,Swift,Hatchback,CNG,South,Bengaluru,Rahul Sharma,1,775000.0,0.0,775000.0,160444.53
SL-8251,2024-04-19,Maruti Suzuki,Swift,Hatchback,Diesel,Central,Indore,Neha Gupta,1,625000.0,0.0,625000.0,96922.82
SL-7199,2024-04-19,Kia,Seltos,SUV,Diesel,Central,Bhopal,Kavita Joshi,2,2692000.0,0.0,5384000.0,700037.75
SL-6958,2024-04-19,Toyota,Innova,MPV,CNG,North,Chandigarh,Neha Gupta,1,1104000.0,0.1,993600.0,17434.87
SL-8947,2024-04-19,Mahindra,Scorpio,SUV,Diesel,East,Bhubaneswar,Kavita Joshi,2,2263000.0,0.02,4435480.0,837848.06
SL-7993,2024-04-20,Hyundai,Creta,SUV,Petrol,North,Lucknow,Amit Patel,2,1835000.0,0.08,3376400.0,360423.87
SL-6816,2024-04-20,Kia,Sonet,SUV,Diesel,West,Pune,Kavita Joshi,1,2275000.0,0.0,2275000.0,416857.47
SL-7694,2024-04-20,Kia,Seltos,SUV,Petrol,South,Hyderabad,Anjali Desai,2,2212000.0,0.0,4424000.0,953949.74
SL-5168,2024-04-20,Hyundai,Verna,Sedan,Diesel,East,Kolkata,Neha Gupta,2,1473000.0,0.1,2651400.0,89362.93
SL-9439,2024-04-20,Tata,Altroz,Hatchback,Petrol,West,Mumbai,Anjali Desai,2,694000.0,0.0,1388000.0,288789.2
SL-9468,2024-04-20,Toyota,Fortuner,SUV,Petrol,South,Hyderabad,Kavita Joshi,3,1625000.0,0.05,4631250.0,570847.15
SL-5776,2024-04-20,Mahindra,Bolero,SUV,CNG,West,Ahmedabad,Anjali Desai,3,1663000.0,0.0,4989000.0,672391.57
SL-7238,2024-04-20,Honda,CR-V,SUV,Diesel,South,Bengaluru,Arjun Nair,2,2697000.0,0.0,5394000.0,788742.38
SL-5433,2024-04-21,Honda,CR-V,SUV,Diesel,Central,Nagpur,Neha Gupta,3,1125000.0,0.02,3307500.0,542206.98
SL-5589,2024-04-21,Hyundai,Venue,SUV,Petrol,North,Lucknow,Arjun Nair,3,1140000.0,0.05,3249000.0,452143.67
SL-5005,2024-04-21,Mahindra,Scorpio,SUV,CNG,South,Chennai,Anjali Desai,1,1159000.0,0.1,1043100.0,21622.23
SL-9132,2024-04-21,Tata,Altroz,Hatchback,Petrol,South,Bengaluru,Priya Singh,1,688000.0,0.05,653600.0,116225.56
SL-6969,2024-04-21,Hyundai,Creta,SUV,Petrol,North,Lucknow,Kavita Joshi,1,1344000.0,0.05,1276800.0,218736.75
SL-8415,2024-04-22,Maruti Suzuki,Baleno,Hatchback,CNG,South,Chennai,Rahul Sharma,2,799000.0,0.02,1566040.0,204527.87
SL-8356,2024-04-22,Honda,CR-V,SUV,Petrol,North,Chandigarh,Kavita Joshi,2,2094000.0,0.0,4188000.0,537214.47
SL-7202,2024-04-22,Kia,Carens,MPV,CNG,West,Ahmedabad,Vikram Iyer,2,1390000.0,0.0,2780000.0,502206.04
SL-8579,2024-04-22,Honda,Amaze,Sedan,Petrol,North,Delhi,Amit Patel,2,1740000.0,0.02,3410400.0,340145.14
SL-8895,2024-04-22,Hyundai,Venue,SUV,Petrol,South,Chennai,Sneha Reddy,2,1273000.0,0.02,2495080.0,474814.33
SL-8037,2024-04-23,Mahindra,XUV700,SUV,Petrol,Central,Nagpur,Kavita Joshi,2,1934000.0,0.02,3790640.0,650132.19
SL-6276,2024-04-23,Toyota,Fortuner,SUV,Diesel,Central,Bhopal,Anjali Desai,3,1746000.0,0.0,5238000.0,891155.9
SL-5454,2024-04-23,Maruti Suzuki,Swift,Hatchback,Diesel,East,Patna,Amit Patel,1,603000.0,0.1,542700.0,54206.8
SL-8136,2024-04-23,Hyundai,i20,Hatchback,Electric,South,Chennai,Rahul Sharma,3,874000.0,0.05,2490900.0,437202.5
SL-6874,2024-04-23,Ford,Figo,Hatchback,Diesel,West,Pune,Vikram Iyer,1,613000.0,0.08,563960.0,57239.82
SL-9221,2024-04-24,Kia,Sonet,SUV,Diesel,East,Bhubaneswar,Priya Singh,3,1383000.0,0.0,4149000.0,743065.66
SL-6653,2024-04-24,Mahindra,Bolero,SUV,Petrol,North,Delhi,Neha Gupta,2,1344000.0,0.0,2688000.0,515761.1
SL-5373,2024-04-24,Hyundai,Creta,SUV,Petrol,East,Patna,Anjali Desai,3,1332000.0,0.02,3916080.0,614535.6
SL-7988,2024-04-24,Hyundai,Verna,Sedan,CNG,South,Bengaluru,Amit Patel,3,1575000.0,0.0,4725000.0,859846.7
SL-7179,2024-04-24,Maruti Suzuki,Baleno,Hatchback,Petrol,South,Bengaluru,Neha Gupta,1,694000.0,0.0,694000.0,102448.74
SL-9268,2024-04-24,Kia,Carens,MPV,Petrol,South,Chennai,Rahul Sharma,2,1305000.0,0.0,2610000.0,572519.37
SL-6899,2024-04-24,Mahindra,Thar,SUV,Electric,Central,Nagpur,Arjun Nair,1,2083000.0,0.05,1978850.0,114000.35
SL-9039,2024-04-24,Hyundai,i20,Hatchback,Petrol,South,Hyderabad,Sneha Reddy,3,799000.0,0.05,2277150.0,290699.95
SL-8500,2024-04-24,Honda,Civic,Sedan,Petrol,East,Patna,Neha Gupta,1,1714000.0,0.0,1714000.0,207879.99
SL-7596,2024-04-24,Ford,Figo,Hatchback,Petrol,East,Kolkata,Rohit Verma,2,851000.0,0.0,1702000.0,283855.5
SL-7825,2024-04-25,Maruti Suzuki,Brezza,SUV,CNG,Central,Nagpur,Anjali Desai,2,2411000.0,0.08,4436240.0,274420.06
SL-9290,2024-04-25,Maruti Suzuki,Ertiga,MPV,Petrol,Central,Indore,Kavita Joshi,3,1566000.0,0.02,4604040.0,810437.35
SL-5378,2024-04-25,Maruti Suzuki,Baleno,Hatchback,Electric,North,Chandigarh,Amit Patel,1,765000.0,0.0,765000.0,151864.9
SL-6068,2024-04-25,Mahindra,Scorpio,SUV,Petrol,East,Patna,Priya Singh,2,1573000.0,0.0,3146000.0,591991.32
SL-5285,2024-04-26,Ford,Figo,Hatchback,Diesel,North,Delhi,Anjali Desai,3,756000.0,0.05,2154600.0,216691.85
SL-6525,2024-04-26,Ford,EcoSport,SUV,Petrol,East,Bhubaneswar,Kavita Joshi,1,1722000.0,0.0,1722000.0,288103.46
SL-7209,2024-04-26,Hyundai,Verna,Sedan,Diesel,South,Chennai,Kavita Joshi,3,1071000.0,0.08,2955960.0,445964.48
SL-5769,2024-04-27,Tata,Harrier,SUV,Diesel,Central,Indore,Amit Patel,1,2039000.0,0.0,2039000.0,262161.42
SL-5257,2024-04-27,Hyundai,Venue,SUV,CNG,East,Patna,Anjali Desai,1,1570000.0,0.05,1491500.0,219711.85
SL-8326,2024-04-27,Ford,Figo,Hatchback,CNG,West,Pune,Rohit Verma,3,899000.0,0.05,2562150.0,444058.22
SL-5602,2024-04-27,Mahindra,XUV700,SUV,Petrol,West,Pune,Sneha Reddy,3,2092000.0,0.08,5773920.0,696874.71
SL-8987,2024-04-28,Ford,EcoSport,SUV,Diesel,West,Mumbai,Rahul Sharma,2,2039000.0,0.02,3996440.0,357691.9
SL-7353,2024-04-28,Ford,Endeavour,SUV,Petrol,North,Chandigarh,Rahul Sharma,1,1017000.0,0.08,935640.0,67245.49
SL-6725,2024-04-28,Toyota,Camry,Sedan,Petrol,South,Hyderabad,Vikram Iyer,3,1781000.0,0.05,5075850.0,300035.92
SL-7784,2024-04-28,Tata,Altroz,Hatchback,Petrol,Central,Nagpur,Neha Gupta,3,732000.0,0.0,2196000.0,367308.7
SL-5102,2024-04-28,Honda,CR-V,SUV,Diesel,East,Kolkata,Neha Gupta,2,1134000.0,0.1,2041200.0,8470.2
SL-5860,2024-04-29,Ford,Figo,Hatchback,CNG,West,Pune,Vikram Iyer,3,825000.0,0.05,2351250.0,195182.49
SL-5956,2024-04-29,Kia,Seltos,SUV,Diesel,West,Ahmedabad,Vikram Iyer,2,2504000.0,0.02,4907840.0,754895.92
SL-8463,2024-04-30,Mahindra,XUV700,SUV,Petrol,North,Chandigarh,Rohit Verma,1,1074000.0,0.05,1020300.0,85583.37
SL-6830,2024-04-30,Mahindra,Thar,SUV,Petrol,East,Kolkata,Arjun Nair,2,2239000.0,0.02,4388440.0,791658.67
SL-7408,2024-04-30,Kia,Sonet,SUV,Petrol,North,Lucknow,Anjali Desai,3,2145000.0,0.05,6113250.0,386619.05
SL-5741,2024-04-30,Maruti Suzuki,Baleno,Hatchback,Petrol,East,Kolkata,Vikram Iyer,2,853000.0,0.05,1620700.0,219297.19
SL-9376,2024-04-30,Mahindra,XUV700,SUV,Petrol,West,Ahmedabad,Priya Singh,3,1644000.0,0.0,4932000.0,526718.28
SL-6083,2024-04-30,Maruti Suzuki,Brezza,SUV,Diesel,West,Pune,Rohit Verma,3,2559000.0,0.0,7677000.0,1596360.21
SL-8157,2024-05-01,Hyundai,Creta,SUV,Diesel,East,Kolkata,Arjun Nair,3,1966000.0,0.0,5898000.0,810982.88
SL-6839,2024-05-01,Toyota,Camry,Sedan,Diesel,Central,Bhopal,Rahul Sharma,1,1714000.0,0.0,1714000.0,266518.94
SL-7476,2024-05-01,Kia,Seltos,SUV,Diesel,Central,Nagpur,Anjali Desai,1,1799000.0,0.0,1799000.0,300459.42
SL-6824,2024-05-01,Hyundai,Venue,SUV,Electric,Central,Indore,Amit Patel,1,1337000.0,0.0,1337000.0,285969.74
SL-6849,2024-05-01,Ford,Figo,Hatchback,Diesel,West,Ahmedabad,Rahul Sharma,3,653000.0,0.0,1959000.0,351213.35
SL-7359,2024-05-01,Hyundai,Venue,SUV,Petrol,East,Kolkata,Arjun Nair,1,1392000.0,0.02,1364160.0,229783.89
SL-6074,2024-05-01,Maruti Suzuki,Brezza,SUV,Petrol,Central,Indore,Priya Singh,3,2722000.0,0.02,8002680.0,1266630.79
SL-9061,2024-05-02,Honda,CR-V,SUV,Petrol,North,Lucknow,Priya Singh,2,2152000.0,0.02,4217920.0,690283.85
SL-8591,2024-05-02,Hyundai,Venue,SUV,Diesel,Central,Nagpur,Anjali Desai,2,2348000.0,0.05,4461200.0,624449.43
SL-8200,2024-05-02,Maruti Suzuki,Brezza,SUV,Petrol,East,Patna,Neha Gupta,1,1348000.0,0.05,1280600.0,171656.44
SL-8115,2024-05-02,Maruti Suzuki,Swift,Hatchback,Petrol,North,Delhi,Arjun Nair,1,662000.0,0.0,662000.0,127203.4
SL-5230,2024-05-02,Tata,Harrier,SUV,Diesel,North,Delhi,Amit Patel,2,1979000.0,0.0,3958000.0,690705.49
SL-8667,2024-05-02,Kia,Seltos,SUV,Petrol,Central,Nagpur,Priya Singh,1,2367000.0,0.08,2177640.0,165009.88
SL-6142,2024-05-03,Ford,EcoSport,SUV,Diesel,South,Bengaluru,Anjali Desai,2,2504000.0,0.05,4757600.0,744873.61
SL-8709,2024-05-03,Honda,Amaze,Sedan,Diesel,South,Bengaluru,Amit Patel,3,1197000.0,0.05,3411450.0,239981.53
SL-8886,2024-05-03,Maruti Suzuki,Baleno,Hatchback,Petrol,East,Patna,Anjali Desai,1,637000.0,0.05,605150.0,85561.99
SL-7042,2024-05-03,Kia,Sonet,SUV,CNG,West,Pune,Rohit Verma,3,1124000.0,0.02,3304560.0,469343.48
SL-8313,2024-05-03,Ford,Endeavour,SUV,Electric,West,Ahmedabad,Anjali Desai,1,2012000.0,0.05,1911400.0,161062.8
SL-9363,2024-05-03,Hyundai,Verna,Sedan,Electric,South,Bengaluru,Arjun Nair,1,1045000.0,0.08,961400.0,108180.23
SL-8327,2024-05-03,Honda,City,Sedan,Diesel,North,Chandigarh,Rohit Verma,3,1058000.0,0.1,2856600.0,369061.75
SL-7901,2024-05-03,Ford,EcoSport,SUV,Petrol,North,Chandigarh,Rohit Verma,3,2540000.0,0.0,7620000.0,1590523.69
SL-7345,2024-05-05,Mahindra,Scorpio,SUV,Diesel,East,Patna,Kavita Joshi,1,1296000.0,0.05,1231200.0,107554.81
SL-6942,2024-05-05,Ford,EcoSport,SUV,Petrol,North,Lucknow,Amit Patel,3,1915000.0,0.0,5745000.0,938376.62
SL-5339,2024-05-05,Mahindra,Thar,SUV,Electric,South,Bengaluru,Sneha Reddy,3,2277000.0,0.0,6831000.0,1082153.56
SL-7308,2024-05-05,Maruti Suzuki,Swift,Hatchback,CNG,North,Lucknow,Vikram Iyer,1,755000.0,0.05,717250.0,54030.77
SL-8073,2024-05-06,Maruti Suzuki,Brezza,SUV,CNG,Central,Indore,Kavita Joshi,1,1848000.0,0.02,1811040.0,352078.68
SL-8268,2024-05-06,Ford,EcoSport,SUV,Petrol,West,Ahmedabad,Arjun Nair,3,1603000.0,0.0,4809000.0,586050.75
SL-5002,2024-05-06,Tata,Harrier,SUV,Petrol,South,Bengaluru,Rahul Sharma,2,1524000.0,0.0,3048000.0,314399.18
SL-5723,2024-05-06,Tata,Altroz,Hatchback,Diesel,North,Lucknow,Amit Patel,1,640000.0,0.0,640000.0,96883.55
SL-7686,2024-05-06,Maruti Suzuki,Baleno,Hatchback,Diesel,South,Hyderabad,Anjali Desai,2,635000.0,0.08,1168400.0,173481.45
SL-5740,2024-05-06,Toyota,Innova,MPV,Diesel,East,Kolkata,Kavita Joshi,2,1894000.0,0.08,3484960.0,351003.07
SL-7799,2024-05-06,Ford,Endeavour,SUV,Petrol,North,Lucknow,Rohit Verma,2,2441000.0,0.0,4882000.0,986862.14
SL-6093,2024-05-06,Kia,Seltos,SUV,Diesel,North,Lucknow,Amit Patel,3,1589000.0,0.02,4671660.0,561588.78
SL-7030,2024-05-06,Toyota,Corolla,Sedan,Petrol,West,Pune,Neha Gupta,2,1344000.0,0.0,2688000.0,425120.81
SL-6628,2024-05-06,Maruti Suzuki,Swift,Hatchback,Diesel,East,Patna,Arjun Nair,2,707000.0,0.05,1343300.0,192708.77
SL-9153,2024-05-07,Maruti Suzuki,Baleno,Hatchback,Petrol,North,Chandigarh,Vikram Iyer,1,728000.0,0.0,728000.0,108870.73
SL-7470,2024-05-07,Tata,Nexon,SUV,Diesel,North,Lucknow,Neha Gupta,2,2031000.0,0.05,3858900.0,620725.16
SL-5820,2024-05-07,Ford,Figo,Hatchback,Diesel,East,Kolkata,Amit Patel,3,801000.0,0.0,2403000.0,393401.76
SL-5337,2024-05-08,Honda,Civic,Sedan,Diesel,North,Delhi,Amit Patel,1,1110000.0,0.0,1110000.0,208966.49
SL-7875,2024-05-08,Tata,Nexon,SUV,Petrol,East,Bhubaneswar,Kavita Joshi,1,1047000.0,0.08,963240.0,47658.68
SL-8107,2024-05-08,Mahindra,XUV700,SUV,Diesel,West,Pune,Rahul Sharma,3,2594000.0,0.08,7159440.0,534564.23
SL-7642,2024-05-08,Maruti Suzuki,Brezza,SUV,CNG,Central,Bhopal,Vikram Iyer,3,2792000.0,0.02,8208480.0,1337173.55
SL-5418,2024-05-08,Hyundai,Creta,SUV,Diesel,South,Chennai,Sneha Reddy,2,1742000.0,0.0,3484000.0,743175.86
SL-5601,2024-05-09,Toyota,Camry,Sedan,CNG,East,Bhubaneswar,Rahul Sharma,3,1495000.0,0.0,4485000.0,783900.52
SL-8109,2024-05-09,Kia,Sonet,SUV,Petrol,Central,Indore,Rahul Sharma,3,2387000.0,0.0,7161000.0,1250773.9
SL-8132,2024-05-09,Honda,Civic,Sedan,Diesel,West,Ahmedabad,Arjun Nair,1,1156000.0,0.0,1156000.0,116547.35
SL-6150,2024-05-10,Honda,Amaze,Sedan,Petrol,Central,Nagpur,Priya Singh,1,1398000.0,0.02,1370040.0,198896.17
SL-9447,2024-05-10,Hyundai,Verna,Sedan,Petrol,South,Hyderabad,Amit Patel,3,1737000.0,0.0,5211000.0,817430.01
SL-9185,2024-05-10,Toyota,Innova,MPV,Diesel,East,Patna,Sneha Reddy,2,1618000.0,0.02,3171280.0,609062.94
SL-5421,2024-05-10,Maruti Suzuki,Swift,Hatchback,Petrol,Central,Nagpur,Rahul Sharma,3,828000.0,0.08,2285280.0,332973.47
SL-7174,2024-05-10,Ford,Figo,Hatchback,Petrol,East,Bhubaneswar,Kavita Joshi,1,669000.0,0.02,655620.0,127224.64
SL-7080,2024-05-10,Mahindra,Bolero,SUV,Petrol,East,Bhubaneswar,Sneha Reddy,2,2670000.0,0.02,5233200.0,895447.63
SL-7229,2024-05-11,Toyota,Fortuner,SUV,Diesel,Central,Nagpur,Kavita Joshi,2,2371000.0,0.1,4267800.0,171243.53
SL-5508,2024-05-11,Hyundai,Verna,Sedan,Petrol,South,Hyderabad,Rohit Verma,3,1121000.0,0.0,3363000.0,573319.57
SL-9397,2024-05-12,Mahindra,XUV700,SUV,Petrol,Central,Bhopal,Vikram Iyer,3,1819000.0,0.02,5347860.0,888421.9
SL-8287,2024-05-12,Hyundai,i20,Hatchback,CNG,East,Bhubaneswar,Rahul Sharma,2,811000.0,0.02,1589560.0,172312.43
SL-7148,2024-05-12,Ford,Figo,Hatchback,Diesel,North,Lucknow,Neha Gupta,2,676000.0,0.05,1284400.0,184498.27
SL-5931,2024-05-12,Tata,Punch,SUV,CNG,North,Lucknow,Arjun Nair,2,2538000.0,0.02,4974480.0,680160.4
SL-6315,2024-05-12,Mahindra,Thar,SUV,Petrol,South,Bengaluru,Rahul Sharma,1,1586000.0,0.02,1554280.0,249578.62
SL-5130,2024-05-12,Maruti Suzuki,Ertiga,MPV,Petrol,East,Kolkata,Vikram Iyer,3,1181000.0,0.0,3543000.0,695637.95
SL-8186,2024-05-12,Honda,City,Sedan,Petrol,West,Ahmedabad,Amit Patel,2,1745000.0,0.05,3315500.0,275018.4
SL-5410,2024-05-13,Toyota,Camry,Sedan,Petrol,South,Bengaluru,Priya Singh,2,1188000.0,0.05,2257200.0,323057.71
SL-8929,2024-05-13,Toyota,Innova,MPV,CNG,East,Patna,Rohit Verma,3,1308000.0,0.05,3727800.0,565638.59
SL-5293,2024-05-13,Tata,Altroz,Hatchback,Petrol,West,Mumbai,Amit Patel,3,605000.0,0.05,1724250.0,173617.19
SL-7932,2024-05-13,Ford,Figo,Hatchback,CNG,South,Chennai,Amit Patel,1,628000.0,0.1,565200.0,66458.78
SL-6181,2024-05-13,Tata,Nexon,SUV,Diesel,East,Bhubaneswar,Anjali Desai,1,1331000.0,0.05,1264450.0,76500.67
SL-7587,2024-05-13,Kia,Carens,MPV,Petrol,Central,Indore,Vikram Iyer,3,1484000.0,0.02,4362960.0,839195.56
SL-8507,2024-05-14,Ford,EcoSport,SUV,CNG,East,Kolkata,Arjun Nair,2,1221000.0,0.0,2442000.0,279730.3
SL-7049,2024-05-14,Maruti Suzuki,Ertiga,MPV,Petrol,Central,Bhopal,Vikram Iyer,1,1725000.0,0.05,1638750.0,250424.12
SL-6225,2024-05-14,Tata,Punch,SUV,Petrol,South,Chennai,Kavita Joshi,3,1852000.0,0.0,5556000.0,589681.64
SL-7977,2024-05-14,Mahindra,XUV700,SUV,CNG,Central,Nagpur,Rahul Sharma,3,1598000.0,0.05,4554300.0,750854.01
SL-5079,2024-05-14,Honda,Civic,Sedan,Diesel,West,Mumbai,Anjali Desai,1,1324000.0,0.0,1324000.0,205225.16
SL-7079,2024-05-14,Maruti Suzuki,Brezza,SUV,Petrol,South,Hyderabad,Vikram Iyer,3,1154000.0,0.02,3392760.0,521760.32
SL-7946,2024-05-14,Toyota,Innova,MPV,Diesel,East,Bhubaneswar,Kavita Joshi,2,1658000.0,0.05,3150200.0,381826.06
SL-7427,2024-05-14,Kia,Seltos,SUV,Diesel,South,Chennai,Priya Singh,1,2207000.0,0.0,2207000.0,423675.96
SL-9183,2024-05-15,Honda,CR-V,SUV,Diesel,North,Chandigarh,Neha Gupta,2,1847000.0,0.0,3694000.0,434278.01
SL-7062,2024-05-15,Ford,Endeavour,SUV,Electric,South,Hyderabad,Anjali Desai,1,1373000.0,0.1,1235700.0,77112.79
SL-7738,2024-05-15,Honda,Amaze,Sedan,Petrol,West,Pune,Rahul Sharma,2,1094000.0,0.05,2078600.0,120762.24
SL-7331,2024-05-15,Toyota,Camry,Sedan,Diesel,Central,Bhopal,Priya Singh,2,1724000.0,0.05,3275600.0,208516.56
SL-6341,2024-05-15,Hyundai,i20,Hatchback,CNG,West,Mumbai,Anjali Desai,1,865000.0,0.02,847700.0,152824.49
SL-8611,2024-05-15,Toyota,Fortuner,SUV,Diesel,South,Bengaluru,Rahul Sharma,2,2681000.0,0.05,5093900.0,772118.63
SL-7005,2024-05-15,Toyota,Camry,Sedan,Petrol,East,Bhubaneswar,Anjali Desai,2,1194000.0,0.0,2388000.0,283809.42
SL-5692,2024-05-16,Toyota,Fortuner,SUV,Petrol,North,Delhi,Rahul Sharma,2,1590000.0,0.0,3180000.0,341638.65
SL-8922,2024-05-16,Toyota,Camry,Sedan,Petrol,North,Lucknow,Neha Gupta,2,1346000.0,0.02,2638160.0,353138.12
SL-8083,2024-05-16,Honda,Amaze,Sedan,Petrol,North,Delhi,Sneha Reddy,2,1521000.0,0.05,2889900.0,416232.44
SL-7348,2024-05-16,Kia,Seltos,SUV,Petrol,East,Bhubaneswar,Rahul Sharma,3,1794000.0,0.0,5382000.0,1000526.06
SL-7691,2024-05-16,Toyota,Innova,MPV,Diesel,South,Chennai,Kavita Joshi,1,1586000.0,0.0,1586000.0,184009.86
SL-6021,2024-05-16,Honda,Civic,Sedan,Petrol,East,Kolkata,Kavita Joshi,3,1349000.0,0.02,3966060.0,537095.95
SL-5737,2024-05-16,Tata,Punch,SUV,Electric,South,Chennai,Amit Patel,2,2187000.0,0.0,4374000.0,798159.12
SL-9472,2024-05-16,Toyota,Innova,MPV,Diesel,East,Kolkata,Rohit Verma,3,1392000.0,0.0,4176000.0,498424.4
SL-8017,2024-05-16,Hyundai,Venue,SUV,CNG,West,Pune,Neha Gupta,1,1651000.0,0.0,1651000.0,236442.25
SL-8529,2024-05-16,Honda,CR-V,SUV,Petrol,South,Chennai,Vikram Iyer,1,2795000.0,0.02,2739100.0,335428.04
SL-6692,2024-05-16,Mahindra,XUV700,SUV,Petrol,West,Pune,Rohit Verma,1,2435000.0,0.02,2386300.0,359301.56
SL-7539,2024-05-16,Honda,City,Sedan,Petrol,North,Chandigarh,Sneha Reddy,1,1143000.0,0.0,1143000.0,131870.0
SL-5866,2024-05-17,Hyundai,i20,Hatchback,Petrol,Central,Nagpur,Neha Gupta,3,701000.0,0.0,2103000.0,215727.14
SL-7797,2024-05-17,Kia,Seltos,SUV,Petrol,East,Bhubaneswar,Arjun Nair,1,1629000.0,0.0,1629000.0,174733.86
SL-6539,2024-05-17,Honda,Amaze,Sedan,Diesel,North,Delhi,Anjali Desai,1,1415000.0,0.05,1344250.0,110352.36
SL-7928,2024-05-17,Mahindra,Scorpio,SUV,Diesel,South,Hyderabad,Rahul Sharma,3,1112000.0,0.05,3169200.0,499857.93
SL-8600,2024-05-17,Kia,Sonet,SUV,Petrol,North,Chandigarh,Arjun Nair,1,1674000.0,0.1,1506600.0,70357.48
SL-7284,2024-05-17,Ford,Endeavour,SUV,Petrol,East,Patna,Priya Singh,3,1393000.0,0.05,3970050.0,238060.46
SL-8967,2024-05-17,Hyundai,Verna,Sedan,Petrol,West,Pune,Priya Singh,3,970000.0,0.0,2910000.0,508490.76
SL-8649,2024-05-18,Hyundai,i20,Hatchback,Diesel,East,Patna,Anjali Desai,3,818000.0,0.0,2454000.0,394431.04
SL-9254,2024-05-18,Tata,Harrier,SUV,Petrol,South,Bengaluru,Anjali Desai,3,2692000.0,0.02,7914480.0,1250019.67
SL-6398,2024-05-18,Honda,Civic,Sedan,Petrol,Central,Bhopal,Rahul Sharma,2,1497000.0,0.02,2934120.0,460169.88
SL-5991,2024-05-18,Mahindra,Bolero,SUV,Petrol,North,Delhi,Anjali Desai,2,1707000.0,0.02,3345720.0,378166.29
SL-6278,2024-05-18,Honda,Amaze,Sedan,Petrol,South,Hyderabad,Amit Patel,3,1408000.0,0.0,4224000.0,761407.04
SL-6924,2024-05-18,Mahindra,Bolero,SUV,Electric,North,Delhi,Kavita Joshi,1,2265000.0,0.05,2151750.0,139304.54
SL-6663,2024-05-18,Tata,Harrier,SUV,Petrol,West,Pune,Rahul Sharma,3,1576000.0,0.05,4491600.0,731974.39
SL-7120,2024-05-18,Tata,Nexon,SUV,Diesel,Central,Indore,Neha Gupta,1,1031000.0,0.08,948520.0,141217.94
SL-8694,2024-05-19,Hyundai,Venue,SUV,Petrol,Central,Nagpur,Kavita Joshi,1,2595000.0,0.0,2595000.0,563112.83
SL-8484,2024-05-19,Tata,Nexon,SUV,Petrol,South,Hyderabad,Priya Singh,3,1649000.0,0.02,4848060.0,912800.06
SL-9303,2024-05-19,Maruti Suzuki,Swift,Hatchback,Diesel,South,Chennai,Amit Patel,3,900000.0,0.0,2700000.0,559093.53
SL-5024,2024-05-20,Mahindra,XUV700,SUV,Diesel,West,Mumbai,Sneha Reddy,2,2602000.0,0.0,5204000.0,783755.62
SL-6614,2024-05-20,Honda,CR-V,SUV,CNG,Central,Bhopal,Arjun Nair,1,1762000.0,0.0,1762000.0,365196.77
SL-5653,2024-05-20,Ford,Figo,Hatchback,Diesel,East,Bhubaneswar,Priya Singh,3,871000.0,0.0,2613000.0,508633.54
SL-9200,2024-05-20,Tata,Harrier,SUV,CNG,West,Pune,Priya Singh,1,2446000.0,0.02,2397080.0,438379.92
SL-5929,2024-05-20,Toyota,Fortuner,SUV,Diesel,East,Bhubaneswar,Vikram Iyer,2,2261000.0,0.02,4431560.0,874436.71
SL-6163,2024-05-20,Toyota,Camry,Sedan,CNG,South,Chennai,Amit Patel,3,1511000.0,0.08,4170360.0,445280.54
SL-9248,2024-05-20,Toyota,Corolla,Sedan,Petrol,Central,Indore,Rahul Sharma,2,1699000.0,0.0,3398000.0,645596.47
SL-6191,2024-05-20,Honda,Amaze,Sedan,Diesel,West,Ahmedabad,Neha Gupta,1,1489000.0,0.08,1369880.0,161294.42
SL-5408,2024-05-20,Toyota,Innova,MPV,Diesel,North,Chandigarh,Vikram Iyer,2,1066000.0,0.0,2132000.0,257326.34
SL-7076,2024-05-21,Honda,Civic,Sedan,Petrol,East,Patna,Vikram Iyer,2,1563000.0,0.02,3063480.0,597568.26
SL-8999,2024-05-21,Hyundai,Verna,Sedan,Diesel,Central,Nagpur,Priya Singh,1,1241000.0,0.02,1216180.0,226111.52
SL-9197,2024-05-21,Mahindra,Thar,SUV,Petrol,Central,Bhopal,Arjun Nair,1,1141000.0,0.02,1118180.0,221054.61
SL-6741,2024-05-21,Kia,Carens,MPV,Electric,West,Pune,Vikram Iyer,3,1407000.0,0.0,4221000.0,656299.31
SL-8245,2024-05-21,Hyundai,Creta,SUV,Petrol,South,Bengaluru,Rohit Verma,3,2293000.0,0.0,6879000.0,999279.77
SL-7891,2024-05-21,Tata,Harrier,SUV,Diesel,South,Chennai,Rohit Verma,1,1869000.0,0.02,1831620.0,207584.34
SL-5941,2024-05-21,Hyundai,Creta,SUV,Petrol,East,Patna,Rohit Verma,2,2666000.0,0.02,5225360.0,520644.56
SL-8663,2024-05-21,Hyundai,i20,Hatchback,Petrol,South,Chennai,Anjali Desai,3,790000.0,0.0,2370000.0,453550.46
SL-5832,2024-05-21,Honda,Civic,Sedan,Diesel,Central,Nagpur,Arjun Nair,1,1549000.0,0.1,1394100.0,99937.34
SL-5387,2024-05-22,Tata,Altroz,Hatchback,Diesel,South,Bengaluru,Priya Singh,2,843000.0,0.0,1686000.0,316536.87
SL-6564,2024-05-22,Ford,Endeavour,SUV,Diesel,East,Kolkata,Amit Patel,2,1310000.0,0.0,2620000.0,530173.77
SL-5356,2024-05-22,Hyundai,i20,Hatchback,Electric,North,Lucknow,Arjun Nair,2,733000.0,0.02,1436680.0,236900.79
SL-5762,2024-05-22,Tata,Altroz,Hatchback,Diesel,Central,Indore,Kavita Joshi,3,795000.0,0.0,2385000.0,262309.96
SL-6342,2024-05-22,Maruti Suzuki,Brezza,SUV,Diesel,East,Bhubaneswar,Rahul Sharma,1,2615000.0,0.02,2562700.0,341841.25
SL-8159,2024-05-22,Maruti Suzuki,Ertiga,MPV,Diesel,West,Pune,Vikram Iyer,1,1695000.0,0.0,1695000.0,359890.48
SL-6952,2024-05-22,Toyota,Innova,MPV,Petrol,East,Kolkata,Priya Singh,3,1432000.0,0.02,4210080.0,634808.46
SL-7629,2024-05-23,Tata,Harrier,SUV,CNG,North,Delhi,Neha Gupta,3,2500000.0,0.0,7500000.0,1491316.7
SL-5428,2024-05-23,Tata,Harrier,SUV,Petrol,Central,Nagpur,Priya Singh,3,1709000.0,0.0,5127000.0,592896.73
SL-5142,2024-05-23,Tata,Punch,SUV,Petrol,North,Lucknow,Priya Singh,3,1430000.0,0.0,4290000.0,713580.13
SL-7068,2024-05-24,Mahindra,Thar,SUV,CNG,North,Chandigarh,Anjali Desai,1,2145000.0,0.0,2145000.0,318128.7
SL-6295,2024-05-24,Honda,CR-V,SUV,Diesel,West,Pune,Amit Patel,2,2151000.0,0.02,4215960.0,789737.65
SL-7637,2024-05-24,Toyota,Fortuner,SUV,CNG,West,Mumbai,Neha Gupta,2,1858000.0,0.08,3418720.0,429546.33
SL-9364,2024-05-24,Ford,EcoSport,SUV,CNG,South,Hyderabad,Arjun Nair,2,2594000.0,0.08,4772960.0,351921.52
SL-5320,2024-05-24,Tata,Harrier,SUV,Diesel,North,Chandigarh,Sneha Reddy,1,2471000.0,0.0,2471000.0,480625.13
SL-6052,2024-05-25,Mahindra,XUV700,SUV,Diesel,East,Patna,Rohit Verma,2,1014000.0,0.0,2028000.0,309608.24
SL-8864,2024-05-25,Kia,Seltos,SUV,CNG,West,Mumbai,Rohit Verma,2,1182000.0,0.02,2316720.0,209290.41
SL-6845,2024-05-25,Mahindra,Bolero,SUV,Diesel,North,Delhi,Anjali Desai,1,1222000.0,0.1,1099800.0,125069.25
SL-5979,2024-05-25,Honda,Amaze,Sedan,Diesel,Central,Nagpur,Neha Gupta,1,1560000.0,0.1,1404000.0,107720.1
SL-7848,2024-05-25,Kia,Sonet,SUV,Petrol,Central,Nagpur,Sneha Reddy,3,2140000.0,0.0,6420000.0,1404647.15
SL-7747,2024-05-25,Tata,Altroz,Hatchback,Petrol,West,Pune,Rahul Sharma,3,727000.0,0.0,2181000.0,462294.12
SL-7608,2024-05-26,Toyota,Innova,MPV,CNG,West,Mumbai,Arjun Nair,2,1156000.0,0.0,2312000.0,303058.23
SL-8172,2024-05-26,Honda,CR-V,SUV,Diesel,West,Ahmedabad,Rohit Verma,1,2115000.0,0.05,2009250.0,283994.57
SL-9110,2024-05-26,Ford,Endeavour,SUV,Electric,North,Chandigarh,Kavita Joshi,3,1806000.0,0.08,4984560.0,195780.13
SL-5949,2024-05-26,Mahindra,XUV700,SUV,Diesel,North,Chandigarh,Arjun Nair,2,1731000.0,0.05,3288900.0,364473.18
SL-5242,2024-05-26,Maruti Suzuki,Baleno,Hatchback,CNG,East,Kolkata,Kavita Joshi,3,653000.0,0.0,1959000.0,317932.34
SL-5557,2024-05-26,Toyota,Corolla,Sedan,Diesel,West,Mumbai,Anjali Desai,3,1250000.0,0.0,3750000.0,725199.23
SL-7401,2024-05-26,Tata,Punch,SUV,CNG,Central,Nagpur,Vikram Iyer,2,1198000.0,0.0,2396000.0,477713.14
SL-9025,2024-05-27,Kia,Carens,MPV,CNG,Central,Nagpur,Vikram Iyer,1,1031000.0,0.02,1010380.0,165169.1
SL-7674,2024-05-27,Tata,Punch,SUV,Electric,South,Chennai,Neha Gupta,1,1683000.0,0.05,1598850.0,158887.3
SL-8435,2024-05-27,Mahindra,XUV700,SUV,Petrol,North,Delhi,Sneha Reddy,3,2304000.0,0.0,6912000.0,1003419.45
SL-7870,2024-05-27,Kia,Carens,MPV,CNG,East,Patna,Anjali Desai,1,1140000.0,0.0,1140000.0,227140.13
SL-7687,2024-05-27,Toyota,Corolla,Sedan,Petrol,North,Lucknow,Arjun Nair,3,1497000.0,0.0,4491000.0,836874.5
SL-8622,2024-05-27,Toyota,Fortuner,SUV,CNG,West,Ahmedabad,Rohit Verma,2,1723000.0,0.05,3273700.0,260670.85
SL-8206,2024-05-27,Kia,Seltos,SUV,Petrol,North,Delhi,Arjun Nair,2,2147000.0,0.0,4294000.0,541581.63
SL-9054,2024-05-27,Maruti Suzuki,Baleno,Hatchback,CNG,West,Ahmedabad,Anjali Desai,3,702000.0,0.05,2000700.0,352568.47
SL-5915,2024-05-27,Kia,Seltos,SUV,Diesel,South,Chennai,Priya Singh,3,2771000.0,0.05,7897350.0,570844.07
SL-6796,2024-05-28,Honda,Civic,Sedan,CNG,Central,Nagpur,Rahul Sharma,2,964000.0,0.1,1735200.0,70420.71
SL-6339,2024-05-28,Honda,Civic,Sedan,Diesel,East,Bhubaneswar,Amit Patel,3,1138000.0,0.02,3345720.0,487404.04
SL-6167,2024-05-28,Toyota,Innova,MPV,Petrol,South,Bengaluru,Rohit Verma,3,1874000.0,0.08,5172240.0,478840.66
SL-7391,2024-05-28,Kia,Carens,MPV,CNG,Central,Nagpur,Vikram Iyer,1,1805000.0,0.0,1805000.0,335181.03
SL-6049,2024-05-29,Hyundai,Verna,Sedan,Petrol,North,Chandigarh,Priya Singh,2,1395000.0,0.0,2790000.0,451337.21
SL-7200,2024-05-29,Honda,Amaze,Sedan,CNG,East,Patna,Sneha Reddy,2,1366000.0,0.0,2732000.0,397439.49
SL-8169,2024-05-29,Maruti Suzuki,Ertiga,MPV,Diesel,Central,Indore,Sneha Reddy,3,1056000.0,0.05,3009600.0,366469.7
SL-6781,2024-05-29,Honda,Civic,Sedan,Diesel,Central,Indore,Rahul Sharma,2,1484000.0,0.05,2819600.0,150905.58
SL-8795,2024-05-29,Maruti Suzuki,Baleno,Hatchback,Petrol,West,Mumbai,Neha Gupta,3,892000.0,0.0,2676000.0,311012.11
SL-6456,2024-05-29,Kia,Sonet,SUV,Petrol,South,Bengaluru,Rohit Verma,2,2181000.0,0.0,4362000.0,632478.2
SL-8118,2024-05-30,Honda,Amaze,Sedan,Petrol,East,Bhubaneswar,Kavita Joshi,1,1432000.0,0.0,1432000.0,268475.1
SL-5468,2024-05-30,Kia,Carens,MPV,Petrol,East,Patna,Sneha Reddy,1,1431000.0,0.08,1316520.0,55259.94
SL-7821,2024-05-30,Honda,City,Sedan,Petrol,South,Chennai,Amit Patel,1,1046000.0,0.0,1046000.0,147225.06
SL-8383,2024-05-30,Mahindra,Bolero,SUV,Diesel,East,Patna,Sneha Reddy,3,1131000.0,0.0,3393000.0,485009.16
SL-7896,2024-05-31,Maruti Suzuki,Brezza,SUV,Petrol,Central,Indore,Amit Patel,2,1134000.0,0.1,2041200.0,237600.68
SL-5822,2024-05-31,Ford,EcoSport,SUV,Diesel,South,Chennai,Anjali Desai,1,1130000.0,0.05,1073500.0,95836.88
SL-7306,2024-06-01,Honda,CR-V,SUV,CNG,East,Patna,Rohit Verma,1,1064000.0,0.08,978880.0,132243.3
SL-6041,2024-06-01,Ford,Endeavour,SUV,Petrol,North,Lucknow,Arjun Nair,2,2780000.0,0.02,5448800.0,930167.2
SL-6136,2024-06-01,Honda,Amaze,Sedan,Petrol,North,Delhi,Kavita Joshi,3,905000.0,0.0,2715000.0,495909.29
SL-8691,2024-06-01,Ford,EcoSport,SUV,Petrol,East,Patna,Priya Singh,1,1017000.0,0.0,1017000.0,177108.5
SL-6925,2024-06-01,Mahindra,XUV700,SUV,Diesel,Central,Bhopal,Priya Singh,2,1692000.0,0.0,3384000.0,459613.48
SL-8218,2024-06-01,Toyota,Corolla,Sedan,Diesel,South,Hyderabad,Sneha Reddy,3,1052000.0,0.0,3156000.0,486202.92
SL-9052,2024-06-02,Tata,Punch,SUV,Diesel,North,Delhi,Priya Singh,1,1981000.0,0.05,1881950.0,262628.01
SL-5476,2024-06-02,Honda,Amaze,Sedan,Petrol,Central,Indore,Neha Gupta,3,1773000.0,0.05,5053050.0,728639.89
SL-5300,2024-06-02,Kia,Seltos,SUV,Petrol,East,Patna,Kavita Joshi,1,2445000.0,0.08,2249400.0,159620.2
SL-6477,2024-06-02,Mahindra,Thar,SUV,CNG,East,Bhubaneswar,Anjali Desai,2,1473000.0,0.08,2710320.0,201607.8
SL-7950,2024-06-02,Maruti Suzuki,Brezza,SUV,Petrol,West,Ahmedabad,Sneha Reddy,2,1721000.0,0.0,3442000.0,692086.82
SL-7947,2024-06-02,Mahindra,Scorpio,SUV,Petrol,North,Lucknow,Rahul Sharma,3,1743000.0,0.02,5124420.0,883500.0
SL-5233,2024-06-02,Maruti Suzuki,Swift,Hatchback,Diesel,West,Ahmedabad,Vikram Iyer,1,892000.0,0.02,874160.0,147235.92
SL-6734,2024-06-02,Honda,CR-V,SUV,Diesel,East,Bhubaneswar,Arjun Nair,2,1004000.0,0.05,1907600.0,184353.86
SL-6637,2024-06-02,Kia,Sonet,SUV,Petrol,West,Mumbai,Amit Patel,1,1711000.0,0.05,1625450.0,117118.76
SL-9186,2024-06-02,Toyota,Fortuner,SUV,Petrol,North,Chandigarh,Amit Patel,2,1300000.0,0.02,2548000.0,335860.44
SL-5669,2024-06-02,Tata,Altroz,Hatchback,Diesel,East,Bhubaneswar,Neha Gupta,2,804000.0,0.05,1527600.0,133052.76
SL-8571,2024-06-03,Tata,Nexon,SUV,Petrol,South,Bengaluru,Priya Singh,1,2425000.0,0.05,2303750.0,374158.1
SL-6174,2024-06-03,Ford,Endeavour,SUV,Diesel,North,Lucknow,Rahul Sharma,3,2120000.0,0.0,6360000.0,680861.26
SL-7168,2024-06-03,Tata,Altroz,Hatchback,CNG,West,Pune,Amit Patel,2,662000.0,0.0,1324000.0,257017.8
SL-5241,2024-06-03,Ford,Endeavour,SUV,Diesel,West,Ahmedabad,Rahul Sharma,1,2374000.0,0.05,2255300.0,180114.19
SL-5391,2024-06-04,Tata,Nexon,SUV,Petrol,East,Patna,Vikram Iyer,1,2215000.0,0.05,2104250.0,293461.44
SL-7873,2024-06-04,Mahindra,Scorpio,SUV,Petrol,West,Mumbai,Rahul Sharma,1,2135000.0,0.0,2135000.0,286441.32
SL-5529,2024-06-04,Toyota,Fortuner,SUV,Petrol,East,Kolkata,Vikram Iyer,2,1098000.0,0.08,2020320.0,304802.06
SL-8167,2024-06-04,Hyundai,i20,Hatchback,Petrol,East,Kolkata,Vikram Iyer,1,690000.0,0.05,655500.0,98229.05
SL-8660,2024-06-04,Toyota,Fortuner,SUV,Diesel,Central,Indore,Amit Patel,2,1103000.0,0.05,2095700.0,188140.85
SL-9274,2024-06-05,Ford,Figo,Hatchback,Diesel,East,Bhubaneswar,Anjali Desai,2,811000.0,0.02,1589560.0,166268.04
SL-5691,2024-06-05,Hyundai,Venue,SUV,Petrol,North,Delhi,Anjali Desai,3,1181000.0,0.02,3472140.0,406316.37
SL-6042,2024-06-05,Honda,CR-V,SUV,Petrol,North,Lucknow,Neha Gupta,1,1185000.0,0.02,1161300.0,172699.62
SL-6989,2024-06-05,Kia,Sonet,SUV,Petrol,North,Chandigarh,Rohit Verma,2,1085000.0,0.05,2061500.0,178583.84
SL-7231,2024-06-05,Toyota,Camry,Sedan,Electric,West,Ahmedabad,Kavita Joshi,3,1663000.0,0.02,4889220.0,643261.6
SL-7882,2024-06-06,Ford,Endeavour,SUV,Petrol,West,Ahmedabad,Amit Patel,3,2548000.0,0.02,7491120.0,1294572.96
SL-6079,2024-06-06,Hyundai,Creta,SUV,Petrol,East,Bhubaneswar,Neha Gupta,2,1694000.0,0.0,3388000.0,379205.26
SL-8424,2024-06-06,Mahindra,Scorpio,SUV,Diesel,East,Bhubaneswar,Sneha Reddy,2,2744000.0,0.08,5048960.0,328758.23
SL-5501,2024-06-06,Mahindra,Scorpio,SUV,Diesel,South,Chennai,Vikram Iyer,3,1499000.0,0.05,4272150.0,591796.5
SL-7989,2024-06-06,Toyota,Corolla,Sedan,Diesel,South,Bengaluru,Rohit Verma,1,1749000.0,0.08,1609080.0,221365.42
SL-8387,2024-06-06,Toyota,Innova,MPV,Diesel,East,Kolkata,Vikram Iyer,3,1576000.0,0.0,4728000.0,614734.4
SL-6742,2024-06-07,Maruti Suzuki,Baleno,Hatchback,Petrol,South,Bengaluru,Arjun Nair,3,641000.0,0.0,1923000.0,195783.5
SL-5509,2024-06-07,Ford,EcoSport,SUV,Petrol,South,Bengaluru,Kavita Joshi,2,1382000.0,0.0,2764000.0,539489.35
SL-7350,2024-06-08,Toyota,Innova,MPV,Diesel,East,Patna,Anjali Desai,3,1756000.0,0.02,5162640.0,819366.18
SL-6030,2024-06-08,Tata,Punch,SUV,Petrol,South,Chennai,Neha Gupta,3,1436000.0,0.0,4308000.0,881925.78
SL-7149,2024-06-08,Mahindra,Bolero,SUV,CNG,Central,Bhopal,Amit Patel,2,1196000.0,0.0,2392000.0,364823.66
SL-8930,2024-06-08,Hyundai,Creta,SUV,Petrol,North,Chandigarh,Arjun Nair,2,1488000.0,0.0,2976000.0,336734.31
SL-6576,2024-06-08,Mahindra,XUV700,SUV,Petrol,North,Delhi,Rahul Sharma,1,1189000.0,0.0,1189000.0,154071.25
SL-8523,2024-06-08,Honda,Amaze,Sedan,Diesel,Central,Bhopal,Rahul Sharma,3,1656000.0,0.0,4968000.0,526142.56
SL-5871,2024-06-08,Tata,Punch,SUV,Diesel,South,Chennai,Kavita Joshi,1,1418000.0,0.0,1418000.0,309497.68
SL-9006,2024-06-08,Kia,Sonet,SUV,Petrol,South,Bengaluru,Rohit Verma,3,2337000.0,0.02,6870780.0,987990.64
SL-5042,2024-06-09,Mahindra,Thar,SUV,Diesel,North,Delhi,Neha Gupta,2,1506000.0,0.02,2951760.0,378259.27
SL-8359,2024-06-09,Toyota,Fortuner,SUV,Petrol,East,Bhubaneswar,Rohit Verma,1,2721000.0,0.0,2721000.0,283631.0
SL-7290,2024-06-09,Tata,Altroz,Hatchback,Petrol,South,Chennai,Rohit Verma,3,606000.0,0.02,1781640.0,245588.07
SL-8697,2024-06-09,Hyundai,Venue,SUV,Diesel,South,Chennai,Neha Gupta,2,2161000.0,0.08,3976240.0,433110.63
SL-9076,2024-06-09,Tata,Nexon,SUV,Petrol,South,Chennai,Rahul Sharma,2,2195000.0,0.02,4302200.0,618634.73
SL-5150,2024-06-09,Mahindra,XUV700,SUV,Petrol,Central,Nagpur,Vikram Iyer,2,1035000.0,0.05,1966500.0,304779.8
SL-8887,2024-06-09,Mahindra,Thar,SUV,Petrol,Central,Indore,Kavita Joshi,1,2261000.0,0.0,2261000.0,258551.49
SL-8007,2024-06-09,Hyundai,Venue,SUV,CNG,East,Bhubaneswar,Amit Patel,3,2099000.0,0.02,6171060.0,703338.06
SL-5587,2024-06-10,Ford,Endeavour,SUV,Petrol,Central,Nagpur,Amit Patel,1,2742000.0,0.05,2604900.0,220925.74
SL-5106,2024-06-10,Honda,City,Sedan,Diesel,East,Kolkata,Rohit Verma,1,1324000.0,0.08,1218080.0,61974.29
SL-5951,2024-06-10,Honda,Civic,Sedan,Petrol,North,Delhi,Vikram Iyer,2,1397000.0,0.0,2794000.0,514019.85
SL-9028,2024-06-10,Honda,City,Sedan,Diesel,West,Pune,Vikram Iyer,2,1243000.0,0.0,2486000.0,297873.09
SL-5269,2024-06-11,Honda,Civic,Sedan,Petrol,South,Chennai,Neha Gupta,2,1155000.0,0.05,2194500.0,188149.3
SL-5382,2024-06-11,Maruti Suzuki,Brezza,SUV,Petrol,East,Kolkata,Kavita Joshi,1,2633000.0,0.0,2633000.0,483577.87
SL-8527,2024-06-11,Maruti Suzuki,Baleno,Hatchback,Diesel,West,Mumbai,Vikram Iyer,1,809000.0,0.02,792820.0,149641.46
SL-7662,2024-06-12,Ford,Endeavour,SUV,Petrol,East,Patna,Sneha Reddy,3,1513000.0,0.0,4539000.0,628059.43
SL-9178,2024-06-12,Toyota,Fortuner,SUV,Petrol,South,Chennai,Sneha Reddy,3,2123000.0,0.08,5859480.0,198553.23
SL-5923,2024-06-12,Ford,EcoSport,SUV,Diesel,East,Kolkata,Anjali Desai,1,1033000.0,0.02,1012340.0,174185.34
SL-6691,2024-06-13,Maruti Suzuki,Ertiga,MPV,Petrol,Central,Bhopal,Sneha Reddy,1,1462000.0,0.0,1462000.0,249597.38
SL-7465,2024-06-13,Mahindra,Scorpio,SUV,Petrol,West,Ahmedabad,Rahul Sharma,1,1541000.0,0.05,1463950.0,204036.84
SL-9087,2024-06-13,Mahindra,Bolero,SUV,CNG,East,Patna,Neha Gupta,1,2257000.0,0.05,2144150.0,320797.79
SL-6613,2024-06-13,Honda,City,Sedan,Diesel,South,Chennai,Kavita Joshi,3,973000.0,0.05,2773050.0,366499.54
SL-7606,2024-06-13,Maruti Suzuki,Baleno,Hatchback,CNG,Central,Nagpur,Rohit Verma,2,851000.0,0.05,1616900.0,122087.4
SL-6677,2024-06-13,Maruti Suzuki,Ertiga,MPV,Petrol,South,Hyderabad,Anjali Desai,3,992000.0,0.05,2827200.0,156473.39
SL-5942,2024-06-13,Ford,Figo,Hatchback,CNG,Central,Nagpur,Anjali Desai,3,628000.0,0.0,1884000.0,263377.01
SL-6279,2024-06-13,Ford,EcoSport,SUV,Petrol,West,Mumbai,Neha Gupta,2,2456000.0,0.0,4912000.0,1039782.22
SL-7570,2024-06-13,Mahindra,Scorpio,SUV,CNG,Central,Bhopal,Rohit Verma,3,1525000.0,0.05,4346250.0,692879.6
SL-9281,2024-06-14,Toyota,Camry,Sedan,Petrol,South,Bengaluru,Amit Patel,1,1125000.0,0.0,1125000.0,150520.85
SL-7458,2024-06-14,Mahindra,Thar,SUV,Petrol,North,Delhi,Priya Singh,3,2043000.0,0.0,6129000.0,1089102.37
SL-7948,2024-06-14,Tata,Nexon,SUV,Petrol,East,Patna,Anjali Desai,3,2204000.0,0.05,6281400.0,333828.38
SL-6864,2024-06-14,Ford,Figo,Hatchback,Petrol,West,Mumbai,Neha Gupta,1,680000.0,0.0,680000.0,147465.66
SL-9338,2024-06-14,Kia,Seltos,SUV,CNG,South,Hyderabad,Neha Gupta,3,1193000.0,0.08,3292680.0,364608.24
SL-5777,2024-06-14,Toyota,Corolla,Sedan,Petrol,West,Pune,Priya Singh,1,1562000.0,0.1,1405800.0,139299.49
SL-7737,2024-06-14,Honda,CR-V,SUV,Petrol,South,Chennai,Arjun Nair,1,1722000.0,0.02,1687560.0,209264.49
SL-8354,2024-06-15,Maruti Suzuki,Swift,Hatchback,Petrol,West,Ahmedabad,Rahul Sharma,3,834000.0,0.0,2502000.0,535839.22
SL-6005,2024-06-15,Toyota,Fortuner,SUV,CNG,Central,Indore,Amit Patel,2,1237000.0,0.02,2424520.0,298527.31
SL-5930,2024-06-15,Honda,City,Sedan,Petrol,South,Chennai,Rohit Verma,1,1667000.0,0.0,1667000.0,174368.18
SL-5893,2024-06-16,Mahindra,Thar,SUV,CNG,Central,Bhopal,Vikram Iyer,2,1975000.0,0.05,3752500.0,431972.62
SL-5637,2024-06-16,Maruti Suzuki,Baleno,Hatchback,Petrol,East,Patna,Rahul Sharma,1,814000.0,0.0,814000.0,124935.91
SL-5211,2024-06-16,Maruti Suzuki,Ertiga,MPV,Diesel,West,Ahmedabad,Rahul Sharma,3,1414000.0,0.05,4029900.0,347210.45
SL-8057,2024-06-16,Tata,Harrier,SUV,Petrol,Central,Bhopal,Kavita Joshi,2,1010000.0,0.05,1919000.0,280972.31
SL-5679,2024-06-16,Maruti Suzuki,Ertiga,MPV,Diesel,South,Bengaluru,Amit Patel,1,1244000.0,0.05,1181800.0,198406.72
SL-6407,2024-06-16,Maruti Suzuki,Baleno,Hatchback,CNG,West,Pune,Vikram Iyer,3,723000.0,0.08,1995480.0,165939.73
SL-6828,2024-06-16,Kia,Sonet,SUV,Petrol,South,Bengaluru,Neha Gupta,1,1646000.0,0.02,1613080.0,137828.18
SL-8217,2024-06-17,Tata,Nexon,SUV,Diesel,South,Chennai,Neha Gupta,1,2343000.0,0.0,2343000.0,301385.02
SL-5492,2024-06-17,Honda,City,Sedan,Petrol,West,Ahmedabad,Arjun Nair,3,1288000.0,0.1,3477600.0,387814.44
SL-8053,2024-06-17,Toyota,Camry,Sedan,Petrol,East,Patna,Anjali Desai,2,1182000.0,0.0,2364000.0,319918.32
SL-7167,2024-06-17,Hyundai,i20,Hatchback,Diesel,North,Delhi,Kavita Joshi,1,871000.0,0.02,853580.0,125063.08
SL-8732,2024-06-18,Kia,Sonet,SUV,Petrol,North,Lucknow,Amit Patel,3,1239000.0,0.0,3717000.0,762075.58
SL-8737,2024-06-18,Mahindra,Scorpio,SUV,Petrol,South,Chennai,Amit Patel,3,2582000.0,0.0,7746000.0,1627366.65
SL-9298,2024-06-18,Toyota,Innova,MPV,Petrol,East,Kolkata,Rohit Verma,2,1287000.0,0.08,2368080.0,134830.44
SL-7424,2024-06-18,Kia,Seltos,SUV,CNG,Central,Indore,Anjali Desai,3,1571000.0,0.05,4477350.0,639307.03
SL-8597,2024-06-18,Maruti Suzuki,Ertiga,MPV,CNG,East,Bhubaneswar,Sneha Reddy,3,1255000.0,0.05,3576750.0,366263.53
SL-7957,2024-06-19,Maruti Suzuki,Baleno,Hatchback,Petrol,East,Kolkata,Priya Singh,1,702000.0,0.02,687960.0,131507.56
SL-5227,2024-06-19,Maruti Suzuki,Ertiga,MPV,Petrol,North,Lucknow,Rohit Verma,1,996000.0,0.02,976080.0,153170.44
SL-6392,2024-06-19,Tata,Nexon,SUV,Petrol,North,Chandigarh,Priya Singh,1,2421000.0,0.0,2421000.0,292461.71
SL-8232,2024-06-19,Hyundai,Creta,SUV,CNG,Central,Indore,Priya Singh,1,1076000.0,0.08,989920.0,45667.71
SL-9238,2024-06-19,Tata,Punch,SUV,Petrol,East,Patna,Vikram Iyer,2,1082000.0,0.02,2120720.0,362873.08
SL-7385,2024-06-19,Ford,EcoSport,SUV,Petrol,South,Hyderabad,Vikram Iyer,2,2533000.0,0.0,5066000.0,703583.39
SL-8521,2024-06-19,Honda,Civic,Sedan,Electric,South,Hyderabad,Arjun Nair,2,1755000.0,0.0,3510000.0,513850.38
SL-9423,2024-06-19,Mahindra,XUV700,SUV,Diesel,Central,Nagpur,Kavita Joshi,1,1271000.0,0.02,1245580.0,251244.12
SL-6347,2024-06-19,Honda,Amaze,Sedan,Petrol,North,Delhi,Amit Patel,1,926000.0,0.08,851920.0,117506.02
SL-8641,2024-06-19,Tata,Punch,SUV,Petrol,East,Bhubaneswar,Vikram Iyer,1,1710000.0,0.05,1624500.0,197708.3
SL-7157,2024-06-19,Ford,EcoSport,SUV,CNG,South,Bengaluru,Kavita Joshi,1,2674000.0,0.0,2674000.0,443550.76
SL-5488,2024-06-19,Maruti Suzuki,Brezza,SUV,Petrol,East,Kolkata,Amit Patel,3,2069000.0,0.08,5710440.0,177757.88
SL-8919,2024-06-20,Toyota,Innova,MPV,Diesel,North,Lucknow,Amit Patel,1,1024000.0,0.02,1003520.0,94274.69
SL-9262,2024-06-20,Maruti Suzuki,Swift,Hatchback,Diesel,East,Bhubaneswar,Neha Gupta,1,652000.0,0.02,638960.0,98965.96
SL-6544,2024-06-20,Maruti Suzuki,Ertiga,MPV,Diesel,East,Bhubaneswar,Rohit Verma,3,1231000.0,0.0,3693000.0,570825.48
SL-7853,2024-06-20,Toyota,Fortuner,SUV,Diesel,South,Bengaluru,Rahul Sharma,1,2685000.0,0.08,2470200.0,338765.62
SL-5145,2024-06-20,Honda,City,Sedan,CNG,Central,Nagpur,Rahul Sharma,3,1446000.0,0.1,3904200.0,90993.49
SL-8292,2024-06-20,Tata,Nexon,SUV,Petrol,West,Pune,Neha Gupta,3,1674000.0,0.05,4770900.0,307241.17
SL-6602,2024-06-20,Hyundai,i20,Hatchback,Petrol,North,Chandigarh,Rahul Sharma,3,833000.0,0.08,2299080.0,284989.97
SL-5251,2024-06-20,Kia,Carens,MPV,Petrol,East,Bhubaneswar,Rohit Verma,1,1667000.0,0.02,1633660.0,303473.73
SL-8483,2024-06-21,Tata,Punch,SUV,CNG,East,Kolkata,Arjun Nair,2,1176000.0,0.0,2352000.0,486043.11
SL-8755,2024-06-21,Maruti Suzuki,Ertiga,MPV,CNG,Central,Nagpur,Sneha Reddy,1,1707000.0,0.02,1672860.0,271194.14
SL-9099,2024-06-21,Ford,Endeavour,SUV,Diesel,East,Patna,Priya Singh,1,1054000.0,0.0,1054000.0,115849.55
SL-5904,2024-06-21,Toyota,Fortuner,SUV,Petrol,Central,Bhopal,Arjun Nair,3,2550000.0,0.05,7267500.0,498572.29
SL-6405,2024-06-21,Toyota,Camry,Sedan,Petrol,Central,Nagpur,Vikram Iyer,2,1334000.0,0.0,2668000.0,440699.57
SL-8044,2024-06-21,Toyota,Corolla,Sedan,Diesel,East,Bhubaneswar,Priya Singh,3,1313000.0,0.02,3860220.0,542488.84
SL-6947,2024-06-22,Mahindra,Thar,SUV,Diesel,North,Chandigarh,Rahul Sharma,2,2384000.0,0.02,4672640.0,886664.01
SL-8272,2024-06-22,Mahindra,Thar,SUV,Diesel,East,Patna,Sneha Reddy,1,2531000.0,0.1,2277900.0,71994.65
SL-8434,2024-06-22,Maruti Suzuki,Ertiga,MPV,Petrol,South,Hyderabad,Priya Singh,3,1648000.0,0.0,4944000.0,625640.71
SL-8189,2024-06-22,Kia,Sonet,SUV,Petrol,North,Chandigarh,Rohit Verma,1,2379000.0,0.08,2188680.0,282256.72
SL-6574,2024-06-22,Toyota,Fortuner,SUV,Petrol,East,Patna,Arjun Nair,1,2264000.0,0.05,2150800.0,247638.7
SL-8710,2024-06-22,Honda,City,Sedan,Diesel,West,Ahmedabad,Neha Gupta,2,1564000.0,0.08,2877760.0,95163.71
SL-8175,2024-06-23,Honda,Amaze,Sedan,Diesel,South,Bengaluru,Anjali Desai,3,1444000.0,0.08,3985440.0,156306.48
SL-5195,2024-06-23,Maruti Suzuki,Baleno,Hatchback,Diesel,West,Mumbai,Amit Patel,3,885000.0,0.02,2601900.0,246974.47
SL-8018,2024-06-23,Kia,Sonet,SUV,Petrol,North,Lucknow,Amit Patel,2,1284000.0,0.02,2516640.0,315795.24
SL-6984,2024-06-23,Ford,EcoSport,SUV,Petrol,West,Mumbai,Priya Singh,1,2607000.0,0.02,2554860.0,506123.11
SL-5702,2024-06-23,Honda,Civic,Sedan,Diesel,East,Patna,Arjun Nair,1,1112000.0,0.08,1023040.0,116353.25
SL-6277,2024-06-23,Hyundai,Verna,Sedan,Petrol,North,Lucknow,Sneha Reddy,1,1559000.0,0.02,1527820.0,224502.04
SL-7798,2024-06-23,Ford,EcoSport,SUV,Petrol,West,Mumbai,Neha Gupta,1,1586000.0,0.0,1586000.0,240204.57
SL-6287,2024-06-23,Hyundai,i20,Hatchback,Diesel,North,Chandigarh,Vikram Iyer,2,653000.0,0.05,1240700.0,133838.86
SL-7317,2024-06-23,Kia,Seltos,SUV,Petrol,Central,Bhopal,Priya Singh,3,2318000.0,0.1,6258600.0,170980.83
SL-9349,2024-06-24,Maruti Suzuki,Ertiga,MPV,CNG,East,Kolkata,Amit Patel,3,1706000.0,0.05,4862100.0,798563.79
SL-5286,2024-06-24,Hyundai,Verna,Sedan,Diesel,West,Mumbai,Neha Gupta,2,1583000.0,0.02,3102680.0,392941.89
SL-8986,2024-06-24,Honda,CR-V,SUV,Diesel,Central,Bhopal,Neha Gupta,2,1142000.0,0.0,2284000.0,405633.35
SL-5010,2024-06-24,Maruti Suzuki,Swift,Hatchback,CNG,East,Patna,Neha Gupta,2,787000.0,0.08,1448080.0,159097.71
SL-5582,2024-06-24,Mahindra,Scorpio,SUV,Petrol,South,Chennai,Arjun Nair,2,1569000.0,0.05,2981100.0,179036.19
SL-6264,2024-06-24,Kia,Sonet,SUV,Petrol,South,Bengaluru,Vikram Iyer,2,1194000.0,0.1,2149200.0,250631.43
SL-8623,2024-06-25,Ford,Endeavour,SUV,Petrol,Central,Bhopal,Rahul Sharma,1,2677000.0,0.08,2462840.0,284866.82
SL-6550,2024-06-25,Kia,Carens,MPV,Petrol,West,Mumbai,Neha Gupta,2,1183000.0,0.08,2176720.0,47913.59
SL-9161,2024-06-25,Hyundai,Creta,SUV,Petrol,East,Bhubaneswar,Amit Patel,1,2190000.0,0.0,2190000.0,255699.78
SL-8971,2024-06-25,Tata,Harrier,SUV,Petrol,South,Hyderabad,Neha Gupta,3,2425000.0,0.0,7275000.0,919986.34
SL-9173,2024-06-25,Kia,Sonet,SUV,CNG,West,Pune,Arjun Nair,3,1455000.0,0.08,4015800.0,329271.96
SL-7025,2024-06-25,Ford,Figo,Hatchback,Petrol,West,Mumbai,Rohit Verma,3,606000.0,0.05,1727100.0,238013.73
SL-6121,2024-06-25,Kia,Seltos,SUV,Petrol,West,Ahmedabad,Rahul Sharma,3,1933000.0,0.02,5683020.0,930664.92
SL-7420,2024-06-25,Honda,Civic,Sedan,Petrol,South,Hyderabad,Rahul Sharma,2,1273000.0,0.0,2546000.0,438294.11
SL-6205,2024-06-25,Hyundai,Venue,SUV,Diesel,North,Chandigarh,Amit Patel,1,1578000.0,0.0,1578000.0,269710.29
SL-7546,2024-06-25,Honda,City,Sedan,Petrol,West,Pune,Anjali Desai,3,1262000.0,0.02,3710280.0,608439.46
SL-5368,2024-06-25,Tata,Harrier,SUV,Diesel,East,Bhubaneswar,Sneha Reddy,3,1224000.0,0.0,3672000.0,634167.89
SL-8499,2024-06-26,Kia,Sonet,SUV,Diesel,Central,Nagpur,Anjali Desai,1,2472000.0,0.0,2472000.0,414382.88
SL-6768,2024-06-26,Mahindra,Thar,SUV,Diesel,South,Hyderabad,Anjali Desai,3,1052000.0,0.08,2903520.0,311318.61
SL-7918,2024-06-26,Ford,Figo,Hatchback,Petrol,South,Bengaluru,Amit Patel,2,685000.0,0.0,1370000.0,144926.65
SL-8856,2024-06-26,Ford,Endeavour,SUV,Petrol,East,Bhubaneswar,Rohit Verma,1,2222000.0,0.0,2222000.0,439894.51
SL-8968,2024-06-26,Honda,City,Sedan,Petrol,Central,Indore,Neha Gupta,2,1129000.0,0.08,2077360.0,251169.19
SL-7302,2024-06-27,Hyundai,Venue,SUV,CNG,Central,Bhopal,Kavita Joshi,2,1865000.0,0.05,3543500.0,540181.87
SL-7964,2024-06-27,Tata,Nexon,SUV,Electric,West,Ahmedabad,Arjun Nair,3,1504000.0,0.08,4151040.0,623975.65
SL-7963,2024-06-27,Maruti Suzuki,Baleno,Hatchback,Petrol,West,Ahmedabad,Vikram Iyer,1,644000.0,0.02,631120.0,114155.67
SL-5367,2024-06-27,Tata,Nexon,SUV,Petrol,South,Bengaluru,Amit Patel,2,1145000.0,0.02,2244200.0,319915.51
SL-6431,2024-06-27,Mahindra,Scorpio,SUV,Petrol,South,Chennai,Priya Singh,1,2772000.0,0.0,2772000.0,437773.51
SL-5441,2024-06-27,Mahindra,XUV700,SUV,Diesel,Central,Bhopal,Anjali Desai,3,2521000.0,0.05,7184850.0,671837.9
SL-6019,2024-06-27,Ford,EcoSport,SUV,Diesel,East,Patna,Priya Singh,1,1853000.0,0.0,1853000.0,373291.15
SL-8442,2024-06-28,Honda,Civic,Sedan,Electric,East,Kolkata,Amit Patel,2,1131000.0,0.02,2216760.0,372949.35
SL-5579,2024-06-28,Honda,Amaze,Sedan,CNG,North,Lucknow,Rohit Verma,3,1694000.0,0.02,4980360.0,841130.44
SL-7228,2024-06-28,Tata,Nexon,SUV,Petrol,East,Kolkata,Arjun Nair,1,1064000.0,0.1,957600.0,34006.39
SL-8558,2024-06-28,Ford,Endeavour,SUV,Petrol,Central,Indore,Arjun Nair,1,1739000.0,0.0,1739000.0,226587.63
SL-7003,2024-06-29,Ford,EcoSport,SUV,Diesel,East,Bhubaneswar,Neha Gupta,3,1264000.0,0.0,3792000.0,731086.88
SL-6088,2024-06-29,Hyundai,Verna,Sedan,Petrol,Central,Indore,Neha Gupta,1,1583000.0,0.02,1551340.0,210493.39
SL-7793,2024-06-29,Ford,Figo,Hatchback,Petrol,West,Ahmedabad,Vikram Iyer,1,606000.0,0.02,593880.0,99607.32
SL-5439,2024-06-29,Ford,EcoSport,SUV,Petrol,South,Bengaluru,Vikram Iyer,2,1397000.0,0.02,2738120.0,525412.91
SL-8170,2024-06-29,Hyundai,Verna,Sedan,Petrol,North,Delhi,Kavita Joshi,1,1142000.0,0.08,1050640.0,58920.26
SL-8514,2024-06-29,Kia,Seltos,SUV,Diesel,West,Pune,Vikram Iyer,2,1332000.0,0.0,2664000.0,290692.83
SL-6606,2024-06-29,Hyundai,i20,Hatchback,Petrol,Central,Bhopal,Amit Patel,2,645000.0,0.05,1225500.0,103399.21
SL-7393,2024-06-30,Honda,Civic,Sedan,Diesel,South,Chennai,Anjali Desai,3,961000.0,0.02,2825340.0,234793.56
SL-8913,2024-06-30,Toyota,Fortuner,SUV,Diesel,Central,Bhopal,Rohit Verma,3,1342000.0,0.0,4026000.0,803444.77
SL-8726,2024-06-30,Tata,Nexon,SUV,Diesel,East,Kolkata,Kavita Joshi,2,2048000.0,0.05,3891200.0,428692.65
SL-9227,2024-06-30,Toyota,Fortuner,SUV,CNG,Central,Bhopal,Vikram Iyer,1,1217000.0,0.1,1095300.0,126663.53
SL-7742,2024-06-30,Hyundai,Creta,SUV,Diesel,West,Mumbai,Neha Gupta,3,2539000.0,0.05,7236150.0,851463.13
SL-6569,2024-06-30,Hyundai,Verna,Sedan,Electric,South,Hyderabad,Anjali Desai,3,979000.0,0.02,2878260.0,298106.04
SL-6620,2024-06-30,Honda,CR-V,SUV,Petrol,South,Chennai,Neha Gupta,2,2134000.0,0.05,4054600.0,634967.63
SL-9319,2024-07-01,Honda,CR-V,SUV,Diesel,North,Lucknow,Priya Singh,3,2301000.0,0.0,6903000.0,1249628.56
SL-6689,2024-07-01,Ford,Figo,Hatchback,Electric,West,Mumbai,Neha Gupta,3,884000.0,0.0,2652000.0,542239.66
SL-8729,2024-07-01,Mahindra,Thar,SUV,Petrol,South,Bengaluru,Anjali Desai,1,2181000.0,0.1,1962900.0,20139.96
SL-5800,2024-07-01,Toyota,Fortuner,SUV,Petrol,Central,Indore,Kavita Joshi,3,1888000.0,0.0,5664000.0,1066055.7
SL-6085,2024-07-01,Tata,Altroz,Hatchback,Diesel,North,Chandigarh,Rahul Sharma,3,624000.0,0.05,1778400.0,269868.15
SL-6409,2024-07-01,Kia,Seltos,SUV,Diesel,North,Delhi,Sneha Reddy,3,1485000.0,0.05,4232250.0,539962.9
SL-5172,2024-07-01,Ford,Endeavour,SUV,Petrol,West,Pune,Neha Gupta,2,1449000.0,0.02,2840040.0,285816.03
SL-6939,2024-07-01,Toyota,Camry,Sedan,Diesel,West,Ahmedabad,Priya Singh,2,1355000.0,0.0,2710000.0,391540.22
SL-7247,2024-07-01,Honda,Amaze,Sedan,Diesel,Central,Nagpur,Vikram Iyer,2,1124000.0,0.05,2135600.0,185898.43
SL-8438,2024-07-01,Maruti Suzuki,Ertiga,MPV,Diesel,East,Kolkata,Vikram Iyer,1,1820000.0,0.1,1638000.0,140286.45
SL-9129,2024-07-02,Honda,City,Sedan,Diesel,South,Hyderabad,Anjali Desai,3,1660000.0,0.02,4880400.0,683131.11
SL-6480,2024-07-02,Maruti Suzuki,Ertiga,MPV,Petrol,North,Chandigarh,Arjun Nair,3,1487000.0,0.0,4461000.0,864670.92
SL-8824,2024-07-02,Kia,Seltos,SUV,CNG,North,Delhi,Amit Patel,2,1509000.0,0.05,2867100.0,279348.93
SL-8255,2024-07-02,Maruti Suzuki,Brezza,SUV,Diesel,North,Delhi,Rahul Sharma,1,2598000.0,0.02,2546040.0,354209.2
SL-6386,2024-07-02,Honda,CR-V,SUV,Petrol,West,Ahmedabad,Amit Patel,3,1997000.0,0.02,5871180.0,919128.91
SL-5664,2024-07-03,Kia,Carens,MPV,Diesel,East,Kolkata,Arjun Nair,2,1316000.0,0.0,2632000.0,378844.87
SL-5402,2024-07-03,Tata,Punch,SUV,Petrol,East,Bhubaneswar,Priya Singh,1,1747000.0,0.05,1659650.0,109350.33
SL-6218,2024-07-03,Hyundai,i20,Hatchback,Diesel,West,Pune,Rohit Verma,2,623000.0,0.0,1246000.0,205636.28
SL-8448,2024-07-04,Honda,Civic,Sedan,Diesel,North,Chandigarh,Sneha Reddy,3,1283000.0,0.02,3772020.0,625814.43
SL-7940,2024-07-04,Hyundai,Creta,SUV,Petrol,North,Lucknow,Priya Singh,1,2500000.0,0.0,2500000.0,353038.27
SL-5517,2024-07-04,Toyota,Camry,Sedan,Diesel,West,Mumbai,Kavita Joshi,1,1461000.0,0.02,1431780.0,250880.14
SL-8582,2024-07-04,Honda,CR-V,SUV,Petrol,South,Hyderabad,Rohit Verma,2,2615000.0,0.05,4968500.0,485513.63
SL-8358,2024-07-04,Kia,Seltos,SUV,Diesel,North,Chandigarh,Sneha Reddy,1,1126000.0,0.0,1126000.0,229691.54
SL-9302,2024-07-05,Ford,Figo,Hatchback,Petrol,Central,Bhopal,Arjun Nair,2,610000.0,0.02,1195600.0,180656.11
SL-8799,2024-07-05,Kia,Seltos,SUV,Petrol,North,Delhi,Sneha Reddy,2,2232000.0,0.05,4240800.0,514453.33
SL-7777,2024-07-05,Maruti Suzuki,Baleno,Hatchback,Diesel,East,Patna,Vikram Iyer,2,737000.0,0.05,1400300.0,215425.51
SL-7203,2024-07-05,Hyundai,Verna,Sedan,Petrol,West,Mumbai,Anjali Desai,3,981000.0,0.0,2943000.0,579189.23
SL-6190,2024-07-06,Toyota,Innova,MPV,Diesel,North,Lucknow,Priya Singh,3,1241000.0,0.05,3536850.0,333704.55
SL-5228,2024-07-06,Hyundai,Verna,Sedan,Petrol,South,Chennai,Amit Patel,3,1591000.0,0.05,4534350.0,598823.47
SL-5766,2024-07-06,Tata,Harrier,SUV,Diesel,South,Chennai,Arjun Nair,1,1151000.0,0.1,1035900.0,54712.94
SL-6880,2024-07-06,Maruti Suzuki,Ertiga,MPV,CNG,Central,Nagpur,Arjun Nair,2,1227000.0,0.0,2454000.0,487016.51
SL-6247,2024-07-06,Tata,Harrier,SUV,Petrol,West,Pune,Sneha Reddy,2,2721000.0,0.05,5169900.0,723214.98
SL-7610,2024-07-06,Kia,Carens,MPV,Petrol,West,Ahmedabad,Anjali Desai,3,1418000.0,0.0,4254000.0,511920.32
SL-6994,2024-07-06,Honda,Civic,Sedan,Diesel,Central,Bhopal,Arjun Nair,1,1169000.0,0.0,1169000.0,164719.38
SL-7156,2024-07-06,Honda,CR-V,SUV,Diesel,Central,Nagpur,Anjali Desai,1,1574000.0,0.0,1574000.0,166850.41
SL-7906,2024-07-06,Honda,Amaze,Sedan,Petrol,West,Ahmedabad,Amit Patel,2,1761000.0,0.05,3345900.0,199431.93
SL-9147,2024-07-07,Honda,CR-V,SUV,CNG,West,Ahmedabad,Priya Singh,3,1001000.0,0.08,2762760.0,318565.4
SL-8614,2024-07-07,Ford,EcoSport,SUV,CNG,North,Lucknow,Anjali Desai,2,2372000.0,0.05,4506800.0,668081.24
SL-8506,2024-07-07,Tata,Altroz,Hatchback,Diesel,South,Bengaluru,Neha Gupta,3,895000.0,0.08,2470200.0,373400.18
SL-6387,2024-07-07,Hyundai,i20,Hatchback,Petrol,East,Bhubaneswar,Neha Gupta,2,795000.0,0.05,1510500.0,159281.05
SL-7949,2024-07-07,Maruti Suzuki,Baleno,Hatchback,Petrol,Central,Nagpur,Vikram Iyer,3,854000.0,0.05,2433900.0,137250.08
SL-7808,2024-07-07,Maruti Suzuki,Baleno,Hatchback,Petrol,East,Patna,Rohit Verma,1,799000.0,0.0,799000.0,127472.09
SL-8138,2024-07-07,Kia,Seltos,SUV,Petrol,West,Ahmedabad,Rohit Verma,3,1887000.0,0.0,5661000.0,746674.35
SL-8561,2024-07-08,Maruti Suzuki,Swift,Hatchback,Petrol,Central,Bhopal,Anjali Desai,1,840000.0,0.08,772800.0,82420.2
SL-9026,2024-07-08,Maruti Suzuki,Baleno,Hatchback,Petrol,East,Bhubaneswar,Rahul Sharma,2,740000.0,0.0,1480000.0,235292.49
SL-9453,2024-07-08,Kia,Sonet,SUV,Diesel,Central,Nagpur,Vikram Iyer,2,1071000.0,0.02,2099160.0,344932.53
SL-8084,2024-07-08,Hyundai,Verna,Sedan,Petrol,Central,Indore,Arjun Nair,2,918000.0,0.0,1836000.0,367475.15
SL-7459,2024-07-08,Ford,Endeavour,SUV,Electric,Central,Nagpur,Kavita Joshi,1,1712000.0,0.05,1626400.0,90966.51
SL-9247,2024-07-08,Hyundai,Creta,SUV,CNG,West,Ahmedabad,Priya Singh,3,2335000.0,0.02,6864900.0,1247853.62
SL-5877,2024-07-08,Maruti Suzuki,Swift,Hatchback,Petrol,Central,Bhopal,Amit Patel,1,815000.0,0.1,733500.0,27100.28
SL-5839,2024-07-09,Hyundai,Venue,SUV,Petrol,West,Ahmedabad,Anjali Desai,1,2691000.0,0.1,2421900.0,16960.65
SL-8201,2024-07-09,Kia,Sonet,SUV,CNG,South,Hyderabad,Rahul Sharma,3,2275000.0,0.05,6483750.0,1061055.12
SL-7019,2024-07-09,Mahindra,Thar,SUV,Petrol,North,Lucknow,Neha Gupta,3,2710000.0,0.02,7967400.0,1066660.72
SL-6294,2024-07-09,Kia,Sonet,SUV,Petrol,South,Chennai,Arjun Nair,2,1707000.0,0.08,3140880.0,283745.37
SL-8226,2024-07-09,Toyota,Camry,Sedan,Electric,West,Ahmedabad,Rahul Sharma,3,1205000.0,0.02,3542700.0,426080.29
SL-6999,2024-07-09,Toyota,Innova,MPV,Petrol,East,Kolkata,Amit Patel,2,1102000.0,0.05,2093800.0,201332.53
SL-7558,2024-07-10,Ford,EcoSport,SUV,Diesel,Central,Bhopal,Neha Gupta,3,1914000.0,0.0,5742000.0,988396.92
SL-8412,2024-07-10,Maruti Suzuki,Baleno,Hatchback,Petrol,North,Lucknow,Sneha Reddy,3,641000.0,0.0,1923000.0,348845.58
SL-6570,2024-07-10,Tata,Altroz,Hatchback,Diesel,West,Pune,Rahul Sharma,2,640000.0,0.0,1280000.0,134511.97
SL-5311,2024-07-10,Mahindra,Scorpio,SUV,Petrol,South,Bengaluru,Sneha Reddy,2,1998000.0,0.0,3996000.0,424293.87
SL-5332,2024-07-10,Honda,CR-V,SUV,Diesel,West,Ahmedabad,Arjun Nair,1,2354000.0,0.05,2236300.0,287688.61
SL-6111,2024-07-11,Hyundai,Venue,SUV,CNG,West,Ahmedabad,Sneha Reddy,2,1961000.0,0.0,3922000.0,570235.02
SL-8838,2024-07-11,Tata,Nexon,SUV,Petrol,Central,Bhopal,Anjali Desai,2,1334000.0,0.1,2401200.0,80781.84
SL-6757,2024-07-11,Hyundai,i20,Hatchback,Diesel,Central,Bhopal,Rahul Sharma,3,687000.0,0.1,1854900.0,227486.87
SL-7109,2024-07-12,Maruti Suzuki,Baleno,Hatchback,Diesel,North,Lucknow,Arjun Nair,3,898000.0,0.02,2640120.0,247840.37
SL-6128,2024-07-12,Toyota,Camry,Sedan,Petrol,West,Pune,Priya Singh,2,1663000.0,0.02,3259480.0,404255.54
SL-8497,2024-07-12,Mahindra,XUV700,SUV,Diesel,East,Patna,Arjun Nair,1,2539000.0,0.0,2539000.0,512643.71
SL-5819,2024-07-12,Mahindra,Bolero,SUV,Petrol,East,Bhubaneswar,Vikram Iyer,2,1310000.0,0.0,2620000.0,282934.85
SL-6967,2024-07-12,Honda,CR-V,SUV,Electric,Central,Nagpur,Kavita Joshi,3,1715000.0,0.08,4733400.0,529675.91
SL-8593,2024-07-12,Kia,Carens,MPV,Petrol,North,Delhi,Neha Gupta,1,1775000.0,0.08,1633000.0,242860.11
SL-5181,2024-07-12,Mahindra,Bolero,SUV,Diesel,South,Chennai,Sneha Reddy,3,1654000.0,0.1,4465800.0,511654.73
SL-8153,2024-07-12,Maruti Suzuki,Ertiga,MPV,Petrol,East,Patna,Anjali Desai,2,1176000.0,0.05,2234400.0,248917.38
SL-6555,2024-07-13,Tata,Harrier,SUV,Petrol,South,Hyderabad,Neha Gupta,1,1141000.0,0.05,1083950.0,110666.79
SL-9040,2024-07-13,Mahindra,Scorpio,SUV,Petrol,North,Chandigarh,Vikram Iyer,2,2604000.0,0.05,4947600.0,878959.52
SL-7583,2024-07-13,Kia,Carens,MPV,Petrol,West,Mumbai,Rahul Sharma,2,1243000.0,0.0,2486000.0,293612.71
SL-5668,2024-07-13,Ford,Endeavour,SUV,Petrol,East,Patna,Anjali Desai,1,1933000.0,0.02,1894340.0,320070.22
SL-5732,2024-07-13,Ford,EcoSport,SUV,Diesel,Central,Nagpur,Amit Patel,2,1764000.0,0.0,3528000.0,569737.45
SL-7110,2024-07-13,Maruti Suzuki,Brezza,SUV,Diesel,West,Ahmedabad,Rohit Verma,1,1886000.0,0.02,1848280.0,300445.17
SL-7225,2024-07-13,Mahindra,Thar,SUV,CNG,West,Ahmedabad,Amit Patel,3,2324000.0,0.0,6972000.0,1177951.67
SL-5798,2024-07-13,Kia,Seltos,SUV,CNG,West,Pune,Sneha Reddy,2,2523000.0,0.02,4945080.0,726205.81
SL-7061,2024-07-14,Tata,Punch,SUV,Petrol,South,Bengaluru,Neha Gupta,1,1204000.0,0.0,1204000.0,246492.68
SL-8615,2024-07-14,Ford,Figo,Hatchback,Diesel,East,Kolkata,Sneha Reddy,2,851000.0,0.08,1565840.0,190347.44
SL-5178,2024-07-14,Kia,Carens,MPV,Diesel,Central,Nagpur,Sneha Reddy,2,1786000.0,0.0,3572000.0,592420.77
SL-6631,2024-07-14,Hyundai,Verna,Sedan,Petrol,South,Bengaluru,Arjun Nair,2,1057000.0,0.0,2114000.0,391980.35
SL-8904,2024-07-14,Kia,Seltos,SUV,Petrol,South,Hyderabad,Amit Patel,2,1028000.0,0.0,2056000.0,431473.46
SL-6597,2024-07-14,Mahindra,Thar,SUV,Diesel,North,Lucknow,Amit Patel,1,1460000.0,0.02,1430800.0,132044.96
SL-6981,2024-07-14,Kia,Carens,MPV,CNG,East,Bhubaneswar,Kavita Joshi,1,1066000.0,0.0,1066000.0,146251.48
SL-7874,2024-07-15,Toyota,Camry,Sedan,Electric,West,Pune,Rahul Sharma,3,1529000.0,0.0,4587000.0,619173.99
SL-8440,2024-07-15,Hyundai,Verna,Sedan,Petrol,North,Chandigarh,Priya Singh,2,1771000.0,0.02,3471160.0,680961.91
SL-9162,2024-07-15,Hyundai,Verna,Sedan,Petrol,Central,Bhopal,Arjun Nair,2,1461000.0,0.05,2775900.0,371544.66
SL-9109,2024-07-15,Maruti Suzuki,Ertiga,MPV,Diesel,East,Patna,Arjun Nair,1,1714000.0,0.05,1628300.0,90771.29
SL-7890,2024-07-15,Tata,Nexon,SUV,CNG,West,Mumbai,Vikram Iyer,3,2440000.0,0.08,6734400.0,256215.51
SL-9489,2024-07-16,Toyota,Camry,Sedan,Diesel,South,Bengaluru,Arjun Nair,2,1492000.0,0.08,2745280.0,72667.64
SL-9487,2024-07-16,Maruti Suzuki,Baleno,Hatchback,Petrol,East,Patna,Rahul Sharma,3,669000.0,0.05,1906650.0,131330.44
SL-5202,2024-07-16,Tata,Nexon,SUV,Diesel,North,Lucknow,Amit Patel,2,1120000.0,0.0,2240000.0,379357.19
SL-5170,2024-07-16,Ford,Figo,Hatchback,CNG,South,Hyderabad,Anjali Desai,1,853000.0,0.05,810350.0,80403.37
SL-6595,2024-07-17,Ford,Endeavour,SUV,Diesel,East,Bhubaneswar,Kavita Joshi,3,1340000.0,0.0,4020000.0,501536.01
SL-7271,2024-07-17,Honda,City,Sedan,Petrol,South,Bengaluru,Arjun Nair,1,1032000.0,0.0,1032000.0,196753.75
SL-6688,2024-07-17,Toyota,Camry,Sedan,Diesel,West,Mumbai,Rahul Sharma,3,986000.0,0.05,2810100.0,279842.54
SL-7419,2024-07-17,Toyota,Camry,Sedan,Diesel,North,Lucknow,Sneha Reddy,1,1635000.0,0.05,1553250.0,138318.04
SL-7045,2024-07-17,Hyundai,Verna,Sedan,Petrol,East,Patna,Rohit Verma,3,1775000.0,0.0,5325000.0,976544.31
SL-8491,2024-07-17,Tata,Altroz,Hatchback,Diesel,West,Mumbai,Priya Singh,1,892000.0,0.02,874160.0,143577.87
SL-6028,2024-07-18,Honda,City,Sedan,CNG,North,Chandigarh,Priya Singh,1,1657000.0,0.08,1524440.0,138948.75
SL-6457,2024-07-18,Maruti Suzuki,Baleno,Hatchback,Petrol,South,Chennai,Arjun Nair,3,786000.0,0.0,2358000.0,411943.25
SL-6402,2024-07-18,Kia,Sonet,SUV,Diesel,East,Kolkata,Kavita Joshi,1,1648000.0,0.0,1648000.0,279982.82
SL-6081,2024-07-18,Hyundai,i20,Hatchback,CNG,North,Lucknow,Sneha Reddy,1,622000.0,0.05,590900.0,39947.32
SL-9001,2024-07-18,Ford,Endeavour,SUV,CNG,East,Kolkata,Arjun Nair,2,1040000.0,0.0,2080000.0,413383.19
SL-5806,2024-07-18,Kia,Sonet,SUV,CNG,West,Ahmedabad,Kavita Joshi,3,1887000.0,0.02,5547780.0,536902.39
SL-9408,2024-07-18,Honda,Civic,Sedan,Petrol,South,Bengaluru,Rahul Sharma,3,1505000.0,0.1,4063500.0,396075.35
SL-5636,2024-07-19,Tata,Harrier,SUV,Diesel,Central,Indore,Sneha Reddy,3,1128000.0,0.0,3384000.0,534887.98
SL-8310,2024-07-19,Toyota,Fortuner,SUV,Electric,East,Patna,Vikram Iyer,1,2190000.0,0.0,2190000.0,356967.63
SL-6991,2024-07-19,Maruti Suzuki,Swift,Hatchback,Petrol,Central,Bhopal,Amit Patel,1,877000.0,0.02,859460.0,170972.99
SL-5114,2024-07-20,Tata,Punch,SUV,Petrol,Central,Bhopal,Arjun Nair,1,1038000.0,0.1,934200.0,3139.76
SL-5785,2024-07-20,Maruti Suzuki,Swift,Hatchback,Diesel,North,Delhi,Arjun Nair,1,676000.0,0.0,676000.0,72567.78
SL-5523,2024-07-20,Toyota,Corolla,Sedan,CNG,Central,Nagpur,Anjali Desai,3,1065000.0,0.08,2939400.0,398747.33
SL-8604,2024-07-20,Hyundai,Venue,SUV,Petrol,East,Patna,Sneha Reddy,3,1168000.0,0.02,3433920.0,381980.36
SL-6401,2024-07-20,Hyundai,Venue,SUV,Petrol,Central,Nagpur,Rohit Verma,2,2670000.0,0.0,5340000.0,604918.76
SL-8043,2024-07-21,Ford,Endeavour,SUV,Petrol,East,Patna,Arjun Nair,3,1206000.0,0.02,3545640.0,396753.29
SL-5710,2024-07-21,Tata,Altroz,Hatchback,Petrol,East,Bhubaneswar,Amit Patel,2,797000.0,0.05,1514300.0,176343.41
SL-8089,2024-07-21,Tata,Punch,SUV,Diesel,Central,Indore,Kavita Joshi,1,2650000.0,0.0,2650000.0,316713.79
SL-7173,2024-07-21,Maruti Suzuki,Swift,Hatchback,CNG,West,Ahmedabad,Rahul Sharma,1,730000.0,0.0,730000.0,87160.92
SL-7597,2024-07-22,Ford,EcoSport,SUV,CNG,West,Ahmedabad,Vikram Iyer,2,1674000.0,0.08,3080160.0,108428.18
SL-6888,2024-07-22,Hyundai,i20,Hatchback,Diesel,West,Ahmedabad,Rohit Verma,3,602000.0,0.0,1806000.0,232254.78
SL-7699,2024-07-22,Hyundai,Venue,SUV,Diesel,Central,Nagpur,Arjun Nair,1,1455000.0,0.0,1455000.0,181963.59
SL-5411,2024-07-22,Maruti Suzuki,Baleno,Hatchback,CNG,East,Bhubaneswar,Rahul Sharma,1,763000.0,0.0,763000.0,127567.09
SL-8376,2024-07-22,Maruti Suzuki,Swift,Hatchback,CNG,West,Ahmedabad,Neha Gupta,2,671000.0,0.05,1274900.0,89759.22
SL-7128,2024-07-23,Hyundai,Creta,SUV,Diesel,South,Bengaluru,Arjun Nair,3,2214000.0,0.02,6509160.0,1031515.33
SL-8124,2024-07-23,Maruti Suzuki,Swift,Hatchback,Petrol,South,Hyderabad,Anjali Desai,1,709000.0,0.02,694820.0,58394.25
SL-8554,2024-07-23,Kia,Sonet,SUV,CNG,North,Delhi,Vikram Iyer,1,2558000.0,0.05,2430100.0,130348.92
SL-6091,2024-07-23,Maruti Suzuki,Ertiga,MPV,Diesel,East,Kolkata,Anjali Desai,3,1122000.0,0.02,3298680.0,540604.26
SL-5545,2024-07-23,Ford,Figo,Hatchback,Diesel,West,Ahmedabad,Arjun Nair,1,734000.0,0.05,697300.0,119063.67
SL-7924,2024-07-23,Hyundai,Verna,Sedan,CNG,South,Bengaluru,Neha Gupta,2,1730000.0,0.02,3390800.0,614461.15
SL-8777,2024-07-23,Mahindra,Scorpio,SUV,Diesel,East,Kolkata,Rahul Sharma,2,2337000.0,0.0,4674000.0,987186.36
SL-9137,2024-07-23,Maruti Suzuki,Baleno,Hatchback,Diesel,Central,Nagpur,Rohit Verma,2,731000.0,0.05,1388900.0,116833.91
SL-6043,2024-07-23,Ford,EcoSport,SUV,Petrol,North,Lucknow,Vikram Iyer,1,2326000.0,0.08,2139920.0,305287.4
SL-7464,2024-07-24,Tata,Altroz,Hatchback,CNG,South,Chennai,Priya Singh,3,658000.0,0.0,1974000.0,338411.94
SL-7012,2024-07-24,Maruti Suzuki,Baleno,Hatchback,Diesel,North,Chandigarh,Amit Patel,3,845000.0,0.0,2535000.0,476309.05
SL-7063,2024-07-24,Tata,Nexon,SUV,Electric,North,Lucknow,Anjali Desai,3,2218000.0,0.0,6654000.0,1341118.47
SL-7075,2024-07-24,Toyota,Fortuner,SUV,CNG,West,Mumbai,Kavita Joshi,1,2321000.0,0.02,2274580.0,278875.79
SL-7285,2024-07-24,Kia,Sonet,SUV,Petrol,North,Chandigarh,Rahul Sharma,1,2168000.0,0.05,2059600.0,321349.49
SL-6406,2024-07-24,Kia,Sonet,SUV,Petrol,West,Pune,Sneha Reddy,3,1032000.0,0.05,2941200.0,349777.82
SL-7368,2024-07-24,Toyota,Innova,MPV,Diesel,East,Bhubaneswar,Amit Patel,3,1366000.0,0.0,4098000.0,548448.53
SL-9414,2024-07-25,Toyota,Innova,MPV,CNG,West,Ahmedabad,Arjun Nair,1,1654000.0,0.02,1620920.0,142344.78
SL-6505,2024-07-25,Toyota,Corolla,Sedan,CNG,North,Chandigarh,Sneha Reddy,1,1665000.0,0.0,1665000.0,249909.94
SL-5392,2024-07-25,Mahindra,Thar,SUV,Diesel,Central,Indore,Anjali Desai,1,2738000.0,0.0,2738000.0,285230.72
SL-5095,2024-07-26,Hyundai,Creta,SUV,Diesel,East,Bhubaneswar,Priya Singh,3,1404000.0,0.0,4212000.0,474310.91
SL-6717,2024-07-26,Kia,Carens,MPV,Petrol,North,Lucknow,Kavita Joshi,2,1600000.0,0.0,3200000.0,445581.76
SL-5176,2024-07-26,Ford,Endeavour,SUV,Diesel,West,Pune,Rohit Verma,2,1407000.0,0.0,2814000.0,299736.65
SL-6956,2024-07-26,Toyota,Innova,MPV,Petrol,Central,Indore,Vikram Iyer,1,1798000.0,0.02,1762040.0,352675.29
SL-8705,2024-07-26,Hyundai,Verna,Sedan,Petrol,North,Lucknow,Arjun Nair,3,1573000.0,0.0,4719000.0,531361.33
SL-5561,2024-07-26,Honda,Amaze,Sedan,Diesel,North,Lucknow,Amit Patel,1,1314000.0,0.02,1287720.0,209757.44
SL-7010,2024-07-27,Tata,Altroz,Hatchback,Petrol,East,Bhubaneswar,Anjali Desai,3,802000.0,0.0,2406000.0,262011.44
SL-5716,2024-07-27,Tata,Harrier,SUV,Petrol,Central,Nagpur,Vikram Iyer,2,2694000.0,0.02,5280240.0,705320.31
SL-7521,2024-07-27,Tata,Altroz,Hatchback,Petrol,East,Kolkata,Kavita Joshi,2,723000.0,0.0,1446000.0,255410.11
SL-6356,2024-07-27,Hyundai,Creta,SUV,Petrol,West,Ahmedabad,Rohit Verma,1,1620000.0,0.05,1539000.0,137177.18
SL-8146,2024-07-27,Hyundai,Verna,Sedan,Diesel,West,Mumbai,Rohit Verma,2,1750000.0,0.02,3430000.0,579470.57
SL-5238,2024-07-27,Tata,Harrier,SUV,Petrol,South,Chennai,Anjali Desai,1,2555000.0,0.0,2555000.0,303437.01
SL-5340,2024-07-28,Kia,Seltos,SUV,Petrol,East,Kolkata,Rahul Sharma,1,1172000.0,0.02,1148560.0,193990.37
SL-7437,2024-07-28,Kia,Carens,MPV,Petrol,South,Hyderabad,Arjun Nair,2,1383000.0,0.02,2710680.0,378972.37
SL-7524,2024-07-28,Honda,CR-V,SUV,Petrol,South,Bengaluru,Kavita Joshi,2,1954000.0,0.0,3908000.0,586865.07
SL-5071,2024-07-28,Maruti Suzuki,Swift,Hatchback,Petrol,South,Hyderabad,Neha Gupta,3,704000.0,0.0,2112000.0,419936.48
SL-8421,2024-07-28,Kia,Carens,MPV,Petrol,West,Pune,Neha Gupta,1,1267000.0,0.05,1203650.0,211732.4
SL-5608,2024-07-28,Kia,Seltos,SUV,Petrol,North,Chandigarh,Rahul Sharma,3,1828000.0,0.0,5484000.0,776099.48
SL-6447,2024-07-29,Tata,Harrier,SUV,Diesel,South,Hyderabad,Rahul Sharma,3,2003000.0,0.08,5528280.0,829761.88
SL-6433,2024-07-29,Toyota,Corolla,Sedan,Diesel,North,Delhi,Amit Patel,2,969000.0,0.02,1899240.0,342123.26
SL-8066,2024-07-29,Maruti Suzuki,Brezza,SUV,Petrol,Central,Bhopal,Amit Patel,3,1182000.0,0.02,3475080.0,310278.71
SL-8021,2024-07-29,Honda,City,Sedan,Diesel,North,Lucknow,Priya Singh,1,1793000.0,0.02,1757140.0,324353.68
SL-7337,2024-07-29,Maruti Suzuki,Swift,Hatchback,Petrol,Central,Indore,Arjun Nair,1,612000.0,0.0,612000.0,101489.27
SL-5914,2024-07-29,Maruti Suzuki,Baleno,Hatchback,Petrol,Central,Bhopal,Priya Singh,3,888000.0,0.0,2664000.0,451961.57
SL-7103,2024-07-29,Hyundai,Venue,SUV,Electric,West,Pune,Kavita Joshi,3,1600000.0,0.02,4704000.0,411873.63
SL-5338,2024-07-29,Honda,CR-V,SUV,Petrol,North,Chandigarh,Priya Singh,2,1707000.0,0.08,3140880.0,157747.77
SL-8465,2024-07-30,Toyota,Fortuner,SUV,Diesel,Central,Nagpur,Priya Singh,1,2276000.0,0.1,2048400.0,226532.36
SL-9244,2024-07-30,Hyundai,Venue,SUV,Diesel,West,Ahmedabad,Arjun Nair,2,2402000.0,0.02,4707920.0,905059.92
SL-9475,2024-07-30,Mahindra,Thar,SUV,CNG,East,Bhubaneswar,Priya Singh,2,2660000.0,0.0,5320000.0,748343.7
SL-7902,2024-07-31,Kia,Sonet,SUV,Diesel,Central,Bhopal,Amit Patel,3,1173000.0,0.05,3343050.0,441391.69
SL-8166,2024-07-31,Tata,Altroz,Hatchback,Diesel,West,Pune,Vikram Iyer,1,668000.0,0.0,668000.0,111103.66
SL-8164,2024-07-31,Honda,City,Sedan,Petrol,Central,Nagpur,Anjali Desai,1,980000.0,0.0,980000.0,167877.86
SL-8962,2024-07-31,Tata,Nexon,SUV,Petrol,Central,Indore,Amit Patel,3,2557000.0,0.0,7671000.0,800520.9
SL-7014,2024-07-31,Kia,Seltos,SUV,CNG,North,Lucknow,Neha Gupta,3,2748000.0,0.0,8244000.0,1377918.33
SL-8325,2024-07-31,Toyota,Corolla,Sedan,Petrol,South,Chennai,Priya Singh,2,1344000.0,0.08,2472960.0,273810.07
SL-5578,2024-07-31,Tata,Altroz,Hatchback,Petrol,West,Pune,Rohit Verma,1,647000.0,0.0,647000.0,69478.93
SL-8789,2024-07-31,Tata,Nexon,SUV,Petrol,West,Mumbai,Kavita Joshi,3,2126000.0,0.0,6378000.0,1152163.41
SL-5596,2024-07-31,Honda,Civic,Sedan,CNG,Central,Nagpur,Rohit Verma,2,942000.0,0.0,1884000.0,253761.01
SL-7436,2024-08-01,Kia,Carens,MPV,Petrol,North,Chandigarh,Amit Patel,2,1840000.0,0.08,3385600.0,496672.86
SL-5660,2024-08-01,Mahindra,Bolero,SUV,Diesel,East,Patna,Kavita Joshi,1,1305000.0,0.02,1278900.0,145374.19
SL-5946,2024-08-01,Tata,Altroz,Hatchback,Petrol,South,Bengaluru,Sneha Reddy,2,863000.0,0.05,1639700.0,100536.06
SL-6367,2024-08-01,Toyota,Corolla,Sedan,Petrol,Central,Bhopal,Priya Singh,1,1127000.0,0.02,1104460.0,206181.45
SL-6835,2024-08-01,Honda,City,Sedan,Diesel,North,Chandigarh,Arjun Nair,1,1558000.0,0.1,1402200.0,81819.87
SL-7152,2024-08-01,Mahindra,XUV700,SUV,Petrol,South,Hyderabad,Anjali Desai,1,1897000.0,0.0,1897000.0,411217.31
SL-6667,2024-08-02,Honda,Amaze,Sedan,Petrol,North,Delhi,Rahul Sharma,3,1310000.0,0.0,3930000.0,760967.35
SL-6148,2024-08-02,Kia,Seltos,SUV,CNG,Central,Nagpur,Anjali Desai,2,1445000.0,0.08,2658800.0,323923.4
SL-6129,2024-08-02,Tata,Altroz,Hatchback,Electric,Central,Indore,Kavita Joshi,2,685000.0,0.02,1342600.0,247811.72
SL-6785,2024-08-02,Tata,Harrier,SUV,Diesel,West,Pune,Priya Singh,2,1842000.0,0.0,3684000.0,759569.01
SL-6948,2024-08-02,Toyota,Innova,MPV,Petrol,East,Bhubaneswar,Kavita Joshi,1,1155000.0,0.0,1155000.0,172641.26
SL-9009,2024-08-02,Toyota,Camry,Sedan,Petrol,West,Pune,Priya Singh,1,1126000.0,0.05,1069700.0,171515.32
SL-7735,2024-08-02,Tata,Nexon,SUV,Diesel,East,Kolkata,Arjun Nair,1,1402000.0,0.05,1331900.0,121593.82
SL-6195,2024-08-03,Tata,Punch,SUV,CNG,North,Chandigarh,Vikram Iyer,2,1086000.0,0.02,2128560.0,326027.08
SL-8760,2024-08-03,Kia,Carens,MPV,CNG,East,Patna,Priya Singh,2,1251000.0,0.05,2376900.0,167788.9
SL-5062,2024-08-03,Tata,Punch,SUV,Diesel,West,Pune,Vikram Iyer,2,1120000.0,0.0,2240000.0,282728.91
SL-5249,2024-08-03,Mahindra,Scorpio,SUV,Petrol,Central,Nagpur,Rohit Verma,3,1098000.0,0.0,3294000.0,720691.38
SL-9356,2024-08-03,Ford,EcoSport,SUV,Petrol,West,Pune,Vikram Iyer,1,1668000.0,0.02,1634640.0,258652.68
SL-8014,2024-08-04,Mahindra,XUV700,SUV,Diesel,North,Lucknow,Amit Patel,3,1552000.0,0.05,4423200.0,391560.03
SL-8188,2024-08-04,Maruti Suzuki,Baleno,Hatchback,Petrol,Central,Nagpur,Rohit Verma,1,644000.0,0.02,631120.0,62220.57
SL-6636,2024-08-04,Maruti Suzuki,Brezza,SUV,Petrol,East,Kolkata,Priya Singh,3,2264000.0,0.02,6656160.0,1008607.63
SL-6584,2024-08-04,Maruti Suzuki,Brezza,SUV,CNG,Central,Indore,Kavita Joshi,2,2190000.0,0.05,4161000.0,292616.19
SL-5173,2024-08-04,Maruti Suzuki,Swift,Hatchback,Diesel,Central,Indore,Sneha Reddy,2,769000.0,0.08,1414960.0,211292.27
SL-6092,2024-08-04,Mahindra,Scorpio,SUV,CNG,South,Hyderabad,Anjali Desai,1,1945000.0,0.02,1906100.0,348750.37
SL-7193,2024-08-04,Maruti Suzuki,Baleno,Hatchback,Petrol,East,Kolkata,Priya Singh,1,606000.0,0.02,593880.0,91554.06
SL-9234,2024-08-04,Toyota,Innova,MPV,Petrol,West,Ahmedabad,Kavita Joshi,2,1841000.0,0.02,3608360.0,621627.46
SL-5610,2024-08-04,Kia,Seltos,SUV,Petrol,West,Ahmedabad,Anjali Desai,1,2195000.0,0.02,2151100.0,249264.19
SL-7495,2024-08-04,Mahindra,XUV700,SUV,CNG,North,Lucknow,Arjun Nair,1,1878000.0,0.05,1784100.0,195920.13
SL-6204,2024-08-05,Mahindra,Bolero,SUV,CNG,South,Chennai,Priya Singh,1,1390000.0,0.02,1362200.0,250646.81
SL-5990,2024-08-05,Maruti Suzuki,Swift,Hatchback,Diesel,Central,Bhopal,Anjali Desai,2,605000.0,0.0,1210000.0,229545.35
SL-5917,2024-08-05,Kia,Sonet,SUV,Diesel,North,Chandigarh,Arjun Nair,3,1132000.0,0.02,3328080.0,391782.82
SL-6928,2024-08-05,Ford,Endeavour,SUV,Diesel,South,Hyderabad,Rohit Verma,3,1612000.0,0.0,4836000.0,559172.87
SL-7730,2024-08-05,Ford,Endeavour,SUV,Diesel,North,Lucknow,Sneha Reddy,3,2202000.0,0.02,6473880.0,1227037.21
SL-6713,2024-08-05,Ford,EcoSport,SUV,Petrol,West,Pune,Amit Patel,2,1304000.0,0.0,2608000.0,545591.11
SL-6299,2024-08-05,Ford,Endeavour,SUV,CNG,Central,Indore,Anjali Desai,3,1216000.0,0.05,3465600.0,520894.31
SL-6059,2024-08-06,Maruti Suzuki,Brezza,SUV,Diesel,East,Patna,Priya Singh,1,1231000.0,0.0,1231000.0,255224.37
SL-6963,2024-08-06,Tata,Harrier,SUV,Petrol,Central,Nagpur,Kavita Joshi,2,2231000.0,0.02,4372760.0,380598.14
SL-9339,2024-08-06,Honda,Civic,Sedan,Petrol,South,Bengaluru,Rohit Verma,1,1669000.0,0.0,1669000.0,292494.45
SL-6731,2024-08-06,Mahindra,Bolero,SUV,Diesel,East,Bhubaneswar,Neha Gupta,1,1895000.0,0.02,1857100.0,346295.38
SL-8853,2024-08-06,Maruti Suzuki,Ertiga,MPV,Diesel,South,Bengaluru,Priya Singh,2,1234000.0,0.05,2344600.0,241757.79
SL-6036,2024-08-07,Hyundai,Verna,Sedan,Electric,North,Chandigarh,Amit Patel,3,1191000.0,0.0,3573000.0,581664.99
SL-9297,2024-08-07,Honda,Amaze,Sedan,Petrol,West,Mumbai,Rahul Sharma,3,1427000.0,0.02,4195380.0,657668.74
SL-7633,2024-08-07,Tata,Harrier,SUV,Petrol,East,Kolkata,Kavita Joshi,2,2129000.0,0.0,4258000.0,518647.93
SL-8534,2024-08-07,Hyundai,i20,Hatchback,Petrol,Central,Bhopal,Sneha Reddy,3,877000.0,0.02,2578380.0,286026.7
SL-5899,2024-08-08,Honda,Civic,Sedan,Petrol,Central,Nagpur,Neha Gupta,3,1355000.0,0.02,3983700.0,473474.26
SL-5718,2024-08-08,Kia,Seltos,SUV,Petrol,West,Pune,Amit Patel,1,1285000.0,0.0,1285000.0,281104.71
SL-7603,2024-08-08,Kia,Sonet,SUV,Petrol,West,Pune,Neha Gupta,2,1057000.0,0.0,2114000.0,414932.77
SL-7099,2024-08-08,Toyota,Fortuner,SUV,Diesel,South,Bengaluru,Sneha Reddy,3,2576000.0,0.08,7109760.0,681374.29
SL-6988,2024-08-08,Hyundai,Venue,SUV,Petrol,North,Delhi,Amit Patel,1,1284000.0,0.0,1284000.0,139852.23
SL-6656,2024-08-09,Hyundai,Creta,SUV,Petrol,North,Delhi,Vikram Iyer,3,2124000.0,0.0,6372000.0,1279048.86
SL-5861,2024-08-09,Tata,Punch,SUV,Diesel,North,Chandigarh,Priya Singh,2,1432000.0,0.02,2806720.0,315302.46
SL-9385,2024-08-09,Kia,Sonet,SUV,Diesel,North,Delhi,Rohit Verma,3,1341000.0,0.02,3942540.0,425685.25
SL-8952,2024-08-10,Tata,Harrier,SUV,Petrol,East,Kolkata,Neha Gupta,3,2104000.0,0.05,5996400.0,414887.08
SL-7263,2024-08-10,Hyundai,i20,Hatchback,Diesel,East,Kolkata,Vikram Iyer,2,769000.0,0.05,1461100.0,183363.14
SL-5350,2024-08-10,Honda,City,Sedan,CNG,South,Bengaluru,Priya Singh,2,1600000.0,0.0,3200000.0,449091.4
SL-8368,2024-08-10,Kia,Carens,MPV,Petrol,East,Kolkata,Vikram Iyer,1,1632000.0,0.1,1468800.0,8523.93
SL-8538,2024-08-10,Maruti Suzuki,Brezza,SUV,CNG,East,Bhubaneswar,Rohit Verma,2,2401000.0,0.0,4802000.0,955580.75
SL-6563,2024-08-10,Hyundai,Venue,SUV,Diesel,North,Delhi,Rohit Verma,3,1410000.0,0.02,4145400.0,819524.99
SL-6714,2024-08-10,Toyota,Camry,Sedan,Diesel,North,Chandigarh,Sneha Reddy,1,1555000.0,0.08,1430600.0,110483.7
SL-6687,2024-08-10,Tata,Harrier,SUV,Diesel,South,Hyderabad,Neha Gupta,2,1365000.0,0.0,2730000.0,498675.08
SL-5110,2024-08-10,Toyota,Camry,Sedan,Diesel,West,Mumbai,Anjali Desai,2,965000.0,0.0,1930000.0,406401.22
SL-9011,2024-08-11,Toyota,Fortuner,SUV,Diesel,North,Lucknow,Rahul Sharma,3,2552000.0,0.0,7656000.0,1084926.35
SL-5132,2024-08-11,Maruti Suzuki,Baleno,Hatchback,Diesel,North,Chandigarh,Arjun Nair,2,654000.0,0.0,1308000.0,143709.57
SL-8957,2024-08-11,Hyundai,i20,Hatchback,Electric,North,Lucknow,Anjali Desai,3,803000.0,0.02,2360820.0,347086.54
SL-8840,2024-08-11,Tata,Punch,SUV,Diesel,East,Bhubaneswar,Vikram Iyer,1,1317000.0,0.05,1251150.0,74481.81
SL-7086,2024-08-11,Maruti Suzuki,Baleno,Hatchback,Electric,North,Lucknow,Anjali Desai,2,881000.0,0.0,1762000.0,387165.17
SL-8393,2024-08-11,Kia,Sonet,SUV,CNG,East,Patna,Arjun Nair,2,1566000.0,0.0,3132000.0,553635.6
SL-6601,2024-08-11,Ford,Figo,Hatchback,Diesel,Central,Indore,Vikram Iyer,3,852000.0,0.08,2351520.0,234710.89
SL-7971,2024-08-12,Maruti Suzuki,Baleno,Hatchback,Diesel,West,Mumbai,Vikram Iyer,3,756000.0,0.0,2268000.0,302837.02
SL-9171,2024-08-12,Kia,Sonet,SUV,CNG,West,Pune,Sneha Reddy,1,2527000.0,0.1,2274300.0,12108.6
SL-7412,2024-08-12,Maruti Suzuki,Baleno,Hatchback,Diesel,South,Bengaluru,Rohit Verma,3,656000.0,0.0,1968000.0,352172.25
SL-5773,2024-08-12,Hyundai,Venue,SUV,Diesel,South,Bengaluru,Rahul Sharma,3,2006000.0,0.02,5897640.0,1084176.09
SL-8031,2024-08-12,Mahindra,XUV700,SUV,CNG,Central,Nagpur,Sneha Reddy,3,2691000.0,0.0,8073000.0,1318868.24
SL-5888,2024-08-12,Kia,Seltos,SUV,Petrol,South,Hyderabad,Anjali Desai,2,2570000.0,0.0,5140000.0,925026.34
SL-5136,2024-08-12,Ford,EcoSport,SUV,Electric,North,Chandigarh,Rohit Verma,3,1728000.0,0.05,4924800.0,871438.02
SL-5921,2024-08-12,Tata,Harrier,SUV,Diesel,North,Lucknow,Priya Singh,2,2598000.0,0.0,5196000.0,687106.17
SL-6262,2024-08-12,Ford,Figo,Hatchback,Electric,South,Chennai,Kavita Joshi,1,604000.0,0.0,604000.0,114389.24
SL-7084,2024-08-12,Mahindra,Scorpio,SUV,Petrol,Central,Bhopal,Neha Gupta,2,1601000.0,0.08,2945840.0,447860.59
SL-5107,2024-08-13,Hyundai,Creta,SUV,Diesel,South,Hyderabad,Amit Patel,3,2742000.0,0.02,8061480.0,1529402.74
SL-6145,2024-08-13,Ford,Figo,Hatchback,Petrol,East,Bhubaneswar,Rahul Sharma,2,868000.0,0.0,1736000.0,208419.48
SL-8956,2024-08-13,Tata,Altroz,Hatchback,Petrol,Central,Bhopal,Arjun Nair,3,892000.0,0.02,2622480.0,397325.75
SL-5638,2024-08-13,Toyota,Innova,MPV,Diesel,East,Bhubaneswar,Anjali Desai,1,1150000.0,0.08,1058000.0,131922.48
SL-5682,2024-08-13,Tata,Nexon,SUV,CNG,East,Patna,Neha Gupta,1,2166000.0,0.0,2166000.0,439905.43
SL-5490,2024-08-13,Honda,City,Sedan,CNG,West,Pune,Vikram Iyer,2,1171000.0,0.0,2342000.0,353759.42
SL-8658,2024-08-13,Honda,Amaze,Sedan,Diesel,West,Ahmedabad,Anjali Desai,1,1768000.0,0.05,1679600.0,266644.49
SL-7533,2024-08-13,Ford,Endeavour,SUV,Petrol,North,Delhi,Arjun Nair,2,2471000.0,0.0,4942000.0,845816.63
SL-8240,2024-08-14,Maruti Suzuki,Baleno,Hatchback,Petrol,South,Chennai,Arjun Nair,2,741000.0,0.05,1407900.0,109864.89
SL-7077,2024-08-14,Kia,Carens,MPV,Diesel,West,Mumbai,Anjali Desai,3,1526000.0,0.02,4486440.0,811570.75
SL-5491,2024-08-14,Honda,Amaze,Sedan,Petrol,North,Delhi,Amit Patel,1,1077000.0,0.0,1077000.0,220834.75
SL-8846,2024-08-14,Ford,EcoSport,SUV,Petrol,North,Lucknow,Rohit Verma,1,1625000.0,0.0,1625000.0,220065.96
SL-9484,2024-08-14,Hyundai,Venue,SUV,Diesel,West,Pune,Arjun Nair,3,1363000.0,0.1,3680100.0,399343.27
SL-9496,2024-08-14,Mahindra,Thar,SUV,Diesel,South,Bengaluru,Kavita Joshi,2,1325000.0,0.05,2517500.0,154366.46
SL-8723,2024-08-14,Hyundai,Creta,SUV,Petrol,North,Delhi,Neha Gupta,1,1073000.0,0.02,1051540.0,179171.09
SL-9064,2024-08-14,Honda,CR-V,SUV,Petrol,West,Pune,Kavita Joshi,1,1542000.0,0.05,1464900.0,204516.73
SL-8379,2024-08-14,Mahindra,XUV700,SUV,CNG,East,Patna,Priya Singh,2,2384000.0,0.02,4672640.0,784600.03
SL-7456,2024-08-14,Maruti Suzuki,Brezza,SUV,CNG,Central,Bhopal,Sneha Reddy,3,1769000.0,0.0,5307000.0,928302.73
SL-7426,2024-08-14,Honda,Civic,Sedan,Electric,West,Pune,Rahul Sharma,1,992000.0,0.08,912640.0,75994.23
SL-8334,2024-08-14,Maruti Suzuki,Brezza,SUV,Petrol,East,Bhubaneswar,Sneha Reddy,3,2711000.0,0.02,7970340.0,653396.69
SL-7936,2024-08-15,Toyota,Corolla,Sedan,Petrol,West,Pune,Vikram Iyer,1,1250000.0,0.02,1225000.0,199407.99
SL-9005,2024-08-15,Maruti Suzuki,Swift,Hatchback,Diesel,South,Bengaluru,Vikram Iyer,1,759000.0,0.08,698280.0,51297.19
SL-8390,2024-08-15,Hyundai,Creta,SUV,Diesel,North,Chandigarh,Vikram Iyer,3,1160000.0,0.0,3480000.0,590588.1
SL-9160,2024-08-15,Hyundai,Creta,SUV,Electric,North,Delhi,Vikram Iyer,2,1549000.0,0.02,3036040.0,468353.4
SL-5288,2024-08-15,Honda,Civic,Sedan,Diesel,South,Hyderabad,Anjali Desai,3,1288000.0,0.08,3554880.0,245885.97
SL-9471,2024-08-16,Ford,Endeavour,SUV,Petrol,North,Chandigarh,Sneha Reddy,2,1074000.0,0.0,2148000.0,368239.51
SL-8485,2024-08-16,Toyota,Innova,MPV,Petrol,Central,Bhopal,Anjali Desai,2,1743000.0,0.02,3416280.0,659506.51
SL-6635,2024-08-16,Tata,Harrier,SUV,Diesel,Central,Bhopal,Arjun Nair,3,1109000.0,0.08,3060840.0,286943.63
SL-7438,2024-08-16,Honda,CR-V,SUV,CNG,Central,Nagpur,Vikram Iyer,2,1082000.0,0.05,2055800.0,325117.22
SL-7002,2024-08-16,Hyundai,i20,Hatchback,Diesel,East,Patna,Rohit Verma,3,648000.0,0.1,1749600.0,83577.06
SL-7145,2024-08-17,Honda,Civic,Sedan,Electric,North,Lucknow,Amit Patel,2,946000.0,0.0,1892000.0,398518.63
SL-6527,2024-08-17,Ford,Endeavour,SUV,Petrol,West,Ahmedabad,Sneha Reddy,2,1356000.0,0.0,2712000.0,542215.44
SL-7321,2024-08-17,Tata,Harrier,SUV,Petrol,West,Pune,Arjun Nair,2,2301000.0,0.0,4602000.0,501788.68
SL-7535,2024-08-17,Tata,Nexon,SUV,Petrol,East,Bhubaneswar,Arjun Nair,3,2119000.0,0.08,5848440.0,171906.86
SL-7782,2024-08-17,Honda,CR-V,SUV,Diesel,Central,Indore,Arjun Nair,3,2649000.0,0.05,7549650.0,477692.51
SL-9120,2024-08-17,Tata,Punch,SUV,Petrol,Central,Nagpur,Vikram Iyer,2,1285000.0,0.0,2570000.0,423204.83
SL-6284,2024-08-17,Tata,Harrier,SUV,Diesel,West,Pune,Priya Singh,1,1187000.0,0.02,1163260.0,114537.4
SL-6137,2024-08-18,Tata,Nexon,SUV,Diesel,South,Chennai,Priya Singh,2,2164000.0,0.05,4111600.0,248646.57
SL-7240,2024-08-18,Hyundai,Verna,Sedan,Petrol,South,Hyderabad,Arjun Nair,3,1158000.0,0.0,3474000.0,660956.24
SL-8797,2024-08-18,Ford,EcoSport,SUV,Diesel,North,Chandigarh,Arjun Nair,2,1794000.0,0.0,3588000.0,787627.45
SL-6126,2024-08-18,Tata,Nexon,SUV,CNG,North,Delhi,Anjali Desai,2,2704000.0,0.02,5299840.0,1022382.03
SL-9366,2024-08-18,Tata,Punch,SUV,Petrol,East,Patna,Neha Gupta,3,1922000.0,0.02,5650680.0,914036.39
SL-7954,2024-08-18,Maruti Suzuki,Swift,Hatchback,Diesel,North,Chandigarh,Kavita Joshi,3,634000.0,0.02,1863960.0,184290.99
SL-8609,2024-08-18,Ford,EcoSport,SUV,Petrol,West,Mumbai,Amit Patel,3,1936000.0,0.0,5808000.0,1269608.92
SL-5754,2024-08-19,Tata,Nexon,SUV,CNG,North,Lucknow,Vikram Iyer,2,1963000.0,0.0,3926000.0,732481.07
SL-6979,2024-08-19,Tata,Punch,SUV,Petrol,West,Mumbai,Vikram Iyer,2,1508000.0,0.0,3016000.0,514391.14
SL-9375,2024-08-19,Kia,Carens,MPV,Diesel,West,Ahmedabad,Neha Gupta,1,1773000.0,0.05,1684350.0,229725.69
SL-8945,2024-08-19,Ford,EcoSport,SUV,CNG,North,Chandigarh,Priya Singh,3,1878000.0,0.08,5183280.0,539621.87
SL-8373,2024-08-19,Toyota,Corolla,Sedan,Diesel,West,Mumbai,Vikram Iyer,2,1074000.0,0.0,2148000.0,387021.17
SL-7908,2024-08-19,Hyundai,Verna,Sedan,Petrol,East,Patna,Amit Patel,2,1199000.0,0.02,2350040.0,273112.94
SL-7223,2024-08-19,Kia,Carens,MPV,Diesel,East,Kolkata,Neha Gupta,2,1427000.0,0.05,2711300.0,459811.28
SL-7982,2024-08-19,Maruti Suzuki,Ertiga,MPV,Petrol,South,Hyderabad,Neha Gupta,3,974000.0,0.08,2688240.0,289219.0
SL-8584,2024-08-19,Hyundai,Creta,SUV,Petrol,West,Pune,Anjali Desai,2,2559000.0,0.02,5015640.0,906841.35
SL-8851,2024-08-20,Honda,Civic,Sedan,CNG,South,Chennai,Rohit Verma,1,1208000.0,0.05,1147600.0,127476.27
SL-8938,2024-08-20,Tata,Nexon,SUV,CNG,East,Kolkata,Rohit Verma,3,1213000.0,0.05,3457050.0,296600.52
SL-8161,2024-08-20,Mahindra,Thar,SUV,CNG,South,Bengaluru,Anjali Desai,1,1185000.0,0.0,1185000.0,236771.64
SL-6583,2024-08-20,Kia,Carens,MPV,Petrol,North,Chandigarh,Priya Singh,1,1370000.0,0.08,1260400.0,186533.07
SL-6084,2024-08-20,Toyota,Innova,MPV,Petrol,South,Bengaluru,Kavita Joshi,2,1649000.0,0.02,3232040.0,373477.19
SL-7839,2024-08-21,Tata,Harrier,SUV,Petrol,West,Pune,Rohit Verma,1,1549000.0,0.0,1549000.0,276225.75
SL-5662,2024-08-21,Tata,Punch,SUV,Petrol,West,Ahmedabad,Sneha Reddy,1,1029000.0,0.0,1029000.0,197106.55
SL-6130,2024-08-21,Kia,Seltos,SUV,Petrol,East,Kolkata,Rahul Sharma,3,1323000.0,0.0,3969000.0,617108.79
SL-8608,2024-08-21,Maruti Suzuki,Ertiga,MPV,CNG,Central,Nagpur,Arjun Nair,2,1646000.0,0.0,3292000.0,585535.07
SL-6450,2024-08-21,Tata,Nexon,SUV,Diesel,West,Mumbai,Kavita Joshi,3,1474000.0,0.0,4422000.0,496530.1
SL-5389,2024-08-22,Maruti Suzuki,Swift,Hatchback,Diesel,North,Lucknow,Sneha Reddy,3,801000.0,0.02,2354940.0,276725.07
SL-8229,2024-08-22,Kia,Carens,MPV,Petrol,North,Delhi,Amit Patel,2,1866000.0,0.05,3545400.0,419115.93
SL-9400,2024-08-22,Honda,Amaze,Sedan,Petrol,North,Delhi,Rahul Sharma,2,1114000.0,0.08,2049760.0,137677.09
SL-6331,2024-08-22,Toyota,Fortuner,SUV,Petrol,North,Lucknow,Rohit Verma,1,1519000.0,0.02,1488620.0,302617.09
SL-7962,2024-08-23,Honda,Amaze,Sedan,Petrol,East,Kolkata,Rohit Verma,1,1791000.0,0.02,1755180.0,312257.04
SL-5240,2024-08-23,Honda,Amaze,Sedan,Petrol,South,Chennai,Neha Gupta,1,1717000.0,0.1,1545300.0,6788.47
SL-8766,2024-08-23,Hyundai,i20,Hatchback,Petrol,East,Patna,Priya Singh,3,792000.0,0.0,2376000.0,342621.58
SL-7712,2024-08-23,Honda,Civic,Sedan,CNG,West,Pune,Amit Patel,2,1060000.0,0.05,2014000.0,324311.95
SL-5972,2024-08-23,Honda,City,Sedan,CNG,West,Ahmedabad,Vikram Iyer,1,1168000.0,0.05,1109600.0,114169.41
SL-8047,2024-08-23,Kia,Seltos,SUV,Petrol,East,Patna,Rohit Verma,1,1844000.0,0.02,1807120.0,311094.06
SL-6737,2024-08-23,Maruti Suzuki,Brezza,SUV,Diesel,West,Mumbai,Sneha Reddy,2,1919000.0,0.05,3646100.0,253724.32
SL-8263,2024-08-23,Honda,Amaze,Sedan,Petrol,Central,Nagpur,Sneha Reddy,2,1153000.0,0.02,2259880.0,415948.33
SL-6314,2024-08-23,Toyota,Camry,Sedan,Diesel,East,Kolkata,Arjun Nair,3,1092000.0,0.02,3210480.0,520869.96
SL-9010,2024-08-23,Maruti Suzuki,Ertiga,MPV,Petrol,North,Delhi,Rohit Verma,2,1752000.0,0.0,3504000.0,736657.34
SL-9368,2024-08-23,Hyundai,Verna,Sedan,Petrol,South,Bengaluru,Sneha Reddy,1,1613000.0,0.1,1451700.0,12350.47
SL-7191,2024-08-24,Toyota,Fortuner,SUV,Petrol,South,Chennai,Anjali Desai,3,1912000.0,0.02,5621280.0,924207.08
SL-6627,2024-08-24,Honda,Civic,Sedan,Petrol,Central,Indore,Kavita Joshi,1,1072000.0,0.0,1072000.0,117651.27
SL-5397,2024-08-24,Kia,Seltos,SUV,Petrol,East,Patna,Sneha Reddy,2,2776000.0,0.0,5552000.0,639783.73
SL-7983,2024-08-24,Tata,Nexon,SUV,Electric,Central,Indore,Anjali Desai,2,2228000.0,0.0,4456000.0,667163.2
SL-5527,2024-08-24,Hyundai,Verna,Sedan,CNG,West,Pune,Kavita Joshi,3,1051000.0,0.1,2837700.0,312190.91
SL-7820,2024-08-24,Kia,Carens,MPV,Petrol,Central,Indore,Amit Patel,1,1889000.0,0.08,1737880.0,96148.41
SL-9116,2024-08-24,Maruti Suzuki,Swift,Hatchback,Diesel,North,Chandigarh,Rahul Sharma,2,661000.0,0.02,1295560.0,181131.15
SL-6571,2024-08-25,Kia,Carens,MPV,Diesel,North,Chandigarh,Neha Gupta,2,1458000.0,0.05,2770200.0,328023.51
SL-8001,2024-08-25,Honda,Civic,Sedan,Diesel,East,Kolkata,Amit Patel,3,1343000.0,0.02,3948420.0,762447.02
SL-8270,2024-08-25,Tata,Harrier,SUV,Petrol,East,Patna,Neha Gupta,2,2025000.0,0.05,3847500.0,614521.87
SL-8162,2024-08-25,Kia,Carens,MPV,Petrol,North,Chandigarh,Arjun Nair,3,1506000.0,0.0,4518000.0,704621.34
SL-8866,2024-08-25,Toyota,Fortuner,SUV,Petrol,North,Chandigarh,Rahul Sharma,2,2324000.0,0.0,4648000.0,538875.17
SL-6428,2024-08-25,Toyota,Innova,MPV,Diesel,West,Mumbai,Neha Gupta,1,1291000.0,0.0,1291000.0,145901.07
SL-7553,2024-08-25,Tata,Altroz,Hatchback,Electric,South,Bengaluru,Rohit Verma,2,637000.0,0.0,1274000.0,269167.27
SL-8350,2024-08-25,Maruti Suzuki,Brezza,SUV,Electric,Central,Bhopal,Priya Singh,1,1797000.0,0.08,1653240.0,133810.91
SL-7624,2024-08-25,Mahindra,Scorpio,SUV,Diesel,West,Ahmedabad,Rohit Verma,3,2146000.0,0.02,6309240.0,1192301.93
SL-7096,2024-08-25,Maruti Suzuki,Brezza,SUV,Diesel,North,Lucknow,Kavita Joshi,1,1841000.0,0.02,1804180.0,311277.33
SL-6500,2024-08-26,Hyundai,Creta,SUV,Petrol,Central,Nagpur,Sneha Reddy,2,2573000.0,0.08,4734320.0,534230.54
SL-5027,2024-08-26,Honda,Amaze,Sedan,Electric,South,Bengaluru,Anjali Desai,1,1526000.0,0.02,1495480.0,261290.14
SL-6254,2024-08-26,Hyundai,Verna,Sedan,Petrol,West,Pune,Vikram Iyer,1,992000.0,0.0,992000.0,126824.71
SL-6961,2024-08-26,Mahindra,Thar,SUV,Petrol,East,Patna,Vikram Iyer,1,2252000.0,0.0,2252000.0,492352.46
SL-9016,2024-08-26,Toyota,Corolla,Sedan,Petrol,West,Ahmedabad,Amit Patel,1,1367000.0,0.02,1339660.0,185916.42
SL-5571,2024-08-26,Honda,Civic,Sedan,Petrol,North,Chandigarh,Priya Singh,2,1189000.0,0.02,2330440.0,432859.6
SL-8928,2024-08-27,Maruti Suzuki,Ertiga,MPV,Petrol,Central,Nagpur,Sneha Reddy,1,1166000.0,0.0,1166000.0,136154.61
SL-5120,2024-08-27,Honda,CR-V,SUV,Petrol,North,Delhi,Vikram Iyer,1,1301000.0,0.02,1274980.0,204506.99
SL-8145,2024-08-27,Mahindra,Bolero,SUV,Petrol,West,Pune,Kavita Joshi,1,1650000.0,0.05,1567500.0,142873.6
SL-7879,2024-08-27,Hyundai,i20,Hatchback,Petrol,East,Kolkata,Amit Patel,1,673000.0,0.02,659540.0,110746.12
SL-5483,2024-08-27,Kia,Seltos,SUV,Petrol,South,Chennai,Neha Gupta,1,1103000.0,0.0,1103000.0,236173.75
SL-7392,2024-08-27,Mahindra,Bolero,SUV,CNG,Central,Indore,Kavita Joshi,2,2404000.0,0.0,4808000.0,691679.32
SL-5572,2024-08-28,Honda,City,Sedan,Petrol,East,Kolkata,Priya Singh,3,1249000.0,0.08,3447240.0,347174.03
SL-8289,2024-08-28,Kia,Carens,MPV,CNG,Central,Nagpur,Anjali Desai,2,1284000.0,0.0,2568000.0,436533.07
SL-6747,2024-08-28,Maruti Suzuki,Baleno,Hatchback,Diesel,East,Patna,Neha Gupta,1,682000.0,0.02,668360.0,66320.71
SL-8897,2024-08-28,Toyota,Corolla,Sedan,Diesel,West,Ahmedabad,Vikram Iyer,2,1169000.0,0.02,2291240.0,193094.9
SL-5059,2024-08-28,Kia,Sonet,SUV,Diesel,East,Bhubaneswar,Rohit Verma,2,2509000.0,0.0,5018000.0,847779.19
SL-5244,2024-08-28,Hyundai,Verna,Sedan,Petrol,North,Lucknow,Anjali Desai,1,1126000.0,0.0,1126000.0,221831.96
SL-7698,2024-08-28,Tata,Punch,SUV,Diesel,Central,Nagpur,Arjun Nair,1,1430000.0,0.1,1287000.0,64199.68
SL-8749,2024-08-29,Maruti Suzuki,Ertiga,MPV,Diesel,East,Bhubaneswar,Kavita Joshi,2,1488000.0,0.0,2976000.0,422192.78
SL-7564,2024-08-29,Hyundai,Creta,SUV,Petrol,East,Patna,Neha Gupta,3,2202000.0,0.02,6473880.0,933050.07
SL-7536,2024-08-29,Mahindra,Scorpio,SUV,Petrol,Central,Bhopal,Sneha Reddy,3,1196000.0,0.02,3516240.0,319607.38
SL-6763,2024-08-29,Maruti Suzuki,Brezza,SUV,CNG,South,Hyderabad,Amit Patel,1,2059000.0,0.0,2059000.0,303029.94
SL-5161,2024-08-29,Mahindra,Thar,SUV,Diesel,West,Mumbai,Neha Gupta,1,1536000.0,0.0,1536000.0,231535.51
SL-5058,2024-08-29,Kia,Carens,MPV,Diesel,North,Lucknow,Amit Patel,3,1328000.0,0.08,3665280.0,167134.18
SL-6158,2024-08-29,Kia,Carens,MPV,Diesel,South,Chennai,Amit Patel,3,1175000.0,0.08,3243000.0,305615.0
SL-7911,2024-08-29,Mahindra,Bolero,SUV,Petrol,Central,Indore,Amit Patel,1,1938000.0,0.0,1938000.0,335146.41
SL-6330,2024-08-29,Toyota,Fortuner,SUV,Diesel,North,Chandigarh,Amit Patel,3,2166000.0,0.02,6368040.0,1154461.59
SL-8213,2024-08-29,Kia,Carens,MPV,Petrol,Central,Nagpur,Sneha Reddy,2,1717000.0,0.0,3434000.0,486605.55
SL-5345,2024-08-29,Mahindra,Bolero,SUV,Diesel,East,Bhubaneswar,Amit Patel,2,1842000.0,0.02,3610320.0,590787.75
SL-6364,2024-08-29,Tata,Punch,SUV,Petrol,North,Lucknow,Anjali Desai,1,1352000.0,0.02,1324960.0,230323.17
SL-5313,2024-08-30,Honda,City,Sedan,Diesel,South,Bengaluru,Vikram Iyer,2,1482000.0,0.05,2815800.0,459988.8
SL-5644,2024-08-30,Kia,Seltos,SUV,Petrol,North,Delhi,Rahul Sharma,1,2499000.0,0.05,2374050.0,357285.06
SL-5943,2024-08-30,Honda,CR-V,SUV,Petrol,South,Chennai,Sneha Reddy,1,2366000.0,0.02,2318680.0,277326.79
SL-7248,2024-08-30,Honda,Amaze,Sedan,Petrol,North,Chandigarh,Amit Patel,3,1609000.0,0.0,4827000.0,1018455.7
SL-8269,2024-08-30,Maruti Suzuki,Ertiga,MPV,Petrol,North,Lucknow,Arjun Nair,2,1708000.0,0.0,3416000.0,473283.56
SL-8323,2024-08-30,Ford,Endeavour,SUV,Petrol,North,Lucknow,Rohit Verma,2,2243000.0,0.0,4486000.0,487760.87
SL-8602,2024-08-30,Tata,Nexon,SUV,Diesel,Central,Indore,Rohit Verma,3,1683000.0,0.02,4948020.0,449897.52
SL-5235,2024-08-30,Maruti Suzuki,Baleno,Hatchback,Petrol,East,Patna,Neha Gupta,2,668000.0,0.0,1336000.0,249633.63
SL-8413,2024-08-30,Mahindra,Scorpio,SUV,Electric,Central,Bhopal,Amit Patel,2,1701000.0,0.05,3231900.0,381542.15
SL-9328,2024-08-30,Mahindra,XUV700,SUV,Diesel,South,Bengaluru,Amit Patel,1,2095000.0,0.0,2095000.0,289197.83
SL-7082,2024-08-31,Mahindra,XUV700,SUV,Petrol,East,Kolkata,Priya Singh,3,2693000.0,0.0,8079000.0,1533143.39
SL-5319,2024-08-31,Mahindra,Bolero,SUV,Petrol,South,Chennai,Rohit Verma,3,1615000.0,0.02,4748100.0,825592.68
SL-5892,2024-08-31,Tata,Nexon,SUV,Petrol,West,Ahmedabad,Amit Patel,2,2398000.0,0.0,4796000.0,558973.37
SL-7468,2024-08-31,Maruti Suzuki,Baleno,Hatchback,Electric,East,Kolkata,Neha Gupta,2,723000.0,0.08,1330320.0,99372.28
SL-8696,2024-08-31,Honda,Civic,Sedan,Petrol,South,Bengaluru,Rohit Verma,1,1295000.0,0.05,1230250.0,103518.5
SL-9168,2024-08-31,Ford,Endeavour,SUV,Petrol,North,Chandigarh,Vikram Iyer,3,1062000.0,0.0,3186000.0,356615.02
SL-8180,2024-09-01,Ford,EcoSport,SUV,Diesel,West,Ahmedabad,Kavita Joshi,3,1395000.0,0.05,3975750.0,492777.43
SL-6832,2024-09-01,Honda,CR-V,SUV,Diesel,South,Bengaluru,Priya Singh,3,1530000.0,0.02,4498200.0,442878.11
SL-6006,2024-09-01,Ford,Endeavour,SUV,CNG,North,Chandigarh,Priya Singh,1,1736000.0,0.05,1649200.0,267067.8
SL-5475,2024-09-01,Maruti Suzuki,Baleno,Hatchback,Diesel,Central,Bhopal,Vikram Iyer,2,860000.0,0.02,1685600.0,298620.49
SL-5333,2024-09-01,Hyundai,Creta,SUV,Petrol,Central,Indore,Vikram Iyer,2,1194000.0,0.0,2388000.0,283442.52
SL-5890,2024-09-01,Kia,Sonet,SUV,Diesel,South,Chennai,Priya Singh,1,2377000.0,0.0,2377000.0,298689.26
SL-7356,2024-09-01,Mahindra,XUV700,SUV,Diesel,East,Bhubaneswar,Rohit Verma,2,1392000.0,0.05,2644800.0,290851.44
SL-5082,2024-09-01,Maruti Suzuki,Swift,Hatchback,Diesel,North,Delhi,Arjun Nair,2,851000.0,0.0,1702000.0,223704.01
SL-7020,2024-09-01,Honda,CR-V,SUV,Diesel,East,Kolkata,Arjun Nair,2,2187000.0,0.02,4286520.0,753483.51
SL-7000,2024-09-01,Kia,Seltos,SUV,Diesel,West,Mumbai,Arjun Nair,3,1304000.0,0.05,3716400.0,368827.51
SL-9337,2024-09-02,Mahindra,Thar,SUV,Petrol,West,Mumbai,Kavita Joshi,1,2777000.0,0.0,2777000.0,304592.03
SL-5926,2024-09-02,Tata,Punch,SUV,Diesel,Central,Bhopal,Anjali Desai,2,1572000.0,0.0,3144000.0,608681.75
SL-6228,2024-09-02,Mahindra,Scorpio,SUV,Petrol,South,Bengaluru,Amit Patel,3,2393000.0,0.02,7035420.0,1363340.83
SL-5513,2024-09-02,Hyundai,i20,Hatchback,Petrol,South,Hyderabad,Rahul Sharma,1,720000.0,0.0,720000.0,109423.43
SL-7961,2024-09-02,Toyota,Fortuner,SUV,Petrol,East,Patna,Priya Singh,1,1891000.0,0.0,1891000.0,233514.4
SL-6812,2024-09-02,Toyota,Fortuner,SUV,Diesel,East,Bhubaneswar,Sneha Reddy,2,2451000.0,0.05,4656900.0,786454.48
SL-7310,2024-09-02,Kia,Seltos,SUV,Diesel,North,Lucknow,Neha Gupta,2,2357000.0,0.0,4714000.0,585929.12
SL-5738,2024-09-03,Kia,Carens,MPV,CNG,North,Delhi,Arjun Nair,3,1755000.0,0.05,5001750.0,515093.7
SL-5550,2024-09-03,Honda,Amaze,Sedan,Petrol,West,Ahmedabad,Rahul Sharma,3,1697000.0,0.02,4989180.0,414384.65
SL-5846,2024-09-03,Tata,Nexon,SUV,Diesel,North,Lucknow,Rohit Verma,1,2785000.0,0.05,2645750.0,209440.44
SL-6076,2024-09-03,Mahindra,XUV700,SUV,Petrol,South,Hyderabad,Arjun Nair,2,1345000.0,0.02,2636200.0,407692.33
SL-7787,2024-09-03,Ford,Figo,Hatchback,Diesel,East,Patna,Priya Singh,2,851000.0,0.05,1616900.0,276335.77
SL-9351,2024-09-03,Maruti Suzuki,Swift,Hatchback,Diesel,Central,Nagpur,Sneha Reddy,1,689000.0,0.1,620100.0,64935.0
SL-7015,2024-09-03,Maruti Suzuki,Ertiga,MPV,Petrol,North,Lucknow,Sneha Reddy,1,1324000.0,0.0,1324000.0,160926.28
SL-5808,2024-09-04,Mahindra,Thar,SUV,Petrol,North,Lucknow,Kavita Joshi,3,1829000.0,0.05,5212650.0,739206.41
SL-5086,2024-09-04,Maruti Suzuki,Ertiga,MPV,Electric,East,Kolkata,Rahul Sharma,3,1779000.0,0.05,5070150.0,485378.78
SL-6471,2024-09-05,Tata,Harrier,SUV,Electric,East,Patna,Sneha Reddy,3,1601000.0,0.05,4562850.0,712439.55
SL-5127,2024-09-05,Hyundai,Creta,SUV,Petrol,South,Chennai,Rohit Verma,1,1534000.0,0.0,1534000.0,270021.76
SL-8091,2024-09-05,Kia,Seltos,SUV,Petrol,South,Bengaluru,Anjali Desai,3,2563000.0,0.08,7073880.0,687683.05
SL-5753,2024-09-05,Kia,Carens,MPV,Petrol,North,Chandigarh,Arjun Nair,2,1106000.0,0.0,2212000.0,479659.53
SL-5089,2024-09-06,Toyota,Camry,Sedan,CNG,East,Kolkata,Priya Singh,1,1297000.0,0.02,1271060.0,156419.99
SL-9282,2024-09-06,Toyota,Camry,Sedan,Diesel,East,Bhubaneswar,Priya Singh,2,1439000.0,0.02,2820440.0,475262.25
SL-6652,2024-09-06,Tata,Nexon,SUV,Petrol,West,Pune,Neha Gupta,1,1076000.0,0.02,1054480.0,86469.05
SL-6219,2024-09-06,Mahindra,Bolero,SUV,Petrol,East,Patna,Sneha Reddy,3,1110000.0,0.05,3163500.0,530251.33
SL-7472,2024-09-06,Maruti Suzuki,Ertiga,MPV,CNG,East,Patna,Priya Singh,1,1300000.0,0.0,1300000.0,150277.67
SL-7244,2024-09-06,Kia,Carens,MPV,Diesel,East,Bhubaneswar,Kavita Joshi,3,1829000.0,0.02,5377260.0,573816.43
SL-7545,2024-09-07,Hyundai,Verna,Sedan,Diesel,South,Chennai,Rohit Verma,3,1478000.0,0.0,4434000.0,709247.8
SL-5064,2024-09-07,Tata,Punch,SUV,Diesel,East,Kolkata,Neha Gupta,2,1640000.0,0.02,3214400.0,299212.58
SL-9136,2024-09-07,Ford,EcoSport,SUV,CNG,South,Hyderabad,Neha Gupta,2,2417000.0,0.02,4737320.0,628792.3
SL-7442,2024-09-07,Kia,Seltos,SUV,Diesel,North,Delhi,Neha Gupta,2,1837000.0,0.0,3674000.0,440850.3
SL-9327,2024-09-07,Toyota,Camry,Sedan,Petrol,South,Bengaluru,Anjali Desai,1,1320000.0,0.0,1320000.0,152885.81
SL-6396,2024-09-07,Ford,Endeavour,SUV,Diesel,South,Chennai,Priya Singh,1,2422000.0,0.02,2373560.0,433086.29
SL-8781,2024-09-07,Ford,Endeavour,SUV,CNG,South,Bengaluru,Kavita Joshi,1,2192000.0,0.0,2192000.0,455013.98
SL-8208,2024-09-08,Kia,Sonet,SUV,CNG,West,Mumbai,Neha Gupta,3,1060000.0,0.1,2862000.0,3866.35
SL-5157,2024-09-08,Toyota,Corolla,Sedan,Petrol,South,Hyderabad,Priya Singh,3,1327000.0,0.02,3901380.0,501685.75
SL-8562,2024-09-08,Hyundai,Creta,SUV,Petrol,East,Patna,Neha Gupta,1,2125000.0,0.05,2018750.0,296839.56
SL-8391,2024-09-08,Ford,EcoSport,SUV,Electric,South,Hyderabad,Kavita Joshi,1,1936000.0,0.0,1936000.0,320729.08
SL-5033,2024-09-08,Mahindra,Bolero,SUV,Diesel,South,Bengaluru,Priya Singh,2,2446000.0,0.02,4794160.0,644655.85
SL-7264,2024-09-08,Mahindra,XUV700,SUV,Diesel,South,Hyderabad,Kavita Joshi,3,2693000.0,0.02,7917420.0,1194704.89
SL-6575,2024-09-08,Ford,Endeavour,SUV,Petrol,Central,Bhopal,Neha Gupta,2,2390000.0,0.05,4541000.0,442070.49
SL-7916,2024-09-08,Kia,Carens,MPV,Petrol,North,Delhi,Kavita Joshi,1,984000.0,0.1,885600.0,94696.15
SL-7967,2024-09-08,Toyota,Camry,Sedan,Petrol,West,Pune,Kavita Joshi,2,1265000.0,0.05,2403500.0,388673.07
SL-6062,2024-09-08,Kia,Sonet,SUV,Diesel,East,Kolkata,Sneha Reddy,1,1275000.0,0.02,1249500.0,137954.64
SL-8800,2024-09-09,Toyota,Camry,Sedan,Diesel,Central,Indore,Arjun Nair,3,1331000.0,0.02,3913140.0,751461.27
SL-6598,2024-09-09,Tata,Punch,SUV,Diesel,South,Hyderabad,Sneha Reddy,1,2727000.0,0.05,2590650.0,413609.85
SL-6941,2024-09-09,Hyundai,Venue,SUV,Petrol,North,Lucknow,Sneha Reddy,1,1241000.0,0.0,1241000.0,169886.48
SL-7112,2024-09-09,Hyundai,i20,Hatchback,CNG,South,Bengaluru,Rohit Verma,2,726000.0,0.08,1335840.0,201484.74
SL-8746,2024-09-10,Ford,EcoSport,SUV,Diesel,Central,Bhopal,Arjun Nair,2,1094000.0,0.0,2188000.0,314283.77
SL-8041,2024-09-10,Kia,Seltos,SUV,Diesel,East,Bhubaneswar,Arjun Nair,3,2122000.0,0.0,6366000.0,1135253.01
SL-5429,2024-09-10,Ford,Figo,Hatchback,Petrol,East,Kolkata,Amit Patel,1,812000.0,0.02,795760.0,89513.31
SL-7675,2024-09-10,Ford,Figo,Hatchback,Petrol,West,Mumbai,Neha Gupta,3,861000.0,0.0,2583000.0,371110.23
SL-7278,2024-09-10,Toyota,Corolla,Sedan,CNG,West,Ahmedabad,Priya Singh,1,1718000.0,0.02,1683640.0,163680.49
SL-5827,2024-09-10,Hyundai,i20,Hatchback,Diesel,South,Bengaluru,Vikram Iyer,3,882000.0,0.02,2593080.0,237765.09
SL-7992,2024-09-11,Maruti Suzuki,Swift,Hatchback,CNG,West,Ahmedabad,Priya Singh,1,783000.0,0.0,783000.0,90093.89
SL-5026,2024-09-11,Ford,Figo,Hatchback,Petrol,West,Pune,Sneha Reddy,2,810000.0,0.0,1620000.0,201815.8
SL-7046,2024-09-11,Ford,Endeavour,SUV,Petrol,South,Chennai,Rohit Verma,3,1941000.0,0.1,5240700.0,573277.55
SL-6070,2024-09-11,Ford,Endeavour,SUV,Diesel,East,Bhubaneswar,Rahul Sharma,3,1310000.0,0.05,3733500.0,528536.13
SL-7771,2024-09-11,Mahindra,Scorpio,SUV,Diesel,South,Hyderabad,Anjali Desai,3,1256000.0,0.0,3768000.0,501846.43
SL-7001,2024-09-11,Toyota,Corolla,Sedan,Diesel,West,Pune,Priya Singh,2,1772000.0,0.02,3473120.0,540898.1
SL-5744,2024-09-11,Maruti Suzuki,Baleno,Hatchback,Petrol,South,Chennai,Rohit Verma,3,761000.0,0.1,2054700.0,271713.99
SL-7484,2024-09-11,Maruti Suzuki,Ertiga,MPV,CNG,West,Ahmedabad,Priya Singh,2,1078000.0,0.0,2156000.0,426467.26
SL-7216,2024-09-11,Honda,Civic,Sedan,Diesel,North,Lucknow,Anjali Desai,2,1660000.0,0.05,3154000.0,184688.2
SL-6496,2024-09-11,Ford,Endeavour,SUV,Electric,East,Patna,Arjun Nair,3,1147000.0,0.05,3268950.0,189708.27
SL-5643,2024-09-12,Kia,Seltos,SUV,CNG,North,Chandigarh,Rahul Sharma,1,2680000.0,0.0,2680000.0,406454.46
SL-7979,2024-09-12,Maruti Suzuki,Ertiga,MPV,Petrol,West,Ahmedabad,Neha Gupta,2,1404000.0,0.05,2667600.0,438406.25
SL-8845,2024-09-12,Honda,Civic,Sedan,Diesel,South,Hyderabad,Rahul Sharma,2,1605000.0,0.02,3145800.0,267578.6
SL-7556,2024-09-12,Honda,Civic,Sedan,Diesel,South,Hyderabad,Arjun Nair,3,1244000.0,0.0,3732000.0,696317.76
SL-9092,2024-09-12,Toyota,Innova,MPV,Diesel,Central,Bhopal,Amit Patel,1,1367000.0,0.02,1339660.0,120239.36
SL-8708,2024-09-13,Hyundai,Venue,SUV,Diesel,West,Mumbai,Vikram Iyer,1,1561000.0,0.0,1561000.0,235731.13
SL-5954,2024-09-13,Kia,Seltos,SUV,Petrol,East,Patna,Sneha Reddy,3,1652000.0,0.02,4856880.0,614101.69
SL-8311,2024-09-13,Kia,Sonet,SUV,Diesel,Central,Bhopal,Arjun Nair,1,1976000.0,0.0,1976000.0,404633.87
SL-8396,2024-09-14,Ford,Endeavour,SUV,Diesel,North,Delhi,Rohit Verma,2,1823000.0,0.05,3463700.0,261307.87
SL-7402,2024-09-14,Ford,EcoSport,SUV,Petrol,West,Pune,Kavita Joshi,1,2205000.0,0.02,2160900.0,278577.54
SL-6001,2024-09-14,Mahindra,Thar,SUV,CNG,South,Bengaluru,Priya Singh,1,1133000.0,0.02,1110340.0,97399.38
SL-9358,2024-09-15,Mahindra,Thar,SUV,CNG,East,Patna,Rahul Sharma,1,2243000.0,0.02,2198140.0,288051.06
SL-6234,2024-09-15,Kia,Sonet,SUV,Diesel,North,Lucknow,Amit Patel,1,2689000.0,0.02,2635220.0,239566.98
SL-9360,2024-09-15,Toyota,Corolla,Sedan,Petrol,West,Mumbai,Kavita Joshi,1,1052000.0,0.05,999400.0,126545.49
SL-7196,2024-09-15,Mahindra,Bolero,SUV,Diesel,East,Patna,Priya Singh,2,1464000.0,0.0,2928000.0,305012.74
SL-6639,2024-09-15,Toyota,Innova,MPV,Petrol,West,Ahmedabad,Neha Gupta,3,1544000.0,0.05,4400400.0,560290.54
SL-6388,2024-09-15,Maruti Suzuki,Brezza,SUV,Petrol,South,Bengaluru,Rohit Verma,1,2425000.0,0.0,2425000.0,497661.76
SL-6454,2024-09-15,Mahindra,Bolero,SUV,Diesel,North,Delhi,Vikram Iyer,3,2286000.0,0.02,6720840.0,1237663.99
SL-9108,2024-09-15,Kia,Carens,MPV,Diesel,East,Bhubaneswar,Rahul Sharma,3,1851000.0,0.0,5553000.0,1075994.12
SL-5663,2024-09-15,Mahindra,XUV700,SUV,Petrol,East,Bhubaneswar,Anjali Desai,2,1733000.0,0.02,3396680.0,307086.59
SL-5958,2024-09-16,Tata,Punch,SUV,Diesel,Central,Indore,Rahul Sharma,3,2538000.0,0.0,7614000.0,1295298.86
SL-6361,2024-09-16,Maruti Suzuki,Brezza,SUV,Petrol,West,Pune,Arjun Nair,2,2572000.0,0.02,5041120.0,745254.67
SL-5928,2024-09-16,Tata,Harrier,SUV,Diesel,Central,Nagpur,Anjali Desai,3,1299000.0,0.02,3819060.0,478068.82
SL-6536,2024-09-17,Toyota,Fortuner,SUV,Petrol,South,Hyderabad,Neha Gupta,1,2058000.0,0.08,1893360.0,282938.04
SL-7729,2024-09-17,Kia,Carens,MPV,Diesel,North,Delhi,Priya Singh,1,1602000.0,0.1,1441800.0,39807.6
SL-8471,2024-09-17,Honda,City,Sedan,Petrol,East,Kolkata,Anjali Desai,1,1526000.0,0.02,1495480.0,172433.34
SL-5712,2024-09-17,Hyundai,Verna,Sedan,Diesel,Central,Bhopal,Anjali Desai,1,1302000.0,0.02,1275960.0,129723.33
SL-6789,2024-09-17,Maruti Suzuki,Baleno,Hatchback,Petrol,West,Mumbai,Priya Singh,3,627000.0,0.05,1786950.0,269437.61
SL-7023,2024-09-17,Ford,EcoSport,SUV,CNG,Central,Nagpur,Neha Gupta,2,1956000.0,0.0,3912000.0,744695.4
SL-6990,2024-09-17,Toyota,Camry,Sedan,Petrol,Central,Nagpur,Amit Patel,2,907000.0,0.0,1814000.0,345239.43
SL-8503,2024-09-17,Tata,Altroz,Hatchback,Petrol,East,Kolkata,Vikram Iyer,3,883000.0,0.05,2516550.0,382447.26
SL-7108,2024-09-18,Honda,CR-V,SUV,Diesel,East,Bhubaneswar,Priya Singh,1,1342000.0,0.02,1315160.0,258792.0
SL-5968,2024-09-18,Kia,Seltos,SUV,Petrol,East,Patna,Arjun Nair,2,1583000.0,0.02,3102680.0,344800.3
SL-9143,2024-09-18,Maruti Suzuki,Baleno,Hatchback,Diesel,West,Pune,Neha Gupta,1,827000.0,0.02,810460.0,119926.5
SL-6733,2024-09-18,Tata,Punch,SUV,Petrol,East,Patna,Kavita Joshi,3,2076000.0,0.0,6228000.0,1138845.38
SL-6915,2024-09-18,Toyota,Fortuner,SUV,Diesel,Central,Bhopal,Anjali Desai,2,2619000.0,0.0,5238000.0,907566.26
SL-7531,2024-09-18,Ford,Figo,Hatchback,Petrol,Central,Bhopal,Amit Patel,1,802000.0,0.05,761900.0,72241.9
SL-8456,2024-09-19,Kia,Carens,MPV,Diesel,Central,Nagpur,Rahul Sharma,3,1597000.0,0.1,4311900.0,101005.81
SL-6585,2024-09-19,Maruti Suzuki,Swift,Hatchback,Diesel,East,Kolkata,Vikram Iyer,3,633000.0,0.02,1861020.0,235205.82
SL-5667,2024-09-19,Kia,Carens,MPV,Electric,Central,Indore,Rohit Verma,3,1566000.0,0.02,4604040.0,540026.29
SL-7706,2024-09-19,Ford,Figo,Hatchback,CNG,West,Ahmedabad,Rohit Verma,2,646000.0,0.0,1292000.0,149659.5
SL-5978,2024-09-19,Honda,CR-V,SUV,Petrol,South,Chennai,Rahul Sharma,1,1630000.0,0.05,1548500.0,83477.09
SL-6056,2024-09-20,Kia,Sonet,SUV,CNG,South,Hyderabad,Kavita Joshi,3,1172000.0,0.02,3445680.0,557847.78
SL-7117,2024-09-20,Honda,Civic,Sedan,Diesel,North,Lucknow,Arjun Nair,2,1800000.0,0.1,3240000.0,87686.78
SL-7601,2024-09-20,Toyota,Corolla,Sedan,CNG,North,Lucknow,Kavita Joshi,3,1466000.0,0.02,4310040.0,762716.88
SL-6887,2024-09-20,Maruti Suzuki,Ertiga,MPV,Diesel,East,Bhubaneswar,Anjali Desai,1,1562000.0,0.05,1483900.0,81709.58
SL-5967,2024-09-20,Ford,Figo,Hatchback,CNG,North,Lucknow,Rohit Verma,3,871000.0,0.08,2403960.0,279704.86
SL-6416,2024-09-20,Tata,Nexon,SUV,CNG,Central,Indore,Sneha Reddy,2,1995000.0,0.02,3910200.0,578019.4
SL-8131,2024-09-21,Tata,Punch,SUV,Petrol,South,Chennai,Vikram Iyer,3,2180000.0,0.02,6409200.0,530376.51
SL-7639,2024-09-21,Mahindra,XUV700,SUV,Diesel,North,Lucknow,Neha Gupta,1,2792000.0,0.0,2792000.0,406768.75
SL-5826,2024-09-21,Honda,Amaze,Sedan,CNG,Central,Bhopal,Vikram Iyer,1,1119000.0,0.0,1119000.0,124870.41
SL-9269,2024-09-21,Honda,City,Sedan,CNG,Central,Indore,Kavita Joshi,3,1768000.0,0.0,5304000.0,977658.49
SL-6765,2024-09-21,Kia,Carens,MPV,Petrol,East,Bhubaneswar,Rohit Verma,2,1768000.0,0.05,3359200.0,564779.26
SL-8295,2024-09-22,Maruti Suzuki,Baleno,Hatchback,Petrol,Central,Bhopal,Priya Singh,2,756000.0,0.02,1481760.0,185098.13
SL-8681,2024-09-22,Honda,City,Sedan,Diesel,North,Chandigarh,Rohit Verma,1,1160000.0,0.0,1160000.0,131289.64
SL-8382,2024-09-22,Toyota,Camry,Sedan,Diesel,West,Ahmedabad,Arjun Nair,2,1586000.0,0.08,2918240.0,227476.32
SL-8823,2024-09-22,Tata,Punch,SUV,Diesel,East,Patna,Neha Gupta,1,1937000.0,0.02,1898260.0,199809.56
SL-5611,2024-09-22,Hyundai,Creta,SUV,Diesel,East,Patna,Vikram Iyer,3,1118000.0,0.08,3085680.0,420263.68
SL-7881,2024-09-22,Honda,City,Sedan,Petrol,East,Bhubaneswar,Vikram Iyer,3,1294000.0,0.02,3804360.0,380119.84
SL-5301,2024-09-22,Toyota,Innova,MPV,Petrol,Central,Nagpur,Sneha Reddy,1,1797000.0,0.0,1797000.0,312189.74
SL-6668,2024-09-22,Kia,Seltos,SUV,Petrol,South,Chennai,Sneha Reddy,1,1346000.0,0.05,1278700.0,120101.73
SL-6156,2024-09-22,Hyundai,Venue,SUV,Diesel,West,Mumbai,Kavita Joshi,1,2321000.0,0.0,2321000.0,386505.72
SL-5982,2024-09-22,Kia,Seltos,SUV,Petrol,Central,Indore,Sneha Reddy,1,2455000.0,0.05,2332250.0,267756.78
SL-8402,2024-09-23,Tata,Altroz,Hatchback,CNG,East,Kolkata,Kavita Joshi,2,839000.0,0.05,1594100.0,132747.76
SL-8549,2024-09-23,Kia,Carens,MPV,Petrol,East,Bhubaneswar,Anjali Desai,3,1769000.0,0.02,5200860.0,489670.38
SL-5192,2024-09-23,Mahindra,Thar,SUV,Petrol,Central,Nagpur,Rahul Sharma,1,2420000.0,0.0,2420000.0,290969.13
SL-8187,2024-09-23,Toyota,Corolla,Sedan,Petrol,North,Lucknow,Sneha Reddy,2,1216000.0,0.05,2310400.0,395608.25
SL-5456,2024-09-23,Ford,Endeavour,SUV,Petrol,North,Delhi,Amit Patel,3,2041000.0,0.05,5816850.0,778046.11
SL-7089,2024-09-23,Maruti Suzuki,Ertiga,MPV,Petrol,East,Kolkata,Amit Patel,2,1685000.0,0.02,3302600.0,543603.31
SL-5164,2024-09-24,Honda,City,Sedan,CNG,North,Lucknow,Amit Patel,2,1352000.0,0.08,2487680.0,186128.97
SL-9369,2024-09-24,Maruti Suzuki,Swift,Hatchback,CNG,Central,Nagpur,Amit Patel,1,694000.0,0.05,659300.0,76121.17
SL-6141,2024-09-24,Honda,CR-V,SUV,CNG,Central,Nagpur,Kavita Joshi,3,1422000.0,0.02,4180680.0,852517.28
SL-9067,2024-09-24,Kia,Sonet,SUV,Diesel,West,Mumbai,Vikram Iyer,2,2205000.0,0.1,3969000.0,273778.87
SL-7346,2024-09-24,Toyota,Fortuner,SUV,Petrol,North,Delhi,Arjun Nair,3,2310000.0,0.05,6583500.0,906407.57
SL-7859,2024-09-24,Hyundai,Creta,SUV,Petrol,North,Lucknow,Neha Gupta,2,1579000.0,0.05,3000100.0,437377.21
SL-5962,2024-09-25,Honda,Civic,Sedan,Diesel,West,Ahmedabad,Sneha Reddy,2,1139000.0,0.0,2278000.0,361081.25
SL-7925,2024-09-25,Honda,Amaze,Sedan,Diesel,West,Mumbai,Rahul Sharma,3,1767000.0,0.0,5301000.0,595565.11
SL-5393,2024-09-25,Mahindra,Bolero,SUV,Petrol,South,Hyderabad,Neha Gupta,2,1564000.0,0.02,3065440.0,524567.51
SL-8680,2024-09-25,Maruti Suzuki,Brezza,SUV,Petrol,West,Mumbai,Arjun Nair,1,2274000.0,0.02,2228520.0,302128.34
SL-8238,2024-09-25,Mahindra,XUV700,SUV,Petrol,North,Delhi,Kavita Joshi,2,1293000.0,0.02,2534280.0,468450.38
SL-7107,2024-09-25,Honda,CR-V,SUV,CNG,West,Ahmedabad,Priya Singh,2,1734000.0,0.0,3468000.0,735307.9
SL-6415,2024-09-25,Toyota,Innova,MPV,Petrol,North,Delhi,Anjali Desai,2,1792000.0,0.02,3512320.0,372380.51
SL-8563,2024-09-25,Hyundai,Venue,SUV,CNG,North,Delhi,Rahul Sharma,2,2658000.0,0.02,5209680.0,645421.38
SL-6113,2024-09-26,Ford,Endeavour,SUV,Diesel,Central,Bhopal,Arjun Nair,1,1616000.0,0.0,1616000.0,195760.85
SL-7818,2024-09-26,Mahindra,Bolero,SUV,Petrol,West,Pune,Amit Patel,3,2597000.0,0.0,7791000.0,1572498.06
SL-9082,2024-09-26,Tata,Harrier,SUV,Petrol,Central,Bhopal,Anjali Desai,2,2790000.0,0.0,5580000.0,723556.65
SL-6702,2024-09-26,Mahindra,Thar,SUV,Diesel,East,Patna,Priya Singh,1,1391000.0,0.0,1391000.0,304370.9
SL-6950,2024-09-26,Tata,Altroz,Hatchback,Diesel,West,Mumbai,Anjali Desai,1,651000.0,0.05,618450.0,78007.42
SL-6515,2024-09-27,Hyundai,Venue,SUV,Petrol,East,Kolkata,Arjun Nair,2,1347000.0,0.0,2694000.0,463188.71
SL-8296,2024-09-27,Maruti Suzuki,Ertiga,MPV,Petrol,South,Chennai,Sneha Reddy,1,1287000.0,0.0,1287000.0,253426.94
SL-8111,2024-09-27,Honda,CR-V,SUV,CNG,West,Mumbai,Sneha Reddy,1,1863000.0,0.02,1825740.0,204367.67
SL-6453,2024-09-27,Toyota,Camry,Sedan,CNG,South,Hyderabad,Priya Singh,2,1556000.0,0.0,3112000.0,639755.67
SL-8939,2024-09-27,Hyundai,Verna,Sedan,Diesel,Central,Bhopal,Neha Gupta,1,1510000.0,0.0,1510000.0,190077.89
SL-6962,2024-09-28,Maruti Suzuki,Ertiga,MPV,Petrol,North,Chandigarh,Priya Singh,3,1414000.0,0.02,4157160.0,792688.97
SL-5486,2024-09-28,Honda,Civic,Sedan,Diesel,Central,Nagpur,Anjali Desai,1,951000.0,0.0,951000.0,159921.37
SL-6390,2024-09-28,Kia,Carens,MPV,Electric,South,Hyderabad,Kavita Joshi,2,1225000.0,0.0,2450000.0,254480.23
SL-8854,2024-09-28,Maruti Suzuki,Ertiga,MPV,Diesel,South,Bengaluru,Vikram Iyer,3,1060000.0,0.0,3180000.0,610059.51
SL-5477,2024-09-28,Honda,Amaze,Sedan,Diesel,West,Pune,Amit Patel,1,1489000.0,0.05,1414550.0,79017.18
SL-5652,2024-09-28,Hyundai,i20,Hatchback,CNG,North,Chandigarh,Rohit Verma,1,817000.0,0.0,817000.0,157061.96
SL-6221,2024-09-28,Ford,EcoSport,SUV,CNG,South,Hyderabad,Neha Gupta,1,1247000.0,0.08,1147240.0,92144.02
SL-8740,2024-09-29,Honda,CR-V,SUV,Electric,West,Pune,Rohit Verma,3,1885000.0,0.0,5655000.0,654859.72
SL-6873,2024-09-29,Hyundai,Verna,Sedan,Diesel,East,Bhubaneswar,Sneha Reddy,2,1100000.0,0.0,2200000.0,279436.89
SL-5040,2024-09-29,Honda,CR-V,SUV,Diesel,West,Mumbai,Rohit Verma,1,1720000.0,0.08,1582400.0,194649.82
SL-7517,2024-09-29,Hyundai,Creta,SUV,Diesel,South,Chennai,Anjali Desai,3,2202000.0,0.05,6275700.0,536270.19
SL-5171,2024-09-29,Mahindra,Thar,SUV,Diesel,South,Hyderabad,Rahul Sharma,1,1405000.0,0.05,1334750.0,128087.36
SL-9336,2024-09-29,Toyota,Corolla,Sedan,CNG,East,Kolkata,Kavita Joshi,2,1691000.0,0.0,3382000.0,737521.45
SL-7144,2024-09-30,Honda,Civic,Sedan,CNG,Central,Indore,Rahul Sharma,1,944000.0,0.0,944000.0,139435.08
SL-8626,2024-09-30,Tata,Altroz,Hatchback,Petrol,North,Lucknow,Kavita Joshi,1,653000.0,0.05,620350.0,91373.24
SL-7952,2024-09-30,Tata,Altroz,Hatchback,Diesel,West,Mumbai,Rohit Verma,3,607000.0,0.0,1821000.0,359764.12
SL-8794,2024-09-30,Toyota,Fortuner,SUV,Diesel,West,Ahmedabad,Rahul Sharma,1,2548000.0,0.0,2548000.0,472055.86
SL-9141,2024-10-01,Honda,Civic,Sedan,Diesel,South,Chennai,Rahul Sharma,1,1367000.0,0.02,1339660.0,215303.14
SL-9194,2024-10-01,Kia,Seltos,SUV,Diesel,South,Hyderabad,Arjun Nair,2,1916000.0,0.0,3832000.0,485653.43
SL-5604,2024-10-01,Toyota,Camry,Sedan,Diesel,West,Pune,Rohit Verma,3,1725000.0,0.05,4916250.0,392903.48
SL-7663,2024-10-01,Hyundai,Venue,SUV,Petrol,Central,Bhopal,Arjun Nair,3,2781000.0,0.0,8343000.0,1239941.29
SL-9412,2024-10-01,Hyundai,i20,Hatchback,Petrol,East,Patna,Amit Patel,1,897000.0,0.02,879060.0,114520.95
SL-8264,2024-10-01,Tata,Nexon,SUV,CNG,North,Lucknow,Priya Singh,3,2772000.0,0.0,8316000.0,1312776.77
SL-6753,2024-10-02,Toyota,Innova,MPV,CNG,West,Ahmedabad,Priya Singh,3,1592000.0,0.08,4393920.0,220784.25
SL-9382,2024-10-02,Hyundai,Creta,SUV,Petrol,North,Lucknow,Rohit Verma,1,2664000.0,0.02,2610720.0,507278.85
SL-5016,2024-10-02,Hyundai,Venue,SUV,CNG,North,Delhi,Priya Singh,1,2188000.0,0.02,2144240.0,369116.69
SL-6008,2024-10-02,Tata,Altroz,Hatchback,Petrol,South,Hyderabad,Sneha Reddy,1,810000.0,0.05,769500.0,47387.96
SL-8721,2024-10-02,Ford,EcoSport,SUV,CNG,West,Ahmedabad,Priya Singh,1,1234000.0,0.0,1234000.0,181534.02
SL-8116,2024-10-02,Mahindra,Scorpio,SUV,Petrol,South,Hyderabad,Sneha Reddy,2,2577000.0,0.1,4638600.0,213008.82
SL-5573,2024-10-02,Tata,Harrier,SUV,Petrol,North,Chandigarh,Sneha Reddy,2,2546000.0,0.02,4990160.0,696027.75
SL-7404,2024-10-03,Mahindra,Bolero,SUV,Diesel,West,Pune,Rahul Sharma,1,2600000.0,0.08,2392000.0,356778.34
SL-8648,2024-10-03,Toyota,Fortuner,SUV,Petrol,West,Pune,Neha Gupta,1,2288000.0,0.0,2288000.0,245698.6
SL-6229,2024-10-03,Mahindra,XUV700,SUV,Diesel,Central,Indore,Kavita Joshi,2,2474000.0,0.02,4849040.0,528857.73
SL-7871,2024-10-03,Maruti Suzuki,Baleno,Hatchback,Petrol,North,Chandigarh,Rahul Sharma,3,887000.0,0.08,2448120.0,351410.89
SL-9103,2024-10-03,Maruti Suzuki,Ertiga,MPV,Diesel,Central,Nagpur,Rohit Verma,2,1439000.0,0.0,2878000.0,454990.52
SL-8004,2024-10-03,Mahindra,Thar,SUV,Diesel,Central,Bhopal,Arjun Nair,2,1099000.0,0.0,2198000.0,300849.45
SL-6759,2024-10-03,Mahindra,Bolero,SUV,Petrol,North,Lucknow,Amit Patel,3,2378000.0,0.05,6777300.0,431506.24
SL-5075,2024-10-04,Kia,Sonet,SUV,Petrol,South,Hyderabad,Priya Singh,1,2289000.0,0.02,2243220.0,388061.89
SL-7900,2024-10-04,Mahindra,Thar,SUV,Petrol,Central,Bhopal,Neha Gupta,3,1901000.0,0.0,5703000.0,800723.85
SL-5115,2024-10-04,Maruti Suzuki,Baleno,Hatchback,Petrol,East,Patna,Neha Gupta,1,677000.0,0.05,643150.0,64009.15
SL-7141,2024-10-05,Hyundai,Verna,Sedan,Diesel,South,Chennai,Vikram Iyer,1,1573000.0,0.0,1573000.0,217806.24
SL-5366,2024-10-05,Hyundai,Creta,SUV,Diesel,South,Bengaluru,Arjun Nair,2,1622000.0,0.02,3179120.0,384715.61
SL-5935,2024-10-05,Ford,Figo,Hatchback,Petrol,South,Bengaluru,Amit Patel,1,780000.0,0.05,741000.0,125121.95
SL-7697,2024-10-06,Kia,Seltos,SUV,Diesel,Central,Nagpur,Rohit Verma,2,2698000.0,0.08,4964320.0,382804.52
SL-7494,2024-10-06,Maruti Suzuki,Swift,Hatchback,Electric,West,Ahmedabad,Vikram Iyer,3,723000.0,0.08,1995480.0,192830.09
SL-5504,2024-10-06,Honda,CR-V,SUV,Petrol,Central,Bhopal,Rahul Sharma,3,2205000.0,0.05,6284250.0,1080313.12
SL-5273,2024-10-06,Toyota,Camry,Sedan,CNG,West,Mumbai,Priya Singh,3,1517000.0,0.02,4459980.0,617723.35
SL-7220,2024-10-06,Tata,Altroz,Hatchback,Petrol,East,Bhubaneswar,Kavita Joshi,2,737000.0,0.02,1444520.0,120249.43
SL-8347,2024-10-07,Mahindra,Thar,SUV,Petrol,Central,Bhopal,Kavita Joshi,2,1041000.0,0.0,2082000.0,268977.84
SL-8285,2024-10-07,Ford,Figo,Hatchback,Diesel,East,Bhubaneswar,Anjali Desai,1,867000.0,0.08,797640.0,75180.44
SL-8400,2024-10-07,Toyota,Innova,MPV,Electric,Central,Indore,Sneha Reddy,1,1185000.0,0.02,1161300.0,99688.0
SL-8370,2024-10-07,Kia,Seltos,SUV,Petrol,North,Delhi,Amit Patel,3,2645000.0,0.05,7538250.0,977994.51
SL-8049,2024-10-07,Mahindra,Bolero,SUV,Petrol,North,Lucknow,Amit Patel,2,1804000.0,0.02,3535840.0,556436.31
SL-8750,2024-10-07,Ford,Endeavour,SUV,Petrol,East,Bhubaneswar,Priya Singh,3,1097000.0,0.0,3291000.0,531370.38
SL-6483,2024-10-07,Kia,Seltos,SUV,Petrol,West,Pune,Arjun Nair,2,1780000.0,0.0,3560000.0,520357.01
SL-5218,2024-10-08,Hyundai,i20,Hatchback,Diesel,West,Mumbai,Vikram Iyer,3,643000.0,0.08,1774680.0,108016.07
SL-7287,2024-10-08,Kia,Seltos,SUV,Petrol,Central,Indore,Sneha Reddy,2,2187000.0,0.1,3936600.0,123826.13
SL-8314,2024-10-08,Tata,Altroz,Hatchback,Diesel,North,Chandigarh,Anjali Desai,3,854000.0,0.02,2510760.0,414738.47
SL-5810,2024-10-08,Ford,EcoSport,SUV,Petrol,Central,Indore,Priya Singh,3,2664000.0,0.0,7992000.0,814359.17
SL-8209,2024-10-08,Toyota,Fortuner,SUV,Petrol,East,Kolkata,Amit Patel,2,1266000.0,0.05,2405400.0,424912.96
SL-6034,2024-10-08,Honda,CR-V,SUV,Diesel,Central,Indore,Amit Patel,3,2222000.0,0.0,6666000.0,1202693.74
SL-8042,2024-10-08,Honda,City,Sedan,CNG,Central,Bhopal,Sneha Reddy,2,1374000.0,0.02,2693040.0,367819.81
SL-8632,2024-10-08,Ford,Endeavour,SUV,CNG,West,Ahmedabad,Anjali Desai,2,1302000.0,0.02,2551920.0,405958.19
SL-6208,2024-10-08,Tata,Harrier,SUV,Diesel,South,Bengaluru,Amit Patel,1,2735000.0,0.0,2735000.0,422642.5
SL-5658,2024-10-09,Hyundai,i20,Hatchback,Diesel,North,Delhi,Rohit Verma,1,612000.0,0.05,581400.0,101730.61
SL-5125,2024-10-09,Mahindra,Bolero,SUV,Diesel,North,Lucknow,Kavita Joshi,1,2694000.0,0.02,2640120.0,426113.1
SL-9353,2024-10-09,Honda,City,Sedan,Petrol,West,Mumbai,Sneha Reddy,1,1296000.0,0.02,1270080.0,140585.96
SL-6155,2024-10-09,Kia,Carens,MPV,Diesel,Central,Nagpur,Anjali Desai,1,1419000.0,0.02,1390620.0,141983.48
SL-7685,2024-10-09,Honda,Civic,Sedan,Petrol,West,Ahmedabad,Rohit Verma,1,1562000.0,0.0,1562000.0,316001.79
SL-7680,2024-10-09,Honda,Civic,Sedan,Electric,North,Lucknow,Sneha Reddy,3,963000.0,0.0,2889000.0,404760.66
SL-6154,2024-10-09,Ford,EcoSport,SUV,Diesel,North,Delhi,Kavita Joshi,3,1681000.0,0.0,5043000.0,1104583.45
SL-9461,2024-10-09,Kia,Carens,MPV,Diesel,West,Ahmedabad,Amit Patel,1,1344000.0,0.02,1317120.0,179252.47
SL-8700,2024-10-10,Honda,Civic,Sedan,Diesel,North,Delhi,Neha Gupta,2,1286000.0,0.0,2572000.0,466234.08
SL-8767,2024-10-10,Mahindra,Thar,SUV,Petrol,West,Mumbai,Rohit Verma,1,2558000.0,0.08,2353360.0,135754.42
SL-5633,2024-10-10,Ford,Figo,Hatchback,Diesel,Central,Indore,Priya Singh,3,689000.0,0.0,2067000.0,392485.13
SL-5420,2024-10-10,Maruti Suzuki,Swift,Hatchback,Electric,North,Delhi,Priya Singh,2,662000.0,0.02,1297520.0,233745.63
SL-7497,2024-10-11,Mahindra,Scorpio,SUV,Diesel,West,Pune,Rohit Verma,2,1882000.0,0.08,3462880.0,403103.68
SL-5266,2024-10-11,Maruti Suzuki,Swift,Hatchback,Diesel,Central,Nagpur,Anjali Desai,2,664000.0,0.0,1328000.0,172897.47
SL-8363,2024-10-11,Mahindra,Scorpio,SUV,Diesel,South,Bengaluru,Vikram Iyer,3,1236000.0,0.05,3522600.0,532493.97
SL-6258,2024-10-11,Tata,Punch,SUV,Diesel,Central,Bhopal,Arjun Nair,2,1393000.0,0.0,2786000.0,312336.58
SL-5595,2024-10-12,Ford,EcoSport,SUV,Petrol,North,Delhi,Anjali Desai,1,1232000.0,0.0,1232000.0,186869.57
SL-9229,2024-10-12,Kia,Seltos,SUV,Electric,Central,Nagpur,Rohit Verma,3,1919000.0,0.0,5757000.0,728973.3
SL-8317,2024-10-12,Kia,Seltos,SUV,Petrol,Central,Indore,Kavita Joshi,1,2776000.0,0.02,2720480.0,286873.47
SL-7071,2024-10-12,Honda,CR-V,SUV,CNG,South,Bengaluru,Rohit Verma,1,1291000.0,0.02,1265180.0,120554.58
SL-6213,2024-10-12,Ford,Endeavour,SUV,Diesel,South,Bengaluru,Amit Patel,1,2313000.0,0.0,2313000.0,371766.83
SL-5688,2024-10-12,Ford,EcoSport,SUV,Petrol,South,Bengaluru,Arjun Nair,1,2248000.0,0.05,2135600.0,154742.35
SL-6379,2024-10-12,Maruti Suzuki,Swift,Hatchback,Petrol,East,Patna,Kavita Joshi,2,834000.0,0.08,1534560.0,35760.31
SL-7661,2024-10-12,Honda,Civic,Sedan,Petrol,Central,Nagpur,Rohit Verma,3,1777000.0,0.05,5064450.0,795141.61
SL-7885,2024-10-12,Kia,Sonet,SUV,Diesel,South,Chennai,Anjali Desai,2,1431000.0,0.0,2862000.0,577074.26
SL-5791,2024-10-13,Tata,Punch,SUV,Petrol,East,Bhubaneswar,Rahul Sharma,1,2575000.0,0.0,2575000.0,411654.01
SL-7187,2024-10-13,Hyundai,Verna,Sedan,Diesel,West,Ahmedabad,Anjali Desai,1,1766000.0,0.0,1766000.0,230121.83
SL-9114,2024-10-13,Mahindra,Thar,SUV,Diesel,Central,Bhopal,Arjun Nair,3,2790000.0,0.02,8202600.0,1355761.66
SL-7355,2024-10-13,Ford,Figo,Hatchback,Diesel,East,Kolkata,Priya Singh,3,803000.0,0.05,2288550.0,143015.28
SL-7417,2024-10-13,Kia,Carens,MPV,CNG,South,Bengaluru,Arjun Nair,1,1338000.0,0.08,1230960.0,27874.6
SL-6775,2024-10-14,Tata,Harrier,SUV,Petrol,Central,Bhopal,Amit Patel,2,1152000.0,0.1,2073600.0,62273.19
SL-6132,2024-10-14,Hyundai,i20,Hatchback,Petrol,North,Chandigarh,Kavita Joshi,2,788000.0,0.0,1576000.0,325613.6
SL-6910,2024-10-14,Ford,Figo,Hatchback,Petrol,Central,Nagpur,Rohit Verma,1,676000.0,0.02,662480.0,63140.69
SL-5146,2024-10-14,Ford,Endeavour,SUV,Petrol,Central,Nagpur,Sneha Reddy,1,2738000.0,0.08,2518960.0,95466.88
SL-5038,2024-10-14,Kia,Sonet,SUV,Petrol,North,Chandigarh,Anjali Desai,2,2046000.0,0.05,3887400.0,230503.06
SL-5647,2024-10-14,Honda,Amaze,Sedan,Petrol,Central,Indore,Rohit Verma,2,1656000.0,0.05,3146400.0,446822.55
SL-5243,2024-10-14,Ford,Endeavour,SUV,Petrol,West,Mumbai,Neha Gupta,1,1081000.0,0.02,1059380.0,204431.58
SL-6257,2024-10-14,Ford,Endeavour,SUV,CNG,West,Mumbai,Arjun Nair,3,2353000.0,0.05,6706050.0,676653.87
SL-5760,2024-10-14,Honda,CR-V,SUV,Petrol,Central,Bhopal,Priya Singh,1,2183000.0,0.0,2183000.0,342579.23
SL-9228,2024-10-14,Toyota,Corolla,Sedan,CNG,South,Chennai,Rohit Verma,1,947000.0,0.02,928060.0,163205.86
SL-8727,2024-10-15,Maruti Suzuki,Swift,Hatchback,Diesel,South,Bengaluru,Amit Patel,2,763000.0,0.1,1373400.0,114243.13
SL-6827,2024-10-15,Kia,Seltos,SUV,Petrol,West,Ahmedabad,Sneha Reddy,2,1994000.0,0.02,3908240.0,412578.48
SL-6185,2024-10-15,Honda,Civic,Sedan,Petrol,South,Hyderabad,Vikram Iyer,2,1326000.0,0.0,2652000.0,445944.08
SL-8220,2024-10-15,Toyota,Fortuner,SUV,Petrol,Central,Indore,Amit Patel,1,1540000.0,0.02,1509200.0,305612.47
SL-5724,2024-10-15,Maruti Suzuki,Brezza,SUV,Petrol,South,Hyderabad,Neha Gupta,1,2775000.0,0.0,2775000.0,373153.0
SL-6995,2024-10-15,Toyota,Camry,Sedan,Diesel,South,Chennai,Anjali Desai,3,1167000.0,0.08,3220920.0,275420.78
SL-8513,2024-10-16,Ford,EcoSport,SUV,Petrol,Central,Bhopal,Vikram Iyer,2,2466000.0,0.0,4932000.0,945353.75
SL-8738,2024-10-16,Maruti Suzuki,Swift,Hatchback,Petrol,East,Bhubaneswar,Sneha Reddy,2,671000.0,0.0,1342000.0,201313.22
SL-7630,2024-10-16,Ford,Figo,Hatchback,CNG,West,Mumbai,Amit Patel,2,655000.0,0.02,1283800.0,107937.25
SL-7326,2024-10-17,Toyota,Camry,Sedan,Diesel,East,Kolkata,Rohit Verma,2,1330000.0,0.05,2527000.0,201213.42
SL-7542,2024-10-17,Kia,Seltos,SUV,CNG,Central,Bhopal,Neha Gupta,3,1770000.0,0.0,5310000.0,605106.41
SL-5481,2024-10-17,Ford,Figo,Hatchback,Electric,West,Ahmedabad,Kavita Joshi,2,748000.0,0.02,1466080.0,148611.56
SL-6166,2024-10-17,Mahindra,Bolero,SUV,Diesel,East,Patna,Kavita Joshi,2,1277000.0,0.05,2426300.0,136335.25
SL-6851,2024-10-17,Toyota,Corolla,Sedan,CNG,North,Chandigarh,Priya Singh,2,1684000.0,0.0,3368000.0,497077.79
SL-6438,2024-10-17,Mahindra,XUV700,SUV,CNG,East,Kolkata,Neha Gupta,1,2446000.0,0.0,2446000.0,315134.32
SL-8821,2024-10-17,Mahindra,Bolero,SUV,Petrol,Central,Indore,Rahul Sharma,3,2550000.0,0.05,7267500.0,1070027.7
SL-9495,2024-10-18,Maruti Suzuki,Brezza,SUV,Petrol,West,Ahmedabad,Rahul Sharma,3,1351000.0,0.0,4053000.0,415578.62
SL-7779,2024-10-18,Honda,CR-V,SUV,Petrol,Central,Indore,Kavita Joshi,3,1595000.0,0.1,4306500.0,261761.0
SL-5584,2024-10-18,Toyota,Camry,Sedan,Petrol,Central,Nagpur,Anjali Desai,1,1610000.0,0.02,1577800.0,287290.27
SL-6164,2024-10-18,Maruti Suzuki,Baleno,Hatchback,CNG,North,Lucknow,Neha Gupta,2,720000.0,0.0,1440000.0,255210.99
SL-6095,2024-10-18,Tata,Harrier,SUV,Petrol,West,Mumbai,Rohit Verma,2,2182000.0,0.08,4014880.0,499234.67
SL-6013,2024-10-18,Maruti Suzuki,Baleno,Hatchback,Petrol,East,Patna,Amit Patel,1,828000.0,0.0,828000.0,146029.95
SL-6665,2024-10-18,Kia,Carens,MPV,Petrol,East,Bhubaneswar,Priya Singh,1,1300000.0,0.0,1300000.0,146086.83
SL-5431,2024-10-18,Hyundai,Creta,SUV,Diesel,East,Kolkata,Arjun Nair,1,2111000.0,0.0,2111000.0,433663.18
SL-5556,2024-10-18,Kia,Sonet,SUV,Diesel,West,Mumbai,Kavita Joshi,2,1018000.0,0.02,1995280.0,202770.2
SL-7736,2024-10-18,Hyundai,Verna,Sedan,Diesel,West,Pune,Rohit Verma,3,1479000.0,0.0,4437000.0,738324.91
SL-5467,2024-10-18,Mahindra,XUV700,SUV,Diesel,South,Chennai,Arjun Nair,1,2300000.0,0.0,2300000.0,398106.79
SL-9210,2024-10-18,Maruti Suzuki,Baleno,Hatchback,CNG,Central,Indore,Sneha Reddy,1,826000.0,0.0,826000.0,83289.6
SL-6476,2024-10-19,Toyota,Corolla,Sedan,Diesel,West,Ahmedabad,Neha Gupta,1,1321000.0,0.0,1321000.0,268971.41
SL-6975,2024-10-19,Toyota,Corolla,Sedan,Petrol,East,Patna,Neha Gupta,1,1209000.0,0.08,1112280.0,29165.55
SL-5204,2024-10-19,Maruti Suzuki,Ertiga,MPV,Petrol,Central,Indore,Rohit Verma,3,1731000.0,0.05,4933350.0,821195.92
SL-9392,2024-10-19,Maruti Suzuki,Swift,Hatchback,Petrol,West,Mumbai,Rohit Verma,3,700000.0,0.05,1995000.0,241842.02
SL-9377,2024-10-19,Toyota,Corolla,Sedan,Petrol,South,Hyderabad,Arjun Nair,3,1303000.0,0.05,3713550.0,243484.81
SL-7224,2024-10-19,Kia,Seltos,SUV,CNG,North,Delhi,Anjali Desai,1,2739000.0,0.02,2684220.0,370589.64
SL-7217,2024-10-19,Kia,Seltos,SUV,Petrol,Central,Bhopal,Vikram Iyer,1,1976000.0,0.05,1877200.0,303011.82
SL-5495,2024-10-19,Toyota,Camry,Sedan,Diesel,North,Delhi,Priya Singh,2,1547000.0,0.02,3032120.0,583320.82
SL-5782,2024-10-19,Ford,Endeavour,SUV,CNG,South,Hyderabad,Vikram Iyer,2,2686000.0,0.05,5103400.0,704174.44
SL-5465,2024-10-19,Honda,Civic,Sedan,Petrol,West,Pune,Rahul Sharma,3,1544000.0,0.0,4632000.0,745515.58
SL-6105,2024-10-19,Tata,Nexon,SUV,Petrol,Central,Bhopal,Anjali Desai,3,1612000.0,0.05,4594200.0,575190.51
SL-5021,2024-10-20,Maruti Suzuki,Ertiga,MPV,CNG,North,Delhi,Vikram Iyer,3,1475000.0,0.1,3982500.0,78051.98
SL-6466,2024-10-20,Maruti Suzuki,Ertiga,MPV,CNG,North,Chandigarh,Priya Singh,1,1550000.0,0.0,1550000.0,315536.34
SL-8133,2024-10-21,Ford,EcoSport,SUV,Petrol,Central,Bhopal,Amit Patel,2,2736000.0,0.02,5362560.0,1007124.01
SL-5404,2024-10-21,Kia,Carens,MPV,Diesel,North,Delhi,Kavita Joshi,2,1437000.0,0.05,2730300.0,430704.1
SL-7433,2024-10-21,Tata,Punch,SUV,Diesel,Central,Nagpur,Sneha Reddy,3,1779000.0,0.02,5230260.0,961022.49
SL-6900,2024-10-21,Ford,Figo,Hatchback,Petrol,West,Mumbai,Amit Patel,1,619000.0,0.02,606620.0,108802.71
SL-9042,2024-10-21,Tata,Altroz,Hatchback,Petrol,South,Hyderabad,Amit Patel,3,856000.0,0.0,2568000.0,380038.48
SL-8130,2024-10-22,Kia,Seltos,SUV,Diesel,West,Ahmedabad,Sneha Reddy,1,2369000.0,0.02,2321620.0,271125.14
SL-8335,2024-10-22,Toyota,Camry,Sedan,Diesel,South,Hyderabad,Priya Singh,1,908000.0,0.0,908000.0,113675.9
SL-8985,2024-10-22,Tata,Nexon,SUV,CNG,East,Bhubaneswar,Neha Gupta,3,1484000.0,0.0,4452000.0,628700.34
SL-5564,2024-10-22,Ford,Endeavour,SUV,Diesel,Central,Indore,Rohit Verma,2,1305000.0,0.05,2479500.0,155544.05
SL-5246,2024-10-22,Hyundai,Venue,SUV,Petrol,South,Hyderabad,Amit Patel,2,2523000.0,0.05,4793700.0,569389.19
SL-8625,2024-10-23,Ford,EcoSport,SUV,Diesel,West,Pune,Sneha Reddy,2,1861000.0,0.05,3535900.0,270543.27
SL-7246,2024-10-23,Toyota,Fortuner,SUV,CNG,Central,Indore,Rahul Sharma,3,2347000.0,0.05,6688950.0,440500.23
SL-7718,2024-10-23,Tata,Nexon,SUV,Petrol,Central,Nagpur,Priya Singh,2,1938000.0,0.0,3876000.0,684324.02
SL-7169,2024-10-23,Ford,Endeavour,SUV,Petrol,West,Ahmedabad,Anjali Desai,1,1370000.0,0.05,1301500.0,121115.32
SL-8645,2024-10-23,Honda,Amaze,Sedan,Petrol,West,Ahmedabad,Anjali Desai,2,1700000.0,0.05,3230000.0,260936.98
SL-8661,2024-10-23,Kia,Carens,MPV,Diesel,West,Ahmedabad,Priya Singh,2,1763000.0,0.02,3455480.0,556730.41
SL-7054,2024-10-23,Maruti Suzuki,Swift,Hatchback,Diesel,North,Lucknow,Amit Patel,3,869000.0,0.05,2476650.0,159285.71
SL-7215,2024-10-23,Tata,Altroz,Hatchback,Diesel,South,Hyderabad,Amit Patel,1,691000.0,0.02,677180.0,137409.39
SL-7347,2024-10-23,Tata,Punch,SUV,Diesel,West,Pune,Neha Gupta,3,1611000.0,0.0,4833000.0,580942.28
SL-5265,2024-10-23,Hyundai,Venue,SUV,Diesel,Central,Indore,Kavita Joshi,3,1735000.0,0.0,5205000.0,863871.2
SL-6399,2024-10-24,Toyota,Innova,MPV,Petrol,Central,Indore,Arjun Nair,2,1547000.0,0.0,3094000.0,492980.9
SL-5341,2024-10-24,Kia,Sonet,SUV,Diesel,South,Hyderabad,Sneha Reddy,3,1710000.0,0.0,5130000.0,1000193.0
SL-6037,2024-10-24,Maruti Suzuki,Brezza,SUV,Petrol,South,Bengaluru,Kavita Joshi,3,1624000.0,0.0,4872000.0,705014.06
SL-6242,2024-10-24,Mahindra,Thar,SUV,Petrol,West,Mumbai,Sneha Reddy,2,2386000.0,0.0,4772000.0,561765.66
SL-5400,2024-10-24,Honda,Civic,Sedan,Petrol,South,Hyderabad,Neha Gupta,1,1110000.0,0.0,1110000.0,140902.69
SL-8675,2024-10-24,Maruti Suzuki,Baleno,Hatchback,Petrol,West,Pune,Rahul Sharma,3,655000.0,0.05,1866750.0,198813.09
SL-5783,2024-10-24,Tata,Punch,SUV,Petrol,South,Bengaluru,Rahul Sharma,3,2268000.0,0.02,6667920.0,1094717.22
SL-5520,2024-10-24,Tata,Harrier,SUV,Petrol,North,Lucknow,Kavita Joshi,3,2031000.0,0.02,5971140.0,832721.49
SL-5416,2024-10-24,Mahindra,Thar,SUV,CNG,South,Hyderabad,Priya Singh,2,2209000.0,0.0,4418000.0,655737.02
SL-6384,2024-10-24,Hyundai,i20,Hatchback,Petrol,Central,Bhopal,Anjali Desai,2,743000.0,0.1,1337400.0,104953.7
SL-9300,2024-10-25,Toyota,Innova,MPV,CNG,West,Ahmedabad,Kavita Joshi,2,1740000.0,0.08,3201600.0,253979.56
SL-5835,2024-10-25,Ford,Endeavour,SUV,Diesel,South,Chennai,Rohit Verma,3,1862000.0,0.0,5586000.0,1115163.18
SL-6231,2024-10-25,Tata,Altroz,Hatchback,Petrol,South,Hyderabad,Priya Singh,3,634000.0,0.02,1863960.0,371824.36
SL-7549,2024-10-25,Maruti Suzuki,Ertiga,MPV,Diesel,East,Kolkata,Anjali Desai,1,1149000.0,0.05,1091550.0,170937.43
SL-8399,2024-10-25,Kia,Carens,MPV,Petrol,South,Chennai,Arjun Nair,1,1613000.0,0.05,1532350.0,266161.55
SL-5546,2024-10-25,Maruti Suzuki,Swift,Hatchback,Diesel,South,Bengaluru,Priya Singh,1,707000.0,0.0,707000.0,76170.23
SL-8205,2024-10-25,Hyundai,Venue,SUV,Diesel,West,Ahmedabad,Anjali Desai,2,2244000.0,0.05,4263600.0,737649.26
SL-7164,2024-10-25,Toyota,Camry,Sedan,CNG,Central,Bhopal,Amit Patel,1,1472000.0,0.05,1398400.0,112420.6
SL-6017,2024-10-26,Kia,Sonet,SUV,Electric,North,Chandigarh,Rohit Verma,3,2465000.0,0.08,6803400.0,711395.9
SL-8422,2024-10-26,Toyota,Corolla,Sedan,Petrol,West,Mumbai,Rahul Sharma,3,932000.0,0.05,2656200.0,284548.68
SL-7492,2024-10-26,Hyundai,i20,Hatchback,Petrol,Central,Nagpur,Rahul Sharma,3,718000.0,0.02,2110920.0,264081.1
SL-7530,2024-10-26,Maruti Suzuki,Swift,Hatchback,Petrol,West,Ahmedabad,Rahul Sharma,3,864000.0,0.02,2540160.0,272973.59
SL-8195,2024-10-27,Hyundai,Verna,Sedan,Diesel,South,Chennai,Arjun Nair,3,1029000.0,0.02,3025260.0,435683.48
SL-9222,2024-10-27,Tata,Altroz,Hatchback,CNG,East,Bhubaneswar,Sneha Reddy,1,813000.0,0.1,731700.0,16806.91
SL-5360,2024-10-27,Honda,Amaze,Sedan,Diesel,East,Bhubaneswar,Priya Singh,1,1127000.0,0.1,1014300.0,61565.0
SL-5184,2024-10-27,Tata,Harrier,SUV,CNG,Central,Indore,Rohit Verma,3,1566000.0,0.05,4463100.0,621605.09
SL-8191,2024-10-27,Honda,City,Sedan,Diesel,North,Chandigarh,Arjun Nair,2,1255000.0,0.1,2259000.0,27368.15
SL-9184,2024-10-27,Maruti Suzuki,Brezza,SUV,Diesel,East,Patna,Rohit Verma,3,1418000.0,0.0,4254000.0,775369.84
SL-5469,2024-10-28,Tata,Nexon,SUV,Diesel,West,Mumbai,Amit Patel,3,1407000.0,0.05,4009950.0,563539.98
SL-7186,2024-10-28,Tata,Punch,SUV,Petrol,North,Delhi,Amit Patel,1,2139000.0,0.0,2139000.0,439155.72
SL-6811,2024-10-28,Ford,Endeavour,SUV,Diesel,North,Lucknow,Priya Singh,3,1609000.0,0.0,4827000.0,503034.73
SL-8241,2024-10-28,Kia,Seltos,SUV,CNG,North,Lucknow,Priya Singh,1,1904000.0,0.0,1904000.0,196014.04
SL-7088,2024-10-28,Tata,Nexon,SUV,Petrol,Central,Bhopal,Kavita Joshi,2,2436000.0,0.0,4872000.0,536554.99
SL-9205,2024-10-28,Hyundai,i20,Hatchback,Petrol,North,Chandigarh,Amit Patel,3,810000.0,0.02,2381400.0,232179.86
SL-7854,2024-10-29,Toyota,Corolla,Sedan,Diesel,West,Ahmedabad,Priya Singh,3,1446000.0,0.08,3990960.0,366321.64
SL-6955,2024-10-29,Maruti Suzuki,Brezza,SUV,Petrol,East,Kolkata,Vikram Iyer,1,1018000.0,0.08,936560.0,72310.54
SL-8219,2024-10-29,Honda,City,Sedan,Petrol,West,Pune,Anjali Desai,1,1644000.0,0.0,1644000.0,183507.76
SL-6930,2024-10-29,Toyota,Innova,MPV,Petrol,South,Hyderabad,Anjali Desai,2,1406000.0,0.05,2671400.0,400226.53
SL-6173,2024-10-30,Honda,CR-V,SUV,Petrol,East,Patna,Arjun Nair,2,1848000.0,0.0,3696000.0,781064.96
SL-8168,2024-10-30,Honda,Amaze,Sedan,Electric,North,Lucknow,Rahul Sharma,1,1108000.0,0.0,1108000.0,201206.88
SL-6834,2024-10-30,Ford,Endeavour,SUV,Diesel,Central,Nagpur,Amit Patel,3,1078000.0,0.02,3169320.0,292398.36
SL-5263,2024-10-30,Mahindra,Scorpio,SUV,Petrol,West,Ahmedabad,Rohit Verma,2,2167000.0,0.05,4117300.0,542655.04
SL-8129,2024-10-30,Maruti Suzuki,Baleno,Hatchback,CNG,East,Bhubaneswar,Sneha Reddy,1,787000.0,0.08,724040.0,87472.22
SL-5853,2024-10-31,Toyota,Camry,Sedan,CNG,South,Chennai,Neha Gupta,1,1717000.0,0.02,1682660.0,216872.74
SL-6697,2024-10-31,Mahindra,Scorpio,SUV,Diesel,East,Kolkata,Neha Gupta,1,2608000.0,0.02,2555840.0,365979.29
SL-7314,2024-10-31,Hyundai,Venue,SUV,Diesel,North,Chandigarh,Vikram Iyer,2,2164000.0,0.0,4328000.0,911946.4
SL-5144,2024-10-31,Tata,Harrier,SUV,CNG,East,Patna,Sneha Reddy,2,1277000.0,0.1,2298600.0,110034.88
SL-7833,2024-10-31,Tata,Altroz,Hatchback,Diesel,West,Mumbai,Kavita Joshi,2,639000.0,0.02,1252440.0,233475.32
SL-5020,2024-10-31,Tata,Harrier,SUV,CNG,Central,Indore,Neha Gupta,1,2161000.0,0.0,2161000.0,288073.72
SL-8003,2024-10-31,Honda,Civic,Sedan,Petrol,East,Patna,Neha Gupta,3,1315000.0,0.05,3747750.0,571106.51
SL-7660,2024-10-31,Ford,Figo,Hatchback,Petrol,East,Patna,Amit Patel,2,852000.0,0.0,1704000.0,244062.34
SL-9486,2024-10-31,Ford,Endeavour,SUV,Diesel,South,Hyderabad,Arjun Nair,2,1385000.0,0.0,2770000.0,542849.72
SL-7124,2024-11-01,Maruti Suzuki,Swift,Hatchback,Petrol,South,Bengaluru,Rahul Sharma,3,861000.0,0.05,2453850.0,312856.09
SL-6829,2024-11-01,Kia,Seltos,SUV,Diesel,Central,Bhopal,Arjun Nair,3,2638000.0,0.05,7518300.0,1324180.41
SL-5627,2024-11-02,Honda,Civic,Sedan,Diesel,East,Kolkata,Amit Patel,1,1475000.0,0.08,1357000.0,199316.33
SL-7407,2024-11-02,Mahindra,Scorpio,SUV,Diesel,East,Patna,Neha Gupta,3,2458000.0,0.1,6636600.0,443290.1
SL-8773,2024-11-02,Ford,Endeavour,SUV,Petrol,West,Mumbai,Rahul Sharma,2,2289000.0,0.0,4578000.0,509786.97
SL-9431,2024-11-03,Mahindra,Scorpio,SUV,CNG,Central,Bhopal,Vikram Iyer,1,1878000.0,0.1,1690200.0,10207.34
SL-8666,2024-11-03,Mahindra,Thar,SUV,CNG,North,Chandigarh,Rohit Verma,1,2162000.0,0.0,2162000.0,248130.45
SL-8204,2024-11-03,Maruti Suzuki,Brezza,SUV,Petrol,East,Kolkata,Neha Gupta,3,1593000.0,0.02,4683420.0,763784.94
SL-8920,2024-11-04,Toyota,Camry,Sedan,Petrol,West,Mumbai,Arjun Nair,2,1524000.0,0.05,2895600.0,364140.55
SL-6217,2024-11-04,Hyundai,i20,Hatchback,Diesel,South,Bengaluru,Priya Singh,3,693000.0,0.05,1975050.0,124315.47
SL-5964,2024-11-04,Mahindra,XUV700,SUV,Petrol,Central,Indore,Rahul Sharma,2,1794000.0,0.0,3588000.0,576847.3
SL-6503,2024-11-04,Tata,Punch,SUV,Petrol,Central,Bhopal,Vikram Iyer,1,1794000.0,0.02,1758120.0,237983.65
SL-7768,2024-11-04,Toyota,Camry,Sedan,Diesel,East,Patna,Amit Patel,2,1228000.0,0.02,2406880.0,475243.07
SL-9462,2024-11-04,Maruti Suzuki,Brezza,SUV,Petrol,North,Chandigarh,Sneha Reddy,2,1034000.0,0.02,2026640.0,172934.31
SL-7770,2024-11-04,Ford,EcoSport,SUV,Petrol,South,Bengaluru,Vikram Iyer,1,2241000.0,0.1,2016900.0,165342.68
SL-9315,2024-11-04,Tata,Altroz,Hatchback,Petrol,East,Bhubaneswar,Rohit Verma,2,799000.0,0.02,1566040.0,314709.63
SL-7453,2024-11-04,Hyundai,Venue,SUV,Petrol,West,Mumbai,Neha Gupta,1,2018000.0,0.0,2018000.0,312487.38
SL-9277,2024-11-04,Maruti Suzuki,Ertiga,MPV,Diesel,East,Kolkata,Arjun Nair,2,1256000.0,0.0,2512000.0,458920.25
SL-7325,2024-11-04,Honda,Amaze,Sedan,Diesel,East,Patna,Anjali Desai,2,1186000.0,0.08,2182240.0,74725.46
SL-6537,2024-11-04,Ford,Figo,Hatchback,Petrol,Central,Nagpur,Rohit Verma,1,774000.0,0.0,774000.0,166971.35
SL-8893,2024-11-05,Honda,CR-V,SUV,Petrol,West,Mumbai,Priya Singh,3,1752000.0,0.1,4730400.0,594031.77
SL-7378,2024-11-05,Honda,CR-V,SUV,CNG,Central,Indore,Priya Singh,2,2215000.0,0.0,4430000.0,556638.43
SL-5007,2024-11-05,Hyundai,i20,Hatchback,Petrol,East,Kolkata,Anjali Desai,3,635000.0,0.0,1905000.0,344763.09
SL-5689,2024-11-05,Maruti Suzuki,Baleno,Hatchback,Diesel,South,Chennai,Neha Gupta,1,868000.0,0.02,850640.0,95985.72
SL-6535,2024-11-05,Ford,Endeavour,SUV,Diesel,North,Lucknow,Anjali Desai,3,2405000.0,0.0,7215000.0,1127428.11
SL-6711,2024-11-05,Maruti Suzuki,Brezza,SUV,Diesel,East,Kolkata,Sneha Reddy,3,1244000.0,0.02,3657360.0,475111.14
SL-7352,2024-11-05,Hyundai,Verna,Sedan,Diesel,South,Chennai,Sneha Reddy,2,1201000.0,0.0,2402000.0,240805.73
SL-5101,2024-11-05,Kia,Sonet,SUV,Diesel,East,Bhubaneswar,Arjun Nair,1,2139000.0,0.05,2032050.0,319030.96
SL-5834,2024-11-06,Hyundai,Verna,Sedan,Petrol,North,Lucknow,Rahul Sharma,2,1505000.0,0.08,2769200.0,108939.41
SL-8344,2024-11-06,Tata,Harrier,SUV,Diesel,South,Hyderabad,Amit Patel,2,1869000.0,0.0,3738000.0,820530.05
SL-8002,2024-11-06,Tata,Punch,SUV,Petrol,South,Chennai,Vikram Iyer,1,1355000.0,0.0,1355000.0,221540.88
SL-8818,2024-11-06,Kia,Sonet,SUV,Petrol,Central,Nagpur,Rahul Sharma,3,2085000.0,0.05,5942250.0,635968.63
SL-5103,2024-11-06,Hyundai,Verna,Sedan,Petrol,West,Mumbai,Arjun Nair,3,1235000.0,0.02,3630900.0,619345.58
SL-7776,2024-11-06,Kia,Carens,MPV,Electric,South,Bengaluru,Rahul Sharma,3,1353000.0,0.0,4059000.0,641394.08
SL-6552,2024-11-07,Honda,Amaze,Sedan,Petrol,Central,Bhopal,Rahul Sharma,3,1514000.0,0.08,4178640.0,445596.03
SL-7166,2024-11-07,Mahindra,Thar,SUV,CNG,North,Lucknow,Sneha Reddy,1,1453000.0,0.0,1453000.0,218526.88
SL-9275,2024-11-08,Honda,City,Sedan,Diesel,South,Chennai,Priya Singh,2,1131000.0,0.0,2262000.0,482381.16
SL-8105,2024-11-08,Ford,Endeavour,SUV,Diesel,North,Lucknow,Rohit Verma,3,1377000.0,0.0,4131000.0,714028.27
SL-6945,2024-11-08,Kia,Carens,MPV,Diesel,East,Kolkata,Vikram Iyer,1,1239000.0,0.0,1239000.0,209043.63
SL-7210,2024-11-08,Kia,Sonet,SUV,Diesel,East,Bhubaneswar,Kavita Joshi,3,2019000.0,0.08,5572440.0,822603.39
SL-5484,2024-11-08,Mahindra,Scorpio,SUV,Petrol,Central,Bhopal,Rohit Verma,3,1048000.0,0.05,2986800.0,264490.62
SL-8872,2024-11-08,Honda,Civic,Sedan,Diesel,Central,Indore,Rahul Sharma,2,1238000.0,0.05,2352200.0,348553.08
SL-7327,2024-11-08,Kia,Sonet,SUV,CNG,North,Delhi,Rohit Verma,2,1841000.0,0.02,3608360.0,518736.24
SL-6186,2024-11-08,Honda,CR-V,SUV,Petrol,East,Bhubaneswar,Amit Patel,1,1466000.0,0.1,1319400.0,27716.64
SL-8923,2024-11-08,Ford,Endeavour,SUV,Petrol,Central,Nagpur,Priya Singh,2,2658000.0,0.0,5316000.0,772479.62
SL-6325,2024-11-08,Maruti Suzuki,Swift,Hatchback,Electric,North,Chandigarh,Neha Gupta,1,885000.0,0.02,867300.0,159326.18
SL-8798,2024-11-09,Ford,Endeavour,SUV,Diesel,Central,Indore,Neha Gupta,1,1893000.0,0.0,1893000.0,350240.67
SL-7593,2024-11-09,Maruti Suzuki,Baleno,Hatchback,Diesel,East,Patna,Arjun Nair,3,891000.0,0.0,2673000.0,383010.14
SL-7280,2024-11-09,Maruti Suzuki,Baleno,Hatchback,Diesel,North,Delhi,Kavita Joshi,1,737000.0,0.0,737000.0,110716.02
SL-6881,2024-11-09,Toyota,Innova,MPV,CNG,East,Kolkata,Amit Patel,1,1165000.0,0.02,1141700.0,178268.44
SL-5260,2024-11-09,Maruti Suzuki,Swift,Hatchback,Diesel,Central,Nagpur,Arjun Nair,1,660000.0,0.0,660000.0,70651.22
SL-8349,2024-11-09,Kia,Seltos,SUV,CNG,North,Chandigarh,Amit Patel,2,1220000.0,0.05,2318000.0,263080.89
SL-9043,2024-11-09,Maruti Suzuki,Baleno,Hatchback,Electric,Central,Nagpur,Kavita Joshi,2,832000.0,0.05,1580800.0,162335.22
SL-8429,2024-11-09,Honda,City,Sedan,CNG,West,Mumbai,Arjun Nair,3,1588000.0,0.0,4764000.0,1023898.41
SL-6420,2024-11-09,Toyota,Fortuner,SUV,CNG,North,Chandigarh,Vikram Iyer,2,1725000.0,0.0,3450000.0,399587.29
SL-6395,2024-11-10,Hyundai,i20,Hatchback,Diesel,East,Patna,Rohit Verma,3,807000.0,0.1,2178900.0,121951.21
SL-5713,2024-11-10,Tata,Harrier,SUV,Diesel,South,Bengaluru,Arjun Nair,2,1224000.0,0.0,2448000.0,439343.15
SL-8830,2024-11-10,Toyota,Corolla,Sedan,Petrol,North,Delhi,Rohit Verma,3,1219000.0,0.1,3291300.0,96829.0
SL-8548,2024-11-10,Ford,Figo,Hatchback,Diesel,Central,Bhopal,Anjali Desai,3,646000.0,0.05,1841100.0,168020.18
SL-7301,2024-11-11,Kia,Sonet,SUV,Petrol,North,Lucknow,Neha Gupta,3,2405000.0,0.08,6637800.0,972005.64
SL-8933,2024-11-11,Honda,Amaze,Sedan,CNG,Central,Bhopal,Neha Gupta,2,1088000.0,0.02,2132480.0,350354.93
SL-9125,2024-11-11,Honda,CR-V,SUV,Diesel,Central,Indore,Amit Patel,3,1016000.0,0.1,2743200.0,135929.23
SL-5019,2024-11-11,Maruti Suzuki,Swift,Hatchback,Petrol,West,Mumbai,Vikram Iyer,3,710000.0,0.0,2130000.0,400814.27
SL-9284,2024-11-11,Toyota,Corolla,Sedan,Petrol,East,Kolkata,Priya Singh,3,1322000.0,0.0,3966000.0,606176.84
SL-8312,2024-11-12,Maruti Suzuki,Ertiga,MPV,Petrol,North,Lucknow,Rohit Verma,2,1167000.0,0.02,2287320.0,465820.29
SL-8428,2024-11-12,Mahindra,Thar,SUV,Diesel,Central,Indore,Priya Singh,2,2159000.0,0.0,4318000.0,791827.06
SL-5287,2024-11-12,Ford,EcoSport,SUV,Diesel,East,Bhubaneswar,Kavita Joshi,2,2551000.0,0.02,4999960.0,905347.63
SL-7930,2024-11-12,Toyota,Camry,Sedan,Diesel,South,Hyderabad,Rahul Sharma,2,1315000.0,0.05,2498500.0,151245.22
SL-6612,2024-11-12,Tata,Punch,SUV,Petrol,East,Kolkata,Amit Patel,2,1165000.0,0.0,2330000.0,350229.33
SL-8954,2024-11-12,Mahindra,Bolero,SUV,Diesel,West,Mumbai,Sneha Reddy,2,1970000.0,0.02,3861200.0,451614.59
SL-8338,2024-11-12,Tata,Punch,SUV,Diesel,Central,Bhopal,Rohit Verma,1,1143000.0,0.0,1143000.0,152293.24
SL-6937,2024-11-12,Hyundai,Creta,SUV,Electric,East,Bhubaneswar,Sneha Reddy,3,1882000.0,0.05,5363700.0,495222.11
SL-8642,2024-11-12,Honda,Civic,Sedan,CNG,East,Patna,Priya Singh,3,1258000.0,0.0,3774000.0,646822.69
SL-8869,2024-11-12,Tata,Punch,SUV,Petrol,Central,Indore,Anjali Desai,2,2622000.0,0.0,5244000.0,757475.14
SL-5818,2024-11-13,Ford,Figo,Hatchback,Diesel,South,Hyderabad,Rahul Sharma,2,657000.0,0.0,1314000.0,211714.7
SL-5988,2024-11-13,Honda,City,Sedan,Petrol,West,Pune,Amit Patel,3,1799000.0,0.0,5397000.0,835325.4
SL-6348,2024-11-13,Hyundai,Venue,SUV,Diesel,Central,Bhopal,Vikram Iyer,2,1062000.0,0.05,2017800.0,258683.18
SL-7576,2024-11-13,Honda,CR-V,SUV,Petrol,Central,Indore,Sneha Reddy,3,2647000.0,0.02,7782180.0,1148386.57
SL-6310,2024-11-13,Maruti Suzuki,Baleno,Hatchback,Petrol,East,Bhubaneswar,Anjali Desai,1,886000.0,0.02,868280.0,108030.89
SL-9267,2024-11-14,Hyundai,Creta,SUV,Petrol,South,Hyderabad,Kavita Joshi,1,2683000.0,0.0,2683000.0,288732.36
SL-9406,2024-11-14,Mahindra,Bolero,SUV,CNG,East,Kolkata,Rahul Sharma,3,2105000.0,0.05,5999250.0,1065648.17
SL-5948,2024-11-14,Mahindra,XUV700,SUV,Diesel,East,Kolkata,Anjali Desai,3,2095000.0,0.1,5656500.0,85097.38
SL-6210,2024-11-14,Maruti Suzuki,Baleno,Hatchback,Petrol,Central,Bhopal,Sneha Reddy,3,653000.0,0.1,1763100.0,71791.64
SL-9146,2024-11-14,Ford,Figo,Hatchback,Petrol,East,Bhubaneswar,Amit Patel,3,683000.0,0.02,2008020.0,186673.96
SL-8574,2024-11-14,Toyota,Fortuner,SUV,Petrol,East,Kolkata,Arjun Nair,2,1438000.0,0.0,2876000.0,630015.93
SL-7987,2024-11-14,Tata,Altroz,Hatchback,CNG,West,Mumbai,Vikram Iyer,2,603000.0,0.0,1206000.0,161308.43
SL-5193,2024-11-14,Toyota,Corolla,Sedan,Diesel,Central,Bhopal,Rohit Verma,3,1691000.0,0.0,5073000.0,561676.53
SL-7183,2024-11-14,Maruti Suzuki,Ertiga,MPV,Petrol,South,Hyderabad,Neha Gupta,1,1627000.0,0.08,1496840.0,131749.71
SL-7659,2024-11-14,Kia,Carens,MPV,Petrol,South,Chennai,Amit Patel,2,1144000.0,0.02,2242240.0,311172.19
SL-8567,2024-11-15,Kia,Seltos,SUV,Petrol,North,Chandigarh,Vikram Iyer,3,1203000.0,0.1,3248100.0,423894.75
SL-6100,2024-11-15,Tata,Nexon,SUV,Diesel,South,Chennai,Arjun Nair,1,1851000.0,0.02,1813980.0,304055.54
SL-5717,2024-11-15,Hyundai,Venue,SUV,Diesel,South,Bengaluru,Rahul Sharma,2,1842000.0,0.1,3315600.0,73323.98
SL-8502,2024-11-15,Honda,Civic,Sedan,CNG,Central,Indore,Sneha Reddy,1,1155000.0,0.0,1155000.0,148069.29
SL-9119,2024-11-15,Toyota,Corolla,Sedan,Petrol,South,Hyderabad,Priya Singh,1,1353000.0,0.0,1353000.0,259269.47
SL-6732,2024-11-15,Ford,Figo,Hatchback,Petrol,North,Lucknow,Vikram Iyer,3,842000.0,0.08,2323920.0,193388.51
SL-8431,2024-11-15,Honda,City,Sedan,Diesel,Central,Bhopal,Priya Singh,1,1460000.0,0.0,1460000.0,276993.09
SL-7239,2024-11-16,Honda,CR-V,SUV,Petrol,East,Patna,Kavita Joshi,2,2089000.0,0.05,3969100.0,428335.86
SL-9322,2024-11-16,Toyota,Fortuner,SUV,Petrol,South,Hyderabad,Sneha Reddy,2,1210000.0,0.0,2420000.0,512495.42
SL-9213,2024-11-16,Kia,Sonet,SUV,CNG,North,Lucknow,Kavita Joshi,2,2229000.0,0.08,4101360.0,275020.86
SL-5448,2024-11-16,Honda,Civic,Sedan,Diesel,South,Bengaluru,Neha Gupta,1,1154000.0,0.05,1096300.0,104597.27
SL-6118,2024-11-18,Kia,Seltos,SUV,Petrol,Central,Indore,Sneha Reddy,2,2374000.0,0.02,4653040.0,392840.27
SL-6144,2024-11-18,Toyota,Camry,Sedan,CNG,North,Lucknow,Rohit Verma,3,1196000.0,0.0,3588000.0,375627.39
SL-5306,2024-11-18,Honda,Amaze,Sedan,Petrol,West,Mumbai,Anjali Desai,2,1656000.0,0.0,3312000.0,534135.83
SL-6817,2024-11-18,Hyundai,Venue,SUV,CNG,West,Ahmedabad,Priya Singh,1,2753000.0,0.05,2615350.0,405135.48
SL-7664,2024-11-18,Kia,Carens,MPV,Diesel,West,Ahmedabad,Rahul Sharma,3,1874000.0,0.02,5509560.0,884968.83
SL-5291,2024-11-18,Tata,Nexon,SUV,Electric,East,Patna,Arjun Nair,2,1448000.0,0.0,2896000.0,289984.84
SL-6693,2024-11-18,Hyundai,i20,Hatchback,Petrol,North,Delhi,Vikram Iyer,3,649000.0,0.08,1791240.0,109882.15
SL-9074,2024-11-19,Honda,Amaze,Sedan,CNG,North,Lucknow,Vikram Iyer,3,1003000.0,0.0,3009000.0,461724.74
SL-5092,2024-11-19,Hyundai,i20,Hatchback,Petrol,South,Chennai,Vikram Iyer,3,605000.0,0.08,1669800.0,82834.06
SL-5480,2024-11-19,Hyundai,Creta,SUV,Diesel,Central,Nagpur,Anjali Desai,2,1483000.0,0.05,2817700.0,467727.81
SL-6403,2024-11-19,Tata,Punch,SUV,Petrol,Central,Indore,Rahul Sharma,3,1732000.0,0.05,4936200.0,658090.4
SL-6170,2024-11-19,Ford,Endeavour,SUV,CNG,North,Delhi,Anjali Desai,3,1734000.0,0.02,5097960.0,690958.65
SL-9063,2024-11-19,Toyota,Camry,Sedan,CNG,South,Chennai,Neha Gupta,1,980000.0,0.02,960400.0,118708.03
SL-8751,2024-11-19,Toyota,Fortuner,SUV,Electric,East,Bhubaneswar,Sneha Reddy,1,1213000.0,0.08,1115960.0,113820.96
SL-9024,2024-11-19,Toyota,Fortuner,SUV,Electric,East,Bhubaneswar,Priya Singh,3,1206000.0,0.05,3437100.0,485821.2
SL-5034,2024-11-19,Hyundai,Venue,SUV,Diesel,West,Pune,Rahul Sharma,1,2545000.0,0.05,2417750.0,359892.68
SL-7563,2024-11-19,Tata,Harrier,SUV,Petrol,East,Patna,Sneha Reddy,3,2184000.0,0.0,6552000.0,791035.8
SL-9192,2024-11-19,Maruti Suzuki,Ertiga,MPV,Petrol,South,Chennai,Vikram Iyer,2,1723000.0,0.0,3446000.0,655044.17
SL-5197,2024-11-19,Ford,EcoSport,SUV,Petrol,North,Chandigarh,Rahul Sharma,1,1610000.0,0.0,1610000.0,277538.85
SL-5262,2024-11-19,Maruti Suzuki,Ertiga,MPV,Diesel,East,Patna,Anjali Desai,2,1605000.0,0.02,3145800.0,612347.51
SL-6782,2024-11-19,Maruti Suzuki,Ertiga,MPV,CNG,Central,Bhopal,Sneha Reddy,1,1604000.0,0.0,1604000.0,255577.49
SL-7620,2024-11-19,Ford,Endeavour,SUV,Petrol,South,Chennai,Kavita Joshi,2,2207000.0,0.05,4193300.0,515755.5
SL-7722,2024-11-19,Hyundai,Verna,Sedan,Petrol,East,Patna,Arjun Nair,2,1306000.0,0.0,2612000.0,353382.76
SL-9223,2024-11-20,Kia,Carens,MPV,Diesel,East,Bhubaneswar,Anjali Desai,2,1183000.0,0.0,2366000.0,291058.48
SL-6971,2024-11-20,Kia,Sonet,SUV,Petrol,East,Patna,Anjali Desai,2,2209000.0,0.05,4197100.0,604173.49
SL-5522,2024-11-20,Hyundai,Venue,SUV,Diesel,North,Delhi,Neha Gupta,3,2277000.0,0.02,6694380.0,1131686.37
SL-6758,2024-11-20,Honda,Amaze,Sedan,Petrol,South,Bengaluru,Neha Gupta,2,1369000.0,0.02,2683240.0,412914.08
SL-7894,2024-11-20,Maruti Suzuki,Baleno,Hatchback,Petrol,South,Bengaluru,Rahul Sharma,2,900000.0,0.02,1764000.0,341001.27
SL-6641,2024-11-20,Honda,Amaze,Sedan,Petrol,Central,Bhopal,Rahul Sharma,1,1318000.0,0.02,1291640.0,114685.72
SL-8505,2024-11-20,Hyundai,Verna,Sedan,CNG,North,Delhi,Arjun Nair,3,1686000.0,0.0,5058000.0,944125.54
SL-5270,2024-11-21,Tata,Harrier,SUV,Diesel,North,Delhi,Neha Gupta,2,2647000.0,0.05,5029300.0,611343.44
SL-5226,2024-11-21,Ford,EcoSport,SUV,Diesel,South,Hyderabad,Anjali Desai,1,2217000.0,0.05,2106150.0,199604.82
SL-7917,2024-11-21,Maruti Suzuki,Brezza,SUV,Diesel,East,Patna,Kavita Joshi,2,2651000.0,0.0,5302000.0,607207.49
SL-8113,2024-11-21,Hyundai,Venue,SUV,Diesel,West,Mumbai,Anjali Desai,2,1136000.0,0.0,2272000.0,369586.25
SL-5553,2024-11-21,Tata,Altroz,Hatchback,Electric,Central,Nagpur,Priya Singh,3,745000.0,0.0,2235000.0,482887.83
SL-6211,2024-11-21,Hyundai,Venue,SUV,CNG,Central,Bhopal,Rohit Verma,3,1523000.0,0.05,4340550.0,768124.78
SL-5709,2024-11-22,Mahindra,Bolero,SUV,Petrol,West,Pune,Priya Singh,3,1186000.0,0.02,3486840.0,372791.27
SL-6047,2024-11-22,Toyota,Fortuner,SUV,Petrol,Central,Indore,Rohit Verma,1,1560000.0,0.0,1560000.0,288381.17
SL-7381,2024-11-22,Toyota,Corolla,Sedan,Diesel,Central,Nagpur,Rahul Sharma,2,1773000.0,0.02,3475080.0,524182.54
SL-7160,2024-11-22,Maruti Suzuki,Ertiga,MPV,Diesel,Central,Nagpur,Neha Gupta,3,1877000.0,0.02,5518380.0,484511.82
SL-9301,2024-11-23,Hyundai,i20,Hatchback,Petrol,West,Pune,Vikram Iyer,1,735000.0,0.0,735000.0,141026.37
SL-5321,2024-11-23,Maruti Suzuki,Baleno,Hatchback,CNG,South,Hyderabad,Priya Singh,1,873000.0,0.05,829350.0,49912.47
SL-5083,2024-11-23,Maruti Suzuki,Ertiga,MPV,CNG,South,Bengaluru,Vikram Iyer,2,1530000.0,0.02,2998800.0,368299.95
SL-5099,2024-11-23,Honda,CR-V,SUV,CNG,East,Bhubaneswar,Arjun Nair,3,2582000.0,0.0,7746000.0,859463.96
SL-6805,2024-11-24,Tata,Altroz,Hatchback,Diesel,North,Lucknow,Neha Gupta,2,740000.0,0.1,1332000.0,136962.37
SL-5444,2024-11-24,Maruti Suzuki,Brezza,SUV,CNG,East,Kolkata,Priya Singh,2,2218000.0,0.02,4347280.0,552635.72
SL-6171,2024-11-24,Ford,Figo,Hatchback,Petrol,West,Mumbai,Anjali Desai,3,667000.0,0.02,1960980.0,245576.57
SL-8686,2024-11-24,Mahindra,Thar,SUV,Diesel,North,Lucknow,Rohit Verma,3,2036000.0,0.05,5802600.0,336686.95
SL-9389,2024-11-24,Mahindra,Scorpio,SUV,Petrol,South,Hyderabad,Arjun Nair,2,1693000.0,0.05,3216700.0,248603.47
SL-7602,2024-11-24,Hyundai,Creta,SUV,Diesel,South,Chennai,Rahul Sharma,2,1404000.0,0.02,2751840.0,356303.97
SL-5657,2024-11-25,Kia,Seltos,SUV,Diesel,Central,Nagpur,Rahul Sharma,1,2065000.0,0.08,1899800.0,148032.07
SL-6301,2024-11-25,Ford,EcoSport,SUV,Diesel,Central,Indore,Kavita Joshi,3,1856000.0,0.0,5568000.0,836128.54
SL-6327,2024-11-25,Mahindra,Scorpio,SUV,Diesel,North,Delhi,Arjun Nair,1,2175000.0,0.0,2175000.0,286417.78
SL-8182,2024-11-25,Tata,Nexon,SUV,Petrol,South,Chennai,Vikram Iyer,3,1543000.0,0.1,4166100.0,537025.46
SL-8352,2024-11-25,Honda,Amaze,Sedan,Diesel,Central,Bhopal,Rahul Sharma,2,1521000.0,0.0,3042000.0,530475.11
SL-9086,2024-11-26,Toyota,Corolla,Sedan,Petrol,North,Lucknow,Priya Singh,2,1594000.0,0.0,3188000.0,454469.99
SL-7802,2024-11-26,Toyota,Fortuner,SUV,Petrol,Central,Indore,Rohit Verma,3,2693000.0,0.0,8079000.0,1565822.75
SL-7679,2024-11-26,Toyota,Innova,MPV,Petrol,Central,Bhopal,Sneha Reddy,3,1828000.0,0.0,5484000.0,1044053.84
SL-7504,2024-11-26,Mahindra,Thar,SUV,CNG,West,Pune,Rohit Verma,2,1227000.0,0.0,2454000.0,400180.77
SL-5326,2024-11-26,Mahindra,Scorpio,SUV,Diesel,West,Mumbai,Rahul Sharma,2,1455000.0,0.08,2677200.0,147183.32
SL-5676,2024-11-26,Maruti Suzuki,Swift,Hatchback,Petrol,West,Pune,Priya Singh,1,707000.0,0.0,707000.0,103714.63
SL-6131,2024-11-26,Kia,Carens,MPV,Petrol,East,Bhubaneswar,Rahul Sharma,1,1484000.0,0.02,1454320.0,179204.28
SL-6804,2024-11-27,Ford,Figo,Hatchback,CNG,North,Lucknow,Kavita Joshi,1,600000.0,0.08,552000.0,21299.55
SL-5029,2024-11-27,Ford,Endeavour,SUV,Petrol,West,Mumbai,Rahul Sharma,1,1031000.0,0.02,1010380.0,184771.46
SL-6350,2024-11-27,Honda,Amaze,Sedan,Diesel,Central,Nagpur,Priya Singh,3,1214000.0,0.05,3459900.0,413039.54
SL-8177,2024-11-28,Toyota,Fortuner,SUV,Petrol,Central,Nagpur,Rohit Verma,1,2313000.0,0.1,2081700.0,254383.21
SL-9023,2024-11-28,Toyota,Innova,MPV,Petrol,North,Chandigarh,Priya Singh,1,955000.0,0.02,935900.0,157838.46
SL-8998,2024-11-28,Mahindra,Bolero,SUV,Petrol,East,Kolkata,Arjun Nair,1,2179000.0,0.0,2179000.0,468014.64
SL-5098,2024-11-28,Hyundai,Venue,SUV,CNG,South,Hyderabad,Rahul Sharma,1,2531000.0,0.0,2531000.0,484325.06
SL-8736,2024-11-29,Kia,Carens,MPV,CNG,South,Chennai,Priya Singh,2,1701000.0,0.0,3402000.0,397376.34
SL-7275,2024-11-29,Toyota,Camry,Sedan,Petrol,East,Bhubaneswar,Sneha Reddy,3,1206000.0,0.0,3618000.0,777203.04
SL-5805,2024-11-29,Maruti Suzuki,Baleno,Hatchback,Diesel,South,Bengaluru,Anjali Desai,3,849000.0,0.05,2419650.0,185717.25
SL-7324,2024-11-29,Hyundai,Creta,SUV,Petrol,South,Hyderabad,Arjun Nair,2,2767000.0,0.02,5423320.0,770344.37
SL-7035,2024-11-29,Ford,EcoSport,SUV,Petrol,West,Mumbai,Rohit Verma,2,2558000.0,0.05,4860200.0,403781.33
SL-7064,2024-11-29,Toyota,Corolla,Sedan,Diesel,East,Kolkata,Amit Patel,1,1565000.0,0.02,1533700.0,262422.05
SL-9314,2024-11-30,Toyota,Corolla,Sedan,Petrol,Central,Nagpur,Arjun Nair,1,995000.0,0.0,995000.0,102836.64
SL-6352,2024-11-30,Maruti Suzuki,Ertiga,MPV,Petrol,East,Bhubaneswar,Arjun Nair,3,1079000.0,0.02,3172260.0,392232.17
SL-6332,2024-11-30,Kia,Carens,MPV,Diesel,Central,Nagpur,Amit Patel,2,1885000.0,0.0,3770000.0,532693.94
SL-8033,2024-11-30,Tata,Nexon,SUV,Petrol,West,Pune,Sneha Reddy,2,2262000.0,0.0,4524000.0,889247.53
SL-7351,2024-11-30,Maruti Suzuki,Swift,Hatchback,Petrol,Central,Nagpur,Arjun Nair,2,758000.0,0.05,1440200.0,190084.0
SL-8703,2024-12-01,Maruti Suzuki,Baleno,Hatchback,Diesel,North,Chandigarh,Rohit Verma,2,886000.0,0.08,1630240.0,42171.84
SL-9411,2024-12-01,Honda,City,Sedan,Petrol,West,Ahmedabad,Neha Gupta,2,1465000.0,0.05,2783500.0,212932.78
SL-7766,2024-12-01,Mahindra,Thar,SUV,Petrol,Central,Bhopal,Rohit Verma,3,1254000.0,0.0,3762000.0,780694.33
SL-8281,2024-12-01,Kia,Carens,MPV,Diesel,West,Pune,Arjun Nair,3,1215000.0,0.08,3353400.0,292133.96
SL-6138,2024-12-01,Hyundai,Creta,SUV,Petrol,North,Chandigarh,Kavita Joshi,3,1218000.0,0.05,3471300.0,427652.43
SL-6101,2024-12-01,Ford,Figo,Hatchback,Electric,West,Ahmedabad,Vikram Iyer,1,713000.0,0.0,713000.0,83745.0
SL-6771,2024-12-01,Ford,EcoSport,SUV,Diesel,West,Pune,Rohit Verma,3,2334000.0,0.05,6651900.0,738209.43
SL-5726,2024-12-01,Maruti Suzuki,Baleno,Hatchback,Petrol,North,Chandigarh,Kavita Joshi,3,673000.0,0.02,1978620.0,174849.09
SL-8011,2024-12-01,Honda,Amaze,Sedan,Diesel,West,Mumbai,Rahul Sharma,2,1052000.0,0.02,2061920.0,394485.5
SL-7503,2024-12-01,Hyundai,Creta,SUV,CNG,Central,Bhopal,Kavita Joshi,1,1497000.0,0.08,1377240.0,171472.86
SL-6429,2024-12-01,Mahindra,Thar,SUV,CNG,Central,Indore,Vikram Iyer,3,1011000.0,0.0,3033000.0,388991.97
SL-9318,2024-12-02,Ford,EcoSport,SUV,CNG,West,Mumbai,Neha Gupta,3,2393000.0,0.0,7179000.0,1309195.81
SL-6909,2024-12-02,Ford,Figo,Hatchback,Petrol,West,Ahmedabad,Neha Gupta,1,761000.0,0.02,745780.0,140829.25
SL-5503,2024-12-02,Hyundai,Venue,SUV,Diesel,South,Chennai,Arjun Nair,3,1485000.0,0.02,4365900.0,778326.05
SL-5189,2024-12-02,Hyundai,Verna,Sedan,Petrol,East,Kolkata,Rohit Verma,2,1770000.0,0.08,3256800.0,175316.98
SL-9159,2024-12-02,Tata,Harrier,SUV,Petrol,East,Patna,Neha Gupta,2,1732000.0,0.0,3464000.0,409374.54
SL-9480,2024-12-02,Maruti Suzuki,Brezza,SUV,Electric,West,Ahmedabad,Kavita Joshi,1,1985000.0,0.08,1826200.0,43588.36
SL-7085,2024-12-02,Honda,Amaze,Sedan,Diesel,South,Bengaluru,Rahul Sharma,3,1271000.0,0.08,3507960.0,160353.05
SL-6755,2024-12-02,Ford,EcoSport,SUV,Petrol,West,Mumbai,Neha Gupta,3,1789000.0,0.02,5259660.0,944215.86
SL-6516,2024-12-02,Honda,Civic,Sedan,Petrol,East,Patna,Kavita Joshi,1,1060000.0,0.02,1038800.0,146562.41
SL-6035,2024-12-02,Honda,CR-V,SUV,Petrol,North,Chandigarh,Arjun Nair,2,1031000.0,0.05,1958900.0,207346.31
SL-7840,2024-12-02,Hyundai,i20,Hatchback,Diesel,South,Hyderabad,Priya Singh,3,629000.0,0.0,1887000.0,301071.02
SL-7043,2024-12-03,Maruti Suzuki,Swift,Hatchback,Petrol,East,Kolkata,Arjun Nair,3,806000.0,0.05,2297100.0,401137.55
SL-5809,2024-12-03,Toyota,Fortuner,SUV,Petrol,South,Bengaluru,Neha Gupta,2,2074000.0,0.05,3940600.0,329879.98
SL-6249,2024-12-03,Kia,Seltos,SUV,Diesel,East,Kolkata,Rahul Sharma,2,1589000.0,0.0,3178000.0,518804.59
SL-9473,2024-12-03,Maruti Suzuki,Brezza,SUV,Petrol,West,Pune,Neha Gupta,1,1740000.0,0.02,1705200.0,201083.58
SL-5223,2024-12-03,Maruti Suzuki,Swift,Hatchback,Petrol,East,Patna,Kavita Joshi,3,749000.0,0.0,2247000.0,385824.29
SL-6970,2024-12-03,Maruti Suzuki,Baleno,Hatchback,Petrol,Central,Bhopal,Rohit Verma,2,813000.0,0.0,1626000.0,282972.08
SL-5219,2024-12-03,Kia,Carens,MPV,Petrol,North,Chandigarh,Sneha Reddy,1,1718000.0,0.05,1632100.0,290804.74
SL-7175,2024-12-03,Hyundai,i20,Hatchback,Diesel,East,Kolkata,Neha Gupta,3,734000.0,0.05,2091900.0,163602.22
SL-7991,2024-12-04,Kia,Seltos,SUV,Electric,West,Ahmedabad,Vikram Iyer,3,2273000.0,0.02,6682620.0,1237283.07
SL-7858,2024-12-04,Tata,Punch,SUV,Petrol,South,Chennai,Neha Gupta,1,2127000.0,0.02,2084460.0,341402.23
SL-5976,2024-12-04,Mahindra,Thar,SUV,Diesel,East,Patna,Arjun Nair,2,1772000.0,0.05,3366800.0,203955.05
SL-8912,2024-12-04,Ford,EcoSport,SUV,Petrol,South,Bengaluru,Rahul Sharma,2,1040000.0,0.05,1976000.0,205753.31
SL-5126,2024-12-04,Tata,Altroz,Hatchback,Electric,North,Delhi,Rohit Verma,2,826000.0,0.02,1618960.0,265568.95
SL-5912,2024-12-05,Ford,Endeavour,SUV,Diesel,South,Hyderabad,Neha Gupta,1,2353000.0,0.02,2305940.0,244427.31
SL-8151,2024-12-05,Maruti Suzuki,Swift,Hatchback,Petrol,South,Bengaluru,Arjun Nair,3,748000.0,0.0,2244000.0,317514.23
SL-9208,2024-12-05,Hyundai,Creta,SUV,CNG,West,Ahmedabad,Sneha Reddy,2,1815000.0,0.05,3448500.0,370581.91
SL-5590,2024-12-06,Kia,Seltos,SUV,Petrol,West,Mumbai,Amit Patel,2,1591000.0,0.0,3182000.0,514606.76
SL-7525,2024-12-06,Mahindra,Scorpio,SUV,Diesel,South,Bengaluru,Arjun Nair,3,1046000.0,0.02,3075240.0,522952.19
SL-5919,2024-12-06,Hyundai,Creta,SUV,Electric,Central,Bhopal,Kavita Joshi,2,1667000.0,0.0,3334000.0,627988.72
SL-8248,2024-12-06,Mahindra,Bolero,SUV,Petrol,East,Kolkata,Anjali Desai,1,1746000.0,0.0,1746000.0,265083.18
SL-7652,2024-12-06,Toyota,Innova,MPV,Diesel,Central,Nagpur,Arjun Nair,1,1856000.0,0.0,1856000.0,399125.57
SL-8045,2024-12-07,Mahindra,Scorpio,SUV,Diesel,South,Bengaluru,Rahul Sharma,3,2794000.0,0.05,7962900.0,1318341.67
SL-6282,2024-12-07,Tata,Harrier,SUV,Petrol,West,Mumbai,Vikram Iyer,3,1362000.0,0.05,3881700.0,261277.15
SL-7127,2024-12-07,Ford,Figo,Hatchback,Diesel,East,Kolkata,Anjali Desai,1,739000.0,0.02,724220.0,72411.78
SL-5105,2024-12-07,Toyota,Camry,Sedan,CNG,West,Mumbai,Vikram Iyer,3,1768000.0,0.02,5197920.0,491723.74
SL-5248,2024-12-07,Mahindra,Bolero,SUV,Diesel,East,Patna,Sneha Reddy,3,1273000.0,0.0,3819000.0,707265.42
SL-9182,2024-12-07,Tata,Altroz,Hatchback,Petrol,South,Hyderabad,Rahul Sharma,1,701000.0,0.0,701000.0,117177.81
SL-8679,2024-12-07,Maruti Suzuki,Ertiga,MPV,CNG,North,Lucknow,Anjali Desai,1,1609000.0,0.05,1528550.0,180846.79
SL-7995,2024-12-08,Toyota,Camry,Sedan,Diesel,South,Hyderabad,Arjun Nair,1,1504000.0,0.02,1473920.0,170326.78
SL-8301,2024-12-08,Tata,Altroz,Hatchback,Diesel,East,Patna,Vikram Iyer,1,803000.0,0.08,738760.0,53500.15
SL-5873,2024-12-08,Ford,Endeavour,SUV,Diesel,Central,Nagpur,Sneha Reddy,1,1659000.0,0.05,1576050.0,171833.07
SL-8669,2024-12-08,Honda,Amaze,Sedan,Diesel,North,Delhi,Vikram Iyer,2,1676000.0,0.02,3284960.0,470135.22
SL-5521,2024-12-08,Honda,Civic,Sedan,Petrol,Central,Indore,Anjali Desai,2,1089000.0,0.0,2178000.0,362252.95
SL-6940,2024-12-08,Hyundai,Venue,SUV,Petrol,Central,Bhopal,Kavita Joshi,1,2066000.0,0.0,2066000.0,445026.8
SL-6215,2024-12-08,Honda,Civic,Sedan,Diesel,South,Bengaluru,Rohit Verma,1,1494000.0,0.08,1374480.0,207401.6
SL-8386,2024-12-09,Mahindra,XUV700,SUV,Petrol,North,Lucknow,Amit Patel,1,2444000.0,0.0,2444000.0,316875.06
SL-9463,2024-12-09,Hyundai,Verna,Sedan,Petrol,South,Bengaluru,Rohit Verma,2,1518000.0,0.02,2975280.0,604758.67
SL-6358,2024-12-09,Mahindra,Scorpio,SUV,Petrol,Central,Bhopal,Sneha Reddy,3,2445000.0,0.0,7335000.0,1188354.12
SL-6270,2024-12-09,Toyota,Fortuner,SUV,Diesel,North,Delhi,Sneha Reddy,3,1522000.0,0.08,4200720.0,515654.45
SL-9094,2024-12-10,Honda,City,Sedan,CNG,South,Hyderabad,Rohit Verma,2,1129000.0,0.08,2077360.0,82477.35
SL-5585,2024-12-10,Tata,Altroz,Hatchback,CNG,North,Lucknow,Sneha Reddy,3,753000.0,0.05,2146050.0,253308.38
SL-9482,2024-12-10,Ford,EcoSport,SUV,CNG,North,Delhi,Neha Gupta,2,2507000.0,0.0,5014000.0,648863.12
SL-7132,2024-12-10,Ford,Endeavour,SUV,Electric,Central,Nagpur,Anjali Desai,2,2214000.0,0.0,4428000.0,698061.57
SL-5354,2024-12-11,Tata,Punch,SUV,Diesel,West,Mumbai,Rohit Verma,3,2610000.0,0.0,7830000.0,885228.41
SL-6933,2024-12-11,Mahindra,Scorpio,SUV,CNG,North,Lucknow,Rahul Sharma,1,2435000.0,0.0,2435000.0,409587.82
SL-9291,2024-12-11,Toyota,Corolla,Sedan,Diesel,West,Ahmedabad,Priya Singh,1,1151000.0,0.08,1058920.0,149754.73
SL-7366,2024-12-11,Toyota,Camry,Sedan,Petrol,West,Ahmedabad,Sneha Reddy,3,1763000.0,0.0,5289000.0,719355.55
SL-6451,2024-12-11,Ford,Figo,Hatchback,CNG,East,Bhubaneswar,Priya Singh,3,830000.0,0.05,2365500.0,206068.68
SL-5128,2024-12-11,Mahindra,XUV700,SUV,Diesel,East,Kolkata,Rohit Verma,2,1026000.0,0.02,2010960.0,223419.05
SL-7277,2024-12-11,Tata,Nexon,SUV,Diesel,South,Chennai,Sneha Reddy,3,2497000.0,0.0,7491000.0,1421059.99
SL-5748,2024-12-12,Maruti Suzuki,Brezza,SUV,CNG,East,Kolkata,Rohit Verma,3,1473000.0,0.08,4065480.0,261220.28
SL-6201,2024-12-12,Kia,Carens,MPV,Diesel,South,Hyderabad,Rohit Verma,1,1496000.0,0.02,1466080.0,265208.3
SL-5376,2024-12-12,Kia,Seltos,SUV,Petrol,North,Chandigarh,Rohit Verma,3,1443000.0,0.05,4112550.0,357340.13
SL-7485,2024-12-12,Ford,Endeavour,SUV,Diesel,Central,Bhopal,Neha Gupta,1,2561000.0,0.02,2509780.0,481316.54
SL-8110,2024-12-12,Honda,City,Sedan,CNG,Central,Indore,Vikram Iyer,1,1735000.0,0.0,1735000.0,184544.63
SL-5190,2024-12-13,Maruti Suzuki,Brezza,SUV,Petrol,Central,Indore,Rohit Verma,2,2571000.0,0.0,5142000.0,1089070.91
SL-8861,2024-12-13,Mahindra,Bolero,SUV,Diesel,South,Bengaluru,Kavita Joshi,3,1900000.0,0.1,5130000.0,272807.0
SL-7365,2024-12-13,Kia,Sonet,SUV,Diesel,North,Chandigarh,Rohit Verma,1,2133000.0,0.05,2026350.0,131518.85
SL-7752,2024-12-13,Hyundai,i20,Hatchback,CNG,Central,Nagpur,Rahul Sharma,1,876000.0,0.05,832200.0,139866.17
SL-8826,2024-12-13,Kia,Seltos,SUV,Diesel,Central,Nagpur,Rohit Verma,1,1367000.0,0.02,1339660.0,111076.97
SL-5085,2024-12-13,Kia,Seltos,SUV,Petrol,North,Delhi,Kavita Joshi,2,2439000.0,0.0,4878000.0,1012813.04
SL-9386,2024-12-14,Kia,Sonet,SUV,CNG,North,Lucknow,Rahul Sharma,2,1493000.0,0.0,2986000.0,373111.51
SL-9107,2024-12-15,Maruti Suzuki,Ertiga,MPV,Petrol,North,Delhi,Kavita Joshi,3,1751000.0,0.0,5253000.0,551381.83
SL-6263,2024-12-15,Honda,CR-V,SUV,Petrol,East,Bhubaneswar,Kavita Joshi,2,2679000.0,0.05,5090100.0,654762.37
SL-7749,2024-12-15,Ford,Figo,Hatchback,Diesel,Central,Indore,Arjun Nair,2,859000.0,0.05,1632100.0,221626.64
SL-7522,2024-12-15,Honda,CR-V,SUV,Petrol,North,Lucknow,Rohit Verma,1,2134000.0,0.02,2091320.0,280278.23
SL-7491,2024-12-15,Mahindra,XUV700,SUV,Petrol,North,Delhi,Anjali Desai,2,2035000.0,0.02,3988600.0,799336.94
SL-6153,2024-12-16,Ford,Endeavour,SUV,Diesel,East,Patna,Priya Singh,2,1472000.0,0.0,2944000.0,328729.27
SL-7886,2024-12-16,Maruti Suzuki,Brezza,SUV,Petrol,South,Chennai,Anjali Desai,2,1900000.0,0.08,3496000.0,332304.56
SL-8870,2024-12-17,Toyota,Corolla,Sedan,Electric,Central,Indore,Kavita Joshi,1,1071000.0,0.05,1017450.0,84694.12
SL-7389,2024-12-17,Toyota,Corolla,Sedan,Diesel,North,Delhi,Arjun Nair,1,1644000.0,0.05,1561800.0,158259.54
SL-8097,2024-12-17,Toyota,Innova,MPV,Petrol,South,Bengaluru,Priya Singh,3,1244000.0,0.1,3358800.0,248970.58
SL-9196,2024-12-17,Hyundai,i20,Hatchback,Petrol,West,Pune,Vikram Iyer,1,681000.0,0.05,646950.0,61353.21
SL-5829,2024-12-17,Honda,Amaze,Sedan,Petrol,South,Hyderabad,Kavita Joshi,3,984000.0,0.05,2804400.0,313826.91
SL-7933,2024-12-17,Ford,Figo,Hatchback,Petrol,East,Patna,Sneha Reddy,1,671000.0,0.0,671000.0,145448.39
SL-5775,2024-12-18,Toyota,Corolla,Sedan,Petrol,East,Kolkata,Rahul Sharma,3,993000.0,0.05,2830050.0,222305.7
SL-5563,2024-12-18,Mahindra,Thar,SUV,Electric,North,Lucknow,Sneha Reddy,1,1331000.0,0.0,1331000.0,162049.76
SL-6916,2024-12-18,Ford,Endeavour,SUV,Diesel,South,Hyderabad,Rohit Verma,1,1309000.0,0.0,1309000.0,143864.56
SL-6769,2024-12-19,Ford,EcoSport,SUV,Diesel,Central,Indore,Rohit Verma,1,2748000.0,0.08,2528160.0,110708.77
SL-7929,2024-12-19,Mahindra,Bolero,SUV,CNG,Central,Nagpur,Kavita Joshi,2,1102000.0,0.02,2159920.0,289431.6
SL-8932,2024-12-19,Mahindra,Bolero,SUV,Diesel,East,Patna,Kavita Joshi,3,1426000.0,0.0,4278000.0,553589.94
SL-8735,2024-12-19,Honda,CR-V,SUV,Petrol,West,Ahmedabad,Vikram Iyer,2,1025000.0,0.02,2009000.0,174394.88
SL-6672,2024-12-20,Mahindra,Scorpio,SUV,Petrol,North,Chandigarh,Rahul Sharma,1,2603000.0,0.02,2550940.0,208475.49
SL-5815,2024-12-20,Ford,Figo,Hatchback,Petrol,East,Kolkata,Rohit Verma,3,807000.0,0.0,2421000.0,508695.93
SL-9220,2024-12-20,Hyundai,Creta,SUV,Petrol,East,Kolkata,Priya Singh,2,2562000.0,0.02,5021520.0,848757.38
SL-9134,2024-12-20,Toyota,Camry,Sedan,Diesel,North,Lucknow,Rahul Sharma,2,1071000.0,0.0,2142000.0,448610.96
SL-7552,2024-12-20,Mahindra,Thar,SUV,Petrol,West,Ahmedabad,Sneha Reddy,1,1896000.0,0.02,1858080.0,224882.99
SL-5307,2024-12-20,Toyota,Fortuner,SUV,Diesel,West,Pune,Amit Patel,3,1222000.0,0.05,3482700.0,567789.19
SL-7501,2024-12-20,Toyota,Fortuner,SUV,Diesel,West,Pune,Anjali Desai,2,1517000.0,0.02,2973320.0,314861.58
SL-9333,2024-12-20,Ford,Figo,Hatchback,Diesel,East,Bhubaneswar,Priya Singh,3,662000.0,0.0,1986000.0,350235.57
SL-8495,2024-12-21,Toyota,Innova,MPV,Petrol,West,Pune,Arjun Nair,3,1505000.0,0.05,4289250.0,735125.42
SL-8867,2024-12-21,Mahindra,Bolero,SUV,Diesel,North,Delhi,Kavita Joshi,2,1850000.0,0.08,3404000.0,89888.0
SL-8202,2024-12-21,Kia,Carens,MPV,Petrol,North,Lucknow,Neha Gupta,2,1639000.0,0.0,3278000.0,328973.23
SL-8488,2024-12-21,Kia,Seltos,SUV,Electric,South,Bengaluru,Sneha Reddy,3,1230000.0,0.08,3394800.0,141704.93
SL-5196,2024-12-22,Toyota,Corolla,Sedan,CNG,West,Pune,Anjali Desai,3,1323000.0,0.0,3969000.0,582277.67
SL-7669,2024-12-22,Maruti Suzuki,Ertiga,MPV,Petrol,West,Ahmedabad,Amit Patel,3,1613000.0,0.0,4839000.0,537898.52
SL-6369,2024-12-22,Honda,Civic,Sedan,Diesel,South,Chennai,Rohit Verma,1,1416000.0,0.05,1345200.0,195737.16
SL-9079,2024-12-22,Toyota,Innova,MPV,Diesel,Central,Nagpur,Anjali Desai,1,1166000.0,0.08,1072720.0,51566.7
SL-5365,2024-12-22,Toyota,Corolla,Sedan,Diesel,South,Chennai,Rohit Verma,1,1261000.0,0.05,1197950.0,208606.78
SL-5821,2024-12-22,Maruti Suzuki,Ertiga,MPV,Petrol,Central,Indore,Arjun Nair,2,1849000.0,0.0,3698000.0,399734.66
SL-6502,2024-12-22,Mahindra,Thar,SUV,Petrol,East,Bhubaneswar,Rahul Sharma,3,2097000.0,0.05,5976450.0,939054.06
SL-7904,2024-12-22,Tata,Harrier,SUV,Diesel,West,Ahmedabad,Neha Gupta,2,1702000.0,0.02,3335920.0,441252.95
SL-8121,2024-12-22,Toyota,Innova,MPV,Diesel,West,Ahmedabad,Sneha Reddy,2,1073000.0,0.05,2038700.0,267370.32
SL-5844,2024-12-22,Kia,Carens,MPV,Diesel,South,Bengaluru,Arjun Nair,1,1566000.0,0.05,1487700.0,138713.07
SL-5460,2024-12-23,Maruti Suzuki,Baleno,Hatchback,CNG,North,Chandigarh,Kavita Joshi,1,604000.0,0.02,591920.0,63059.18
SL-6009,2024-12-23,Toyota,Corolla,Sedan,Petrol,East,Kolkata,Kavita Joshi,1,939000.0,0.02,920220.0,102786.15
SL-5577,2024-12-23,Kia,Sonet,SUV,Petrol,Central,Bhopal,Amit Patel,2,2073000.0,0.0,4146000.0,638640.91
SL-6189,2024-12-23,Mahindra,Bolero,SUV,Diesel,Central,Nagpur,Kavita Joshi,2,1252000.0,0.02,2453920.0,320258.87
SL-7357,2024-12-23,Mahindra,Thar,SUV,Diesel,North,Lucknow,Vikram Iyer,2,1475000.0,0.02,2891000.0,455028.49
SL-5706,2024-12-23,Honda,Amaze,Sedan,CNG,West,Mumbai,Anjali Desai,2,1047000.0,0.02,2052120.0,328454.0
SL-9033,2024-12-24,Kia,Seltos,SUV,Diesel,East,Bhubaneswar,Sneha Reddy,2,1470000.0,0.05,2793000.0,223823.46
SL-6932,2024-12-24,Kia,Sonet,SUV,Electric,East,Bhubaneswar,Anjali Desai,2,2793000.0,0.0,5586000.0,645665.83
SL-6040,2024-12-24,Tata,Altroz,Hatchback,CNG,West,Ahmedabad,Arjun Nair,2,671000.0,0.05,1274900.0,171937.86
SL-5044,2024-12-24,Ford,EcoSport,SUV,CNG,Central,Nagpur,Amit Patel,2,2104000.0,0.08,3871360.0,566286.38
SL-8817,2024-12-25,Honda,City,Sedan,Petrol,South,Hyderabad,Vikram Iyer,3,1386000.0,0.02,4074840.0,665190.93
SL-7294,2024-12-25,Toyota,Corolla,Sedan,Diesel,Central,Nagpur,Kavita Joshi,3,1118000.0,0.02,3286920.0,356625.52
SL-8762,2024-12-25,Hyundai,Verna,Sedan,Diesel,East,Bhubaneswar,Amit Patel,1,1150000.0,0.08,1058000.0,27562.69
SL-9085,2024-12-25,Hyundai,i20,Hatchback,Diesel,South,Hyderabad,Priya Singh,1,810000.0,0.0,810000.0,124448.42
SL-8980,2024-12-25,Hyundai,i20,Hatchback,Diesel,West,Pune,Priya Singh,1,874000.0,0.0,874000.0,96994.67
SL-9329,2024-12-25,Maruti Suzuki,Ertiga,MPV,Diesel,West,Ahmedabad,Amit Patel,2,1713000.0,0.05,3254700.0,393212.03
SL-8366,2024-12-25,Toyota,Innova,MPV,Diesel,East,Patna,Priya Singh,2,1312000.0,0.0,2624000.0,266351.88
SL-5960,2024-12-25,Hyundai,Venue,SUV,Diesel,South,Hyderabad,Rahul Sharma,3,2693000.0,0.0,8079000.0,1512032.71
SL-8481,2024-12-25,Ford,EcoSport,SUV,CNG,West,Mumbai,Anjali Desai,3,2204000.0,0.0,6612000.0,1334886.47
SL-8834,2024-12-25,Hyundai,Creta,SUV,Petrol,South,Hyderabad,Kavita Joshi,2,1203000.0,0.08,2213520.0,162795.02
SL-8636,2024-12-25,Toyota,Corolla,Sedan,Diesel,East,Kolkata,Vikram Iyer,2,1197000.0,0.05,2274300.0,268908.89
SL-8565,2024-12-26,Mahindra,Scorpio,SUV,Diesel,Central,Indore,Priya Singh,3,2302000.0,0.02,6767880.0,721436.07
SL-7811,2024-12-26,Tata,Harrier,SUV,Diesel,Central,Indore,Vikram Iyer,3,1540000.0,0.0,4620000.0,860399.81
SL-5154,2024-12-26,Kia,Seltos,SUV,CNG,North,Lucknow,Kavita Joshi,1,1798000.0,0.05,1708100.0,163466.49
SL-6479,2024-12-26,Mahindra,Bolero,SUV,Diesel,East,Bhubaneswar,Priya Singh,3,1372000.0,0.02,4033680.0,818373.3
SL-7956,2024-12-27,Maruti Suzuki,Brezza,SUV,Petrol,South,Hyderabad,Kavita Joshi,2,2781000.0,0.0,5562000.0,1075335.48
SL-7338,2024-12-27,Mahindra,Thar,SUV,Diesel,South,Bengaluru,Amit Patel,1,1386000.0,0.02,1358280.0,200255.37
SL-6710,2024-12-27,Toyota,Fortuner,SUV,CNG,South,Hyderabad,Anjali Desai,2,1189000.0,0.0,2378000.0,240283.83
SL-8733,2024-12-27,Ford,EcoSport,SUV,Diesel,Central,Indore,Arjun Nair,3,1447000.0,0.02,4254180.0,416829.83
SL-7561,2024-12-27,Maruti Suzuki,Baleno,Hatchback,Petrol,Central,Indore,Vikram Iyer,3,720000.0,0.05,2052000.0,108069.44
SL-8061,2024-12-28,Mahindra,Bolero,SUV,Petrol,East,Patna,Kavita Joshi,2,1615000.0,0.02,3165400.0,344781.64
SL-8812,2024-12-28,Maruti Suzuki,Baleno,Hatchback,CNG,South,Hyderabad,Amit Patel,3,769000.0,0.0,2307000.0,486718.87
SL-6953,2024-12-28,Kia,Sonet,SUV,Diesel,Central,Indore,Kavita Joshi,3,2262000.0,0.05,6446700.0,886087.28
SL-7126,2024-12-28,Tata,Harrier,SUV,Diesel,Central,Nagpur,Vikram Iyer,2,1187000.0,0.02,2326520.0,254185.59
SL-5185,2024-12-28,Honda,Civic,Sedan,Petrol,East,Bhubaneswar,Anjali Desai,2,978000.0,0.0,1956000.0,324613.62
SL-7860,2024-12-29,Honda,City,Sedan,Electric,West,Ahmedabad,Kavita Joshi,2,1740000.0,0.05,3306000.0,360012.49
SL-6343,2024-12-29,Honda,Civic,Sedan,Petrol,East,Kolkata,Rohit Verma,3,1597000.0,0.0,4791000.0,496126.93
SL-7944,2024-12-29,Maruti Suzuki,Baleno,Hatchback,Diesel,West,Mumbai,Anjali Desai,2,800000.0,0.0,1600000.0,231396.87
SL-7033,2024-12-29,Maruti Suzuki,Baleno,Hatchback,Petrol,East,Kolkata,Neha Gupta,1,813000.0,0.0,813000.0,157536.53
SL-8570,2024-12-30,Maruti Suzuki,Swift,Hatchback,Petrol,Central,Nagpur,Sneha Reddy,1,744000.0,0.08,684480.0,45031.79
SL-6770,2024-12-30,Mahindra,XUV700,SUV,Petrol,Central,Nagpur,Rohit Verma,3,1073000.0,0.02,3154620.0,482720.52
SL-5855,2024-12-30,Tata,Nexon,SUV,Petrol,Central,Indore,Rahul Sharma,1,1142000.0,0.0,1142000.0,126030.72
SL-5426,2024-12-30,Maruti Suzuki,Swift,Hatchback,Diesel,Central,Nagpur,Kavita Joshi,2,800000.0,0.1,1440000.0,145468.09
SL-9311,2024-12-30,Maruti Suzuki,Brezza,SUV,Petrol,East,Patna,Sneha Reddy,1,1747000.0,0.0,1747000.0,352852.68
SL-6840,2024-12-31,Tata,Nexon,SUV,Diesel,West,Mumbai,Amit Patel,2,2296000.0,0.02,4500160.0,449933.07
SL-6842,2024-12-31,Maruti Suzuki,Baleno,Hatchback,Petrol,South,Chennai,Kavita Joshi,3,735000.0,0.08,2028600.0,84515.45
SL-6712,2024-12-31,Toyota,Corolla,Sedan,Electric,West,Mumbai,Kavita Joshi,1,1522000.0,0.1,1369800.0,81786.99
SL-6226,2024-12-31,Ford,Figo,Hatchback,Petrol,North,Chandigarh,Rohit Verma,2,831000.0,0.0,1662000.0,268110.37
SL-8022,2024-12-31,Kia,Sonet,SUV,Diesel,South,Hyderabad,Kavita Joshi,2,2505000.0,0.02,4909800.0,659941.03
SL-8069,2024-12-31,Ford,EcoSport,SUV,Diesel,East,Bhubaneswar,Amit Patel,1,1934000.0,0.05,1837300.0,203372.53
SL-8288,2024-12-31,Honda,Civic,Sedan,Petrol,South,Bengaluru,Vikram Iyer,3,1155000.0,0.0,3465000.0,515852.12
